Date,SPY,QQQ,TLT,GLD,HYG
2014-12-23,0.001348784360880105,-0.0035441659286944084,-0.02003448033250871,0.0016866692377105724,0.0035493663176528454
2014-12-24,9.590927346633884e-05,0.0008631865835479658,0.0054282907559413335,0.00026605277109273347,0.0033961278456850737
2014-12-26,0.0032195617530820513,0.007069968964765831,0.0037042342687749236,0.018102473257655193,-0.003106756018296106
2014-12-29,0.0013423346960613617,-0.00019045658977210844,0.007447203569840965,-0.010153292143778678,0.0005539788914713167
2014-12-30,-0.005380183939646251,-0.00668790054108561,0.0027091996814616382,0.013370224180731385,-0.0020010401790652604
2014-12-31,-0.009972851473521727,-0.010309669041780883,0.001907912239365951,-0.014162271200273567,-0.0026747492048036607
2015-01-02,-0.0005351437143559998,-0.0030070034810688196,0.011056920334244233,0.0043925221460414865,0.0
2015-01-05,-0.018224551306914097,-0.014777569989328132,0.01558596579635466,0.014964618775983719,-0.009306173073580119
2015-01-06,-0.009463723195951332,-0.013498959354482613,0.01785717457085422,0.01133448217141997,-0.0038375921415791953
2015-01-07,0.012384052641051567,0.012808463573482,-0.00197657495107344,-0.005908836993974842,0.006200198222687679
2015-01-08,0.01758960393172633,0.01895906055640847,-0.013331499370573036,-0.004217399700950183,0.0075018248727007535
2015-01-09,-0.008045683129730042,-0.0066045275843812515,0.010892930606759013,0.011320872784880804,0.005006858422704522
2015-01-12,-0.007864726398602596,-0.010481683877192028,0.00570569216200944,0.011025431201653892,-0.001221550450076511
2015-01-13,-0.002816629380997609,-0.0002955187175376228,0.0,-0.003379471739693634,0.0
2015-01-14,-0.006055659608535166,-0.005531452128183262,0.007557645134928533,-0.0016093040146014643,-0.002335978422786826
2015-01-15,-0.009202634426054707,-0.01306017336852209,0.015612939747347043,0.024864209830664365,-0.006145577193448776
2015-01-16,0.013028949220942278,0.011672433839067192,-0.012831326293204819,0.01297967953352017,0.003803172415468497
2015-01-20,0.0021303682858502325,0.007903996432434349,0.013201934649405576,0.013618890362551296,-0.0017889461463255056
2015-01-21,0.005035718789081598,0.005104172001579921,-0.011626371222020633,0.00024156831944978564,0.005355041445897769
2015-01-22,0.014761089647433799,0.018334541541136947,-0.0036051589266785453,0.008017360134577187,0.0013340734391398216
2015-01-23,-0.005498183492718496,0.0022085451979860613,0.013822581551783845,-0.008017360134577146,0.0
2015-01-26,0.0023393613610657674,-0.001151523146493746,-0.003046811012534747,-0.010031679362329541,0.0045453144824566995
2015-01-27,-0.013278267995716438,-0.026268607699546278,0.0015616175734368067,0.011399158685807192,-0.0007741672222732345
2015-01-28,-0.012907091740759193,-0.005139567642934832,0.016215814548980623,-0.007909034514030033,-0.0021061929662213237
2015-01-29,0.009200970098900493,0.009565705337185345,-0.006601955874619422,-0.02178803552843412,0.0035433539242881763
2015-01-30,-0.01265473079768425,-0.007783541642649081,0.01758205371886371,0.022031068542067805,-0.0027666844368802934
2015-02-02,0.012308207428120431,0.008666700334689494,-0.003782536731221617,-0.008378450604819716,0.0038311971241180983
2015-02-03,0.014357376356108861,0.009563649419080429,-0.021393614683999557,-0.011254031870982083,0.0056380355209466595
2015-02-04,-0.003814791281358978,-0.0008745065906794178,0.0017073160499868577,0.004368788786280421,-0.004197140668977825
2015-02-05,0.010044635755398379,0.008614451807711355,-0.01104026586190557,0.0017257602352123193,0.0058491292902413915
2015-02-06,-0.0027696852479613394,-0.006090442872564327,-0.01785930004635116,-0.026204564931172653,0.0007701462809584635
2015-02-09,-0.004485704137779356,-0.0032045121489270765,-0.0016055067691202875,0.004457337052542182,-0.00242213490222195
2015-02-10,0.010597124332807965,0.015444256734941902,-0.007985620107875525,-0.005891255467082124,0.003411586191654357
2015-02-11,0.0005798112781439218,0.0036329494741242645,0.0018485474591521881,-0.01188773038576783,-0.00033048994281701874
2015-02-12,0.009570921249753152,0.01157624861073666,-0.003314384319310542,0.0023036284035265445,-0.00010919743763464001
2015-02-13,0.00410808539729207,0.008548578872017857,-0.010321878546707316,0.005439474740014081,0.001427223922728886
2015-02-17,0.0015717668488174719,0.0009347113225329622,-0.01517002002653315,-0.016838734326833547,-0.00065871798344837
2015-02-18,9.527271513423343e-05,0.0014009351691910037,0.005922086370163793,0.0028404943034609498,0.0033985595553512036
2015-02-19,-0.0007142816514583083,0.004933580630959377,-0.006634988532331983,-0.003444070035884628,-0.00230109323533911
2015-02-20,0.005982432513394435,0.00666367066056222,0.0029274638546696718,-0.005708895866845205,0.0027384857571877315
2015-02-23,-0.00014176696279262081,0.0010138011494139076,0.01139381437805416,0.0013003471683988895,0.0007659876368228724
2015-02-24,0.0028365112451206272,0.0007370546500791698,0.013040622650273484,-0.0014738237281034486,0.0009835360324742352
2015-02-25,-0.0008499251240187823,-0.002489049038016381,0.0043098431901087845,0.003810143280624359,0.0032706587597731555
2015-02-26,-0.0011818410443338613,0.005064317893194761,-0.013762752417773404,0.003192846928133665,-0.00021850646043758838
2015-02-27,-0.0034120333136269192,-0.004418311490609904,0.008373050696180577,0.000775127851616969,0.00021850646043759583
2015-03-02,0.006293614341836741,0.00899985822046186,-0.0188021005935724,-0.004140821554351363,-0.0001859055492895525
2015-03-03,-0.004112712500819195,-0.004673259230242079,-0.003632749669208036,-0.0018169945131893267,-0.0028465529100886017
2015-03-04,-0.004224298559861063,-0.003865826433897424,0.000316833493028508,-0.0031225683060647487,-0.0018658018276825712
2015-03-05,0.0010935399350718758,0.0017505172569582637,-0.0012666816999658205,-0.0009560698660537595,0.0018658018276824404
2015-03-06,-0.014164491429825486,-0.011386150312304263,-0.02233933467874043,-0.027684033513420175,-0.006379894975839587
2015-03-09,0.004136229641047745,0.002882120577910225,0.00918833580117896,0.0009828943243309087,-0.0021000737928478035
2015-03-10,-0.016355180769283252,-0.018741409987667802,0.013071929632147613,-0.004924161015297649,-0.0038767095745889375
2015-03-11,-0.0023443694182398557,-0.00578654399778827,0.007259124542336001,-0.006031419233618076,0.0027714286214112357
2015-03-12,0.012633731177976292,0.006542954835513244,-0.0007077513104365255,-0.0002709060307489861,0.0019901136925548225
2015-03-13,-0.006151061020483384,-0.0043569992730972595,-0.0030732241985099683,0.0014440077763354022,-0.003431045459177331
2015-03-16,0.013272019932614119,0.012827622837724026,0.009581790969064983,-0.0006315097549614711,-0.000998138922363279
2015-03-17,-0.002976845921475936,0.0015918862803339375,0.008250681060336353,-0.005429372519536195,-0.005006246681578714
2015-03-18,0.011949967807669503,0.009777309592132818,0.01911861206240833,0.019409393965783985,0.00888323634124238
2015-03-19,-0.004572002278682039,0.0014812908366016193,-0.0051080282716941565,-0.0007122036244302048,-0.007991045462498247
2015-03-20,0.008787925942669007,0.006452392165586094,0.00525989533286417,0.011334565478751316,0.007769925550320811
2015-03-23,-0.0019505111177455616,-0.0019371698698652236,-0.001217674322040952,0.006319701703631724,0.0007733146340542791
2015-03-24,-0.005634997707976962,-0.0036069178065063607,0.009622688692167107,0.002446901321801825,0.0015464000810454961
2015-03-25,-0.014762106194070791,-0.023151066894393082,-0.008480703958962943,0.001395583828601838,-0.0026514079517909283
2015-03-26,-0.0023839087567337873,-0.003419325281798445,-0.01571197943827333,0.006515812793653495,-0.00011077166735303141
2015-03-27,0.0022868656546009146,0.003988392295024452,0.01236015121195828,-0.0036436736475295383,0.0007742830056283638
2015-03-30,0.012126333344434042,0.011401452402908008,-0.00497192582143335,-0.011450652385538355,0.0027594982154937778
2015-03-31,-0.008778015886893167,-0.010643618721024893,0.0021450913531202175,-0.000791489742224147,-0.0012135882107903208
2015-04-01,-0.0035428800563852775,-0.005222334680308244,0.013049206791637442,0.016924374949796855,0.0020601808665798417
2015-04-02,0.003591195937588096,0.0006663782589558283,-0.010652103033776847,-0.002772001936393702,0.0007738618331408084
2015-04-06,0.006710416077371152,0.008148000743500791,-0.005599962707316574,0.012156925637931892,0.0025402131805047296
2015-04-07,-0.0026499646766082467,-0.0017001257352919803,0.008349659692261742,-0.004982843844589143,0.005277708096540828
2015-04-08,0.0033719729230113726,0.007908166209819578,0.0003050467568324969,-0.005527256360212914,-0.00021918813545197905
2015-04-09,0.004413278500493717,0.00626312037322863,-0.013049333879560613,-0.006952344453191623,-0.0009878707083668299
2015-04-10,0.005442302147792047,0.004092192856172121,0.0014677006186316467,0.011273125412459931,0.0023035926835802455
2015-04-13,-0.004532722186876461,-0.002509195741610744,0.0013876480595950956,-0.007182773547924921,-0.001864831315037273
2015-04-14,0.0019109406273887706,-0.002888275593917973,0.007062291379954937,-0.006098084431298223,0.00043918781602295847
2015-04-15,0.004477216414954022,0.006232088141290167,-0.0008412714273411569,0.008613598755223903,0.003942339338140858
2015-04-16,-0.0002853084316515607,-0.0013918260612580786,-0.00498879083105154,-0.0034713349747602833,-0.002078480522273514
2015-04-17,-0.011570474849723235,-0.01572331874387255,0.01139926728062745,0.004942989742755055,-0.0030711603142412145
2015-04-20,0.009095323147073226,0.01488746191098767,-0.00886376362298597,-0.007641555546604684,0.0021943057147550426
2015-04-21,-0.001191673861532268,0.004265816604066723,-0.004538383532037185,0.005736617532052148,0.0006569986231841836
2015-04-22,0.004901932749498085,0.005444831691537931,-0.015384502896932498,-0.013524881601083907,-0.0009856598734027465
2015-04-23,0.002513319725042219,0.003766757755974715,0.004297487596132247,0.007265135996097461,-0.0003292333069097821
2015-04-24,0.002317489853991933,0.01347919288938369,0.0062177942256075504,-0.014141033700353254,0.0016437711430288347
2015-04-27,-0.004166066940192327,-0.0025362863287597777,0.0,0.01996737439576267,0.00032861547464761536
2015-04-28,0.003173502117690593,-0.0019971251659830023,-0.013887439991506524,0.008633395454348151,-0.0015331495254588153
2015-04-29,-0.004122932073822935,-0.0062903635625446,-0.012330638151382823,-0.007073870774361553,-0.001865516500562102
2015-04-30,-0.01007126694927278,-0.01585425575288911,0.001747726005206902,-0.01781862923365432,-0.0005496177738562974
2015-05-01,0.010782833337279512,0.013107182625720548,-0.013552258306719607,-0.003442946542885586,0.002227587169666301
2015-05-04,0.002843655901525771,0.0016493467251183524,-0.009480808093544655,0.0089796944769085,-0.00022052493374264865
2015-05-05,-0.011518070729164021,-0.0164303385065802,-0.0013847718229146894,0.0028006293425995657,-0.0013222359899123688
2015-05-06,-0.004125312333331558,-0.006910793595684837,-0.01726858453641219,-0.0005245000462393765,-0.002983555138266734
2015-05-07,0.003981799965867221,0.005979885077894208,0.013347695331795986,-0.008253646349355704,-0.00011021288612609144
2015-05-08,0.013079948791368205,0.012404946994591328,0.002697321005992002,0.0048375401365222245,0.007824988303021663
2015-05-11,-0.004784050048737787,-0.0038716913063164436,-0.024625511031858362,-0.003868158154194018,-0.00627783850906344
2015-05-12,-0.002995746995905482,-0.004535628779239042,0.0025899573108948823,0.008507714570103646,-0.00011028730863300352
2015-05-13,0.0001905972190955295,0.002038882463584453,-0.008042409005653254,0.017745568671579635,-0.001436862485325264
2015-05-14,0.010373605223372476,0.014523550564527574,0.0026873487435484333,0.005390825055101934,0.004856464179748248
2015-05-15,0.001083216995243554,0.0,0.01985257411674265,0.0029823930374759115,0.0022000895889889138
2015-05-18,0.0031017916803799494,0.004371081008860757,-0.016920219999666256,-8.510645761585739e-05,-0.0016494201013271036
2015-05-19,-0.00032863888247756197,-0.0010910180623595065,-0.008905838672277462,-0.013967043221181913,-0.0015418811023837557
2015-05-20,-0.0007041075611050935,0.0006366723875007122,0.0016859102480423372,0.0016381642703537944,-0.0012133417032654144
2015-05-21,0.002908108044732615,0.005167958886983493,0.013889501030129169,-0.0033654032062089196,0.001433137184494501
2015-05-22,-0.0023917313421768635,-0.0009956997060967916,0.0004154023050047833,-0.0007782781051664031,0.0007714161334927885
2015-05-26,-0.010809824697039346,-0.011562598326661731,0.016965038684141693,-0.014727247977664972,-0.002093780249672949
2015-05-27,0.009447395924683284,0.01598862632859832,0.002283675372802161,-0.00017563013383993815,0.0022033046399251395
2015-05-28,-0.0011288369487444563,-0.002255631922893905,-0.002447123689210211,0.0011407772346871212,-0.00044025727041865285
2015-05-29,-0.006232357401473302,-0.0059792828067849555,0.002202586294948913,0.0007014013330434771,0.001431459936161152
2015-06-01,0.002034367739753002,0.003356302638403927,-0.01080566934489536,-0.0008767951003625541,0.0016784995009602108
2015-06-02,-0.0009928531610123932,-0.003174439831420513,-0.014050032850574174,0.0040269605877943865,-0.0018772638268931346
2015-06-03,0.0026459429758183863,0.002993378881377518,-0.0162055822870788,-0.0071898573672245485,-0.005430309424809262
2015-06-04,-0.008482145407268465,-0.007637722788733388,0.012934870635619973,-0.0070646979352704175,-0.003226902470957866
2015-06-05,-0.0017148174297111445,-0.0023760096849210323,-0.012254186397107734,-0.005331436918291504,-0.003014250683401356
2015-06-08,-0.006168640191106376,-0.010207329621428951,-0.0011066936613985702,0.0029358308942225293,0.0
2015-06-09,-0.00014380146719963053,-0.0016649843927930331,-0.007948369192515055,0.002218377951124773,-0.0016783266658385995
2015-06-10,0.011921464115239581,0.013608883809411415,-0.008790712487770283,0.008473122987024092,0.0013426052214557578
2015-06-11,0.003218366823930116,0.0014605010269574477,0.02081674188682635,-0.00458066904691928,0.0020106900238795453
2015-06-12,-0.007684260668265966,-0.008241792895488015,0.0,-0.0002649015739743867,-0.0036895807078922544
2015-06-15,-0.004294589000069358,-0.004977695114177885,0.0016103507095021853,0.004406069740065375,-0.004716212326946762
2015-06-16,0.0054368508015111535,0.00543776127710627,0.007840874257621894,-0.0036115754437751487,0.005612174823604759
2015-06-17,0.001615835359411071,0.0027532238244276745,-0.00775635445867541,0.004666106837939518,-0.0008959624966580765
2015-06-18,0.010345758665638846,0.01446861906782233,-0.004921764987968106,0.012829091016651683,0.0036895807078921785
2015-06-19,-0.004449330348209122,-0.004956361015946854,0.012762243686025599,-0.0017357836863243674,0.0005588174177972749
2015-06-22,0.005110215778545336,0.007344136083232389,-0.02061767981379767,-0.012939534822473103,0.0020056131473419466
2015-06-23,0.0007076937141578239,0.0008124632542400473,-0.0060188407929887095,-0.006621663748214055,-0.0006684801517746967
2015-06-24,-0.007289392197733469,-0.005157835457438689,0.008587590426615001,-0.002661018577875129,-0.0026773834063923843
2015-06-25,-0.0030452037125488986,-0.001998301804599546,-0.0035124484253908775,-0.0013331015376761225,-0.003020502906463966
2015-06-26,-0.00019060615963909823,-0.006658309498143567,-0.011304458477841558,0.0010666233650124298,-0.002917272024002135
2015-06-29,-0.021192980651329893,-0.023894424595923128,0.026125152890962094,0.004520702131842665,-0.006877964218451347
2015-06-30,0.0020912728929355787,0.0035556149838964924,-0.006957155558416612,-0.006210070886037382,0.004741173725755485
2015-07-01,0.007983126890151269,0.007906990760687401,-0.013589907994558474,-0.003476708463396305,0.00016934254685381248
2015-07-02,-0.0009157431219902717,0.0002779483717103817,0.0032814378231841063,-0.0019665798355693646,0.0037248840658011513
2015-07-06,-0.0028503396147229578,-0.0023182674563851447,0.018364744070445593,0.002680686287387427,-0.003272552738534391
2015-07-07,0.006269124313766527,0.0025036256612624404,0.009351066224539219,-0.011668702760757443,0.0007904984313346805
2015-07-08,-0.016919808565566078,-0.017565621443876796,0.008599224755351575,0.0029749330386005784,-0.004981719455885952
2015-07-09,0.001807336145278496,-0.0005658803198674592,-0.01989888582902958,0.002427551438613741,0.002267358839926392
2015-07-10,0.012512959957714731,0.015163407856653524,-0.01598569002342381,0.001166679551747385,0.00575965647262611
2015-07-13,0.010977005342333923,0.01740422874530638,-0.0031065833963267904,-0.004494793701909413,0.0008999635437766941
2015-07-14,0.004328703362750517,0.006551587472579654,0.0032790943184969382,-0.00225499581251802,-0.0010124767784996666
2015-07-15,-0.0003325472891460398,0.0010877577698508605,0.010541243242759991,-0.005251204440368454,0.0
2015-07-16,0.007992512974075062,0.014033999095200747,0.006881643454554285,-0.0036377042236319986,0.0015755208875523413
2015-07-17,0.0008472567978116931,0.014632415466674969,0.00515195315481796,-0.010164462693893107,-0.0027023698203007523
2015-07-20,0.0005175203630706429,0.003427706348830892,-0.004220710373243113,-0.02752685674211234,-0.004633693910789135
2015-07-21,-0.003959036807727364,-0.0006143871739498542,0.0053987703726922865,-0.003126872326802464,-0.001814013056224149
2015-07-22,-0.0017960371476149707,-0.01138903782070631,0.00620662849677465,-0.005424190670740339,-0.0064894703625209054
2015-07-23,-0.005646002314405218,-0.003736591207773768,0.012381072148804777,-0.00449483097628429,-0.000571842110219574
2015-07-24,-0.010426268938736176,-0.009852289139963897,0.002474427624498159,0.009729155735813993,-0.002860537637931798
2015-07-27,-0.005834180381755468,-0.008315428121818852,0.0053404903059262,-0.004661992801277996,-0.004249390198559201
2015-07-28,0.012208247087817896,0.008585123973790725,-0.0073190926445260845,0.0015246432799856059,0.005395144897564544
2015-07-29,0.0068558594123091475,0.0037724275792816427,-0.0037214842732033334,0.0014272948765040416,0.005821693608939048
2015-07-30,0.00023709113314511024,0.004740062013185913,0.007675126367026746,-0.00859441451463339,0.0029544018027280144
2015-07-31,-0.0015192619679777566,-0.0011610655400119297,0.007372577742713482,0.006309807471318708,-0.001703734819199667
2015-08-03,-0.003378613428038078,-0.003130837355986072,0.010470931123178682,-0.007941503115089978,-0.0018742897098632536
2015-08-04,-0.0019561779105710764,-0.0018835154591488185,-0.007963113056923396,0.002015250319480653,0.0005720715649436911
2015-08-05,0.003289849025215479,0.007690864233509967,-0.007534408731234612,-0.003649612745895922,-0.0013732999253782056
2015-08-06,-0.008221405169565116,-0.01616549248911472,0.008838861767957465,0.004416281036678492,-0.004130535241336163
2015-08-07,-0.0019218020553711836,-0.001268310957145586,0.013032758370823997,0.0024875838994236877,-0.0031090766985575734
2015-08-10,0.012520870533322695,0.011357523962062627,-0.012462552238125679,0.010172637809864738,0.0028791678683012406
2015-08-11,-0.009064404699078201,-0.012899642031067861,0.01575439865858868,0.005094839843947383,-0.004610271957930423
2015-08-12,0.001197250868711331,0.0034440566665928925,-0.005465510649038058,0.013924787857253812,-0.001386787756154579
2015-08-13,-0.0012451707312352283,-0.0016302365242142599,-0.0032292693818019953,-0.008294156742538458,-0.001273100980586274
2015-08-14,0.0036358188483621976,0.0015398498507878716,0.0023419494250345218,-9.36047567321894e-05,0.0005782636244369668
2015-08-17,0.005571299603252173,0.00829040100089285,0.004507753056465163,0.0026170571520377807,0.0
2015-08-18,-0.0029009432545451398,-0.00512828433682974,-0.007901001037645993,-0.00018667516172391786,-0.0012741470140889958
2015-08-19,-0.00793673026505442,-0.006606936061423328,0.009826692155164896,0.013354574963244535,-0.0009278484494572634
2015-08-20,-0.021102339047306563,-0.028085249320382106,0.010048261099272024,0.017261484729986225,-0.004884409982209241
2015-08-21,-0.03056522454068189,-0.0446891657094335,0.003011105386473506,0.006228253314387141,-0.0036213236896899086
2015-08-24,-0.04301901469477889,-0.039236608939177416,-0.00031648828963859167,-0.005413696203742859,-0.008224825474852126
2015-08-25,-0.011837427912318142,-0.003764882280948801,-0.016195719582753943,-0.012472236890549283,0.0020035378798899557
2015-08-26,0.03767501504920523,0.049134736597092006,-0.019491725016641735,-0.013743752566773907,0.008325541006725688
2015-08-27,0.024434013950306335,0.02501701716777743,0.0005737746738443788,0.0005571512452685862,0.007445490075119748
2015-08-28,5.054615862018068e-05,-0.00018952521092638488,0.002946225742543286,0.00896363798539372,0.0009267203238983036
2015-08-31,-0.00811235577248895,-0.012480609929335095,-0.007711826028126654,0.0011033722012558356,-0.0013903224289615152
2015-09-01,-0.03030187956983009,-0.031751552001529335,0.007179490477346838,0.00348589711093372,-0.003231667999315902
2015-09-02,0.01880290166329618,0.027813459891571995,-0.008641322966787586,-0.005325457471451406,0.0040817085516509635
2015-09-03,0.000716316138524749,-0.004920950926573946,0.004864458861528226,-0.00720696468758582,0.0013947510268591048
2015-09-04,-0.015252625060083768,-0.011967693662942808,0.00908929593848284,-0.0032508130940551347,-0.0010464022422885142
2015-09-08,0.02482078041990227,0.02780102592083817,-0.014863416099114238,0.0002790454421465056,0.005452477636461402
2015-09-09,-0.01346198257699261,-0.011297737744759567,0.0047871953734533405,-0.013012113659039884,-0.001272543744928296
2015-09-10,0.005426944288173296,0.010821425746042194,-0.0067751101907495975,0.002352831601258748,0.002429207905559242
2015-09-11,0.004534009391204211,0.005509642384531756,0.0062802510879115475,-0.002070138975493721,-0.0003465319700454332
2015-09-14,-0.0037173631733403863,-0.00303645749950257,0.0015636404728671415,0.0005650019663848919,-0.0017363798426673317
2015-09-15,0.012421822019455601,0.011713037731617117,-0.01934952388602499,-0.003017159470430642,-0.00023119683998209928
2015-09-16,0.008629344600992479,0.005618429428472601,-0.003780957767057093,0.013226552172031262,-0.0035975771944489828
2015-09-17,-0.002250693860074523,0.0003735037678909809,0.012131568396908415,0.01019855026531129,0.000813511433003121
2015-09-18,-0.01647629566933371,-0.014325445799367283,0.015267094904220945,0.007352256373074212,-0.0027908746299695098
2015-09-21,0.005154199023674841,0.0031277134470550985,-0.01643185714133826,-0.006246004616141289,-0.001866046243364831
2015-09-22,-0.013064646691180595,-0.015063458918959978,0.013808567174419483,-0.006841722923155944,-0.00726201329135457
2015-09-23,-0.0016001289093817066,0.0007680326312556739,-8.283570168655958e-05,0.00398130520726097,-0.00176388958339857
2015-09-24,-0.003622121602146538,-0.0036541358520897427,0.006793070489724446,0.02075879629651289,-0.004959065236774737
2015-09-25,-0.00025929330040545367,-0.008514002329074925,-0.00868353712118739,-0.006173422414314381,-0.005101139678670668
2015-09-28,-0.02541737448131911,-0.02888182428374876,0.016969095942726633,-0.012739020432957309,-0.015463348009103508
2015-09-29,0.0005847439456486393,-0.005213803598928273,0.0028270016560526575,-0.004066501065043471,-0.00012036874500544894
2015-09-30,0.018486187943954627,0.022760983705710478,-0.0034741837502380133,-0.010426483637297347,0.0062622285025035
2015-10-01,0.002606000008598104,0.004509937844417823,0.004257443168744548,-0.0012172598628681067,-0.006438851087575842
2015-10-02,0.014827351826708298,0.01735983137389565,0.006038600241382015,0.020953802922526705,0.0009710384002518835
2015-10-05,0.017638356666371327,0.014223861507588774,-0.013659821927029796,-0.0020205850578978056,0.01193777153238035
2015-10-06,-0.003431755922870122,-0.0047505293482035865,0.0043041522931766,0.009971303227116472,0.005498322247637819
2015-10-07,0.008157039263983888,0.0059821262321253016,-0.003328616814545853,-0.001457494008134859,0.010199019652040859
2015-10-08,0.008986046886410394,0.003968191386732235,-0.008409603508104213,-0.005117883296347929,0.004121058158798833
2015-10-09,0.0005959848104161883,0.004515922078551515,0.0026206442592889155,0.015726912391542485,0.00011820716036310604
2015-10-12,0.0009433092711192433,0.0024374427863423196,0.007576662797082995,0.0039607110144831365,-0.00188200728794934
2015-10-13,-0.006321643689699044,-0.006481945299178469,0.0017028700828714803,0.004929015278091239,-0.0023572580312125955
2015-10-14,-0.004805696767858057,-0.0016036717255446308,0.008712211929594095,0.017282274992371418,-0.0007077680549707857
2015-10-15,0.015237776873915723,0.0162924946763323,-0.004911405471367445,-0.004579458875531695,0.002358278353574239
2015-10-16,0.004536118810045872,0.004170602373190645,0.00032302665754861367,-0.007086601152338509,0.004583749992777312
2015-10-19,0.0004919456567500388,0.005718215986159179,-0.002747500116095212,-0.004186912999915291,0.0026934617868803515
2015-10-20,-0.0012793827085404573,-0.005163549321557283,-0.006168255953150025,0.006318212020552837,0.0009352036321538636
2015-10-21,-0.006222808003512063,-0.006119472096125615,0.009883455180454269,-0.008910332230671142,-0.0010525368081074913
2015-10-22,0.016752694625064422,0.020163898113359308,0.001691265285394988,-0.00035807819279052113,0.0003507547582549577
2015-10-23,0.010902115012774107,0.027598243436370566,-0.008567287715821862,-0.0017026075113336088,0.0035020767832261916
2015-10-26,-0.0024610247980735083,0.0006205719501300608,0.0066345631490701915,-0.0006279971024889811,-0.0010499921491322563
2015-10-27,-0.0019339636038289163,0.002035960259756913,0.0024958725284059467,0.002241047948969033,-0.0032708644587772758
2015-10-28,0.011310241077691048,0.008278389004656864,-0.004029412370259341,-0.008091400160860905,0.002687877369255151
2015-10-29,-0.0005745063433881763,-0.0015799428056491446,-0.016036799713224845,-0.009614564390769178,-0.0025702484045165654
2015-10-30,-0.004319043273390809,-0.004489950417638343,0.0075207786402021375,-0.0038352540915993893,0.0011689533518717266
2015-11-02,0.01176139656200426,0.011231135456233124,-0.004605788116255189,-0.006517134598801595,0.003094395880836164
2015-11-03,0.0028950515600867006,0.003483923821237193,-0.008233515525341156,-0.014937356022442439,0.0010528209235400475
2015-11-04,-0.003037252179545497,8.699839812144856e-05,0.0011561481799355238,-0.009485885776108033,-0.002926683142103294
2015-11-05,-0.0009990976486008087,-0.0026988206846516954,-0.0026460042222675373,-0.0031189650547963797,-0.003877287738688598
2015-11-06,-0.0005235161919600202,0.0006972347275110364,-0.014764135080651167,-0.014685120688170974,-0.004838314480079684
2015-11-09,-0.00937554722384384,-0.010685089455983284,-0.005646266980337721,0.0028777291011320622,-0.004148500988712081
2015-11-10,0.0023044017452304665,-0.0025566476666461623,0.002953817005395574,-0.002109514817878502,-0.002259522316104616
2015-11-11,-0.00393956472510999,-0.0012367405579934542,-0.002109442206042676,-0.00336521129587392,-0.002383312380655699
2015-11-12,-0.01405816319107985,-0.009770080202623184,0.004801892180984934,0.00019257167853245404,-0.006704785009297408
2015-11-13,-0.011291178408869841,-0.01983097208461983,0.005698236855566269,-0.002796404320479703,-0.0028879800088806393
2015-11-16,0.015092025320690613,0.014281868600082712,-0.0009198139260632535,0.001447402465342363,0.004687645722935317
2015-11-17,-0.0007300194364092835,0.0006280702565134316,0.0016715867114554738,-0.013297966180688193,0.0007191732184715177
2015-11-18,0.01574142667821747,0.01901270325743368,0.0020847394979839995,0.0008790738346113607,0.001915978533816096
2015-11-19,-0.000862485954086966,0.0007037140798585617,0.006643605608997048,0.010971489880734318,-0.009011305318180158
2015-11-20,0.003637701247741541,0.006748649974736926,-0.0030669850942381337,-0.004548773723664315,-0.00024107137379358973
2015-11-23,-0.0011471028537762785,-0.002886434877599806,0.0030669850942380075,-0.008083747042833161,-0.0008454456422147441
2015-11-24,0.00133814426766269,-0.0008764540821557902,-8.305375775308145e-05,0.006627707399357638,0.0013284368634144976
2015-11-25,-0.00014316864139449117,0.0008764540821557637,0.0023148383127322833,-0.004673848365801943,0.0010853223667704288
2015-11-27,0.0011459078930189691,0.0014007451368044748,-0.00099101269439626,-0.011879763588946619,0.0015650358543858654
2015-11-30,-0.004160430024335555,-0.002540364955127653,0.003959967809282394,0.006595467871597316,-0.0006007992611323848
2015-12-01,0.009490792888776722,0.009948702763989003,0.013416937602106414,0.0035259646298247574,0.0070887806084942145
2015-12-02,-0.01025785864017335,-0.00618453673110757,0.0003258517673301034,-0.015667624313787498,-0.002044804837243007
2015-12-03,-0.014101552893086722,-0.01709578029875583,-0.027560175886873133,0.010570606410359536,-0.00265221313426003
2015-12-04,0.019315298818655773,0.023106595939818834,0.008746716149418042,0.021966035488281806,-0.0022958670818166004
2015-12-07,-0.006076971721898621,-0.004526437431743991,0.009655873700476072,-0.013063212596420425,-0.007041053396493775
2015-12-08,-0.0067419769325427386,8.715034441076728e-05,0.0004932424817430919,0.0016544033114080684,-0.012504719455810479
2015-12-09,-0.007810761974818216,-0.015295729507008417,-0.0010679064919971548,-0.0019466324270582696,0.005167648973720412
2015-12-10,0.002578159558588401,0.004507702809222778,0.0013132880406892297,-0.0008772000837340084,-0.004181912152501555
2015-12-11,-0.0195718847976274,-0.023285056212448533,0.015635678987987983,0.0054458711721541595,-0.020167498169263717
2015-12-14,0.005040372797899295,0.007553260083648114,-0.013011974821703987,-0.012884508990749449,-0.008714930074364668
2015-12-15,0.01044307174166068,0.006073178315890689,-0.005911486779933381,-0.0026560861191144095,0.016231829271747742
2015-12-16,0.014525617777369831,0.01476022009575511,-0.0021439006673552004,0.012043063036934096,0.007584690480180452
2015-12-17,-0.015355383331393838,-0.014671203805457866,0.011242544883170858,-0.022141125877213518,-0.01121021066335696
2015-12-18,-0.017975482651580575,-0.01936840904257255,0.005533390555744103,0.015207174746719882,-0.0037646103594372337
2015-12-21,0.008215086106612127,0.01104639549771711,-0.00024337047958828832,0.010819352064225785,-0.0031488380031027526
2015-12-22,0.009033463252400366,0.006552109130537591,-0.00724989106876566,-0.0052488544876924,0.012036235508297959
2015-12-23,0.012307441678146468,0.007397977307187635,-0.007551115530527988,-0.002928003794366426,0.006335545919748792
2015-12-24,-0.0016517152427574942,-0.00017769913872176232,0.005713313819479349,0.007206940922791017,0.0020399804245512126
2015-12-28,-0.0022880280775538103,-0.0005329943861965117,0.002950579628592784,-0.007597994957113434,-0.005981509799385037
2015-12-29,0.01061560712851867,0.015606821724736727,-0.016753374299336633,-0.0006846940847352253,0.005733304872595938
2015-12-30,-0.007113141047354743,-0.009052317247511928,-0.0009990527916535143,-0.007661355596264362,0.0007451018093262726
2015-12-31,-0.010053821058288235,-0.012526180742827091,0.004488241481708875,0.0003943308023186173,0.0006198509819543413
2016-01-04,-0.014078011939347575,-0.021323532234521183,0.007189508396489883,0.013995827340626326,-0.0059743071733791234
2016-01-05,0.0016899729955108598,-0.001736952812020275,-0.00404222047667821,0.00281458831856644,0.0018715716345077782
2016-01-06,-0.012694270510874761,-0.009651794087073446,0.013385300476283455,0.014337487598989632,0.0
2016-01-07,-0.02428413961804241,-0.03181426804364562,0.0017926447711771763,0.014040676150811138,-0.006501168007813581
2016-01-08,-0.011037106341699346,-0.008234566101853838,0.004468734707292774,-0.0044375394222030354,-0.0026372805469056892
2016-01-11,0.0009891637865854564,0.003072167965913572,-0.011004153393900797,-0.008934594646018349,-0.0015104746126301137
2016-01-12,0.008036258614086349,0.011530845050241868,0.014322256768424396,-0.0050729832368576954,0.0010075201379496136
2016-01-13,-0.02525712424000196,-0.03509802949209725,0.009808653995574687,0.004882048039545079,-0.011133872778896157
2016-01-14,0.016283508859703685,0.021072054052003623,-0.0094047512569473,-0.016367021706295802,0.004442928916781116
2016-01-15,-0.021699730732075595,-0.03152900964366385,0.01546665170599549,0.01023674024483427,-0.013260330109317774
2016-01-19,0.0013300108199231554,0.002179209994089425,-0.003105688501679794,-0.0009612465570264486,-0.0034720925747637773
2016-01-20,-0.012897661080993363,-0.003071979012692961,0.010474074310512782,0.013279386437522704,-0.0067197554549392234
2016-01-21,0.00558617466539535,0.0009920161443543356,-0.006811752739445205,0.00113814976565955,0.0067197554549392816
2016-01-22,0.020307798452474216,0.028542508213421133,-0.0038224065715934054,-0.004655791285644273,0.015211291737945906
2016-01-25,-0.015232062719710494,-0.014951371361297098,0.005410671213516616,0.010233193541102439,-0.009944327842564793
2016-01-26,0.013551076715006376,0.008958810097722024,0.00047611096533111373,0.011341913483231932,0.008929096671425225
2016-01-27,-0.010942880998597046,-0.02523054594876886,-0.00023835538671098565,0.0037212948296183107,-0.0015250829293033024
2016-01-28,0.0051953041011498355,0.014018891560063258,0.0014271503544938063,-0.0107362419293496,0.005073592398315269
2016-01-29,0.024085375546980127,0.020667542409503494,0.00844092960840454,0.0038408969118528882,0.003285001547371192
2016-02-01,-0.00036178945466420765,0.0026853515611149777,-0.003066267009927434,0.010232704202856196,-0.005962146709705831
2016-02-02,-0.018186283559802067,-0.021883254345893513,0.018382175221972562,0.00037006835108891606,-0.007165420636043632
2016-02-03,0.005976888099933141,-0.004808333354087234,-0.008327833476288763,0.010674654427775114,0.004868212765666151
2016-02-04,0.0015670705225436328,-9.837534542029905e-05,0.0048339471427278485,0.012009967818587527,-0.003200050963205627
2016-02-05,-0.019233954653441715,-0.03534430629209557,0.0011655044308305905,0.015703135766193033,-0.007721850153391777
2016-02-08,-0.01355235800988132,-0.015405144937920333,0.02129198562341706,0.013354185862515874,-0.011697059472529664
2016-02-09,5.372095137469969e-05,-0.0031099696779465827,0.0010637953255474596,-0.002198672852432284,-0.0037974391734281604
2016-02-10,-0.0008632114859736757,0.003833964464313474,0.008774060248200351,0.007717958411726099,-0.0014444661566166204
2016-02-11,-0.01309336316266448,-0.0014486846177839794,0.006979215890304339,0.03940213823727399,-0.0067241768499143725
2016-02-12,0.020407504530772377,0.015109867691988691,-0.01674107097409496,-0.00589671453081662,0.014838298208550179
2016-02-16,0.016737314764577196,0.022296445444814305,-0.01062692028864453,-0.030800736245396157,0.000911908658427484
2016-02-17,0.016202558290275202,0.022395292846398795,-0.006167391678137565,0.006167287420776475,0.008170840808229524
2016-02-18,-0.004104136761571461,-0.011480515495904413,0.012221030944015498,0.024041860433202913,0.000903580410651164
2016-02-19,-0.00046890079903825143,0.0029562708454079724,0.0008397682947589824,-0.006020275750380445,0.001933771193704388
2016-02-22,0.014375686715195585,0.01610513339627037,-0.0005346676267183758,-0.01793504091705753,0.008592965947449191
2016-02-23,-0.01271016320187353,-0.016597171167543723,0.004039690387386004,0.014868593832169054,-0.0020452348091467673
2016-02-24,0.004564975171305813,0.009503824597141015,-0.0019796824377621186,0.003321549590506587,0.0016618461307111815
2016-02-25,0.012039573499331926,0.00980045060896665,0.0035756648563352693,0.002632341860518043,0.005350691669491422
2016-02-26,-0.0023042304659274065,-0.0012558248363029225,-0.009690798511979423,-0.006892743647260338,0.006712518636953815
2016-02-29,-0.007873438115622864,-0.009032167948034972,0.004360763889317085,0.012980023419282503,0.010670641598662082
2016-03-01,0.023235001156807236,0.03159302241177972,-0.01776515040481639,-0.007360151335800538,0.015681645448180858
2016-03-02,0.0044824577603282114,0.00037812693668369003,0.0041184454710311855,0.007697256644730053,-0.006820413829803524
2016-03-03,0.003912047993823876,-0.0018915985844695448,0.0036371102779267643,0.017125877155555313,0.0033532706656130775
2016-03-04,0.003248027742878479,0.0003785437640504446,-0.006432803650011398,-0.0015750194994792542,0.002848377090394016
2016-03-07,0.0007981273208650751,-0.006170200690084084,-0.00031142731733719756,0.004965240864288737,0.0012360748266147146
2016-03-08,-0.010978264093161355,-0.008318928560374377,0.0109855273714628,-0.0046334482677505085,-0.00706450718612751
2016-03-09,0.004927765388015189,0.006412490882638009,-0.006097081413262521,-0.00832782948151173,0.0024844663037260728
2016-03-10,0.0008018740721505237,-0.0015274882033368099,-0.004110459894825763,0.015928644015462578,0.0069235820431409155
2016-03-11,0.016008438461209314,0.017334291265732188,-0.010155997631017223,-0.01735128256694606,0.012002881077555127
2016-03-14,-0.0012832535847993507,0.001688853488380039,0.0031365118111228345,-0.012980634673388813,-0.0028048465141778376
2016-03-15,-0.0016309094195555709,-0.00037514870656159895,0.0009381439619565799,0.0007632306454701139,-0.009321094401873932
2016-03-16,0.005770425450303215,0.00887001048936552,0.002967446582416253,0.02205075556149502,0.006632340893822227
2016-03-17,0.006324211558331829,-0.000558128892208981,0.004123493023160416,-0.0038218648773646413,0.0063451410623022305
2016-03-18,0.003922006932424624,0.0015659968468117555,0.00209431190493607,-0.002750755714748547,0.0023083153930856842
2016-03-21,0.0014182339537910384,0.0039041823893468217,-0.007700467732295413,-0.007036416699314462,-0.001092457338047927
2016-03-22,-0.0005381431105299073,0.0030567896612003756,-0.00023400499902191208,0.0029378329691904675,-0.0026765645471151095
2016-03-23,-0.006621193649008401,-0.008265582224654582,0.011260534929247204,-0.02289008865862743,-0.004639383247706246
2016-03-24,-0.0004429163335941235,0.0002794512519995671,0.00038611582721160984,-0.00240404319751751,-0.004415776871202211
2016-03-28,0.000590718767487158,-0.0013992637085627735,0.0013119022111846227,0.0023182652611009025,-0.00455835000004503
2016-03-29,0.00920759409875354,0.01593063614506969,0.010430491993737499,0.01835540705340136,0.003820172069109087
2016-03-30,0.004377879487995803,0.004858176490776467,-0.01058462261116025,-0.014076410310244578,0.0035613185333306548
2016-03-31,-0.0024298082557243908,-0.001464204749786348,0.007069243119953156,0.004600850924385841,0.0013475849462890202
2016-04-01,0.0067887798995862475,0.01056689487335889,0.002604407183602208,-0.006053640735366039,0.000724902673632901
2016-04-04,-0.0032434213639921826,-0.003813090333672903,0.0006120207352968463,-0.006692995408569699,-0.0024612344824574786
2016-04-05,-0.010038094500122649,-0.009688209238109048,0.010876568889646849,0.012916668207256437,-0.0037024234083081024
2016-04-06,0.01086193902216918,0.016306022023017737,-0.007289079698140609,-0.0061381369358647206,0.008373781219834252
2016-04-07,-0.012037693670122446,-0.014471292386535797,0.012269678811567344,0.014179801562102948,-0.0049172236242945346
2016-04-08,0.002693027205748239,-0.0007333373800861396,-0.006343494328851657,-0.0015187338768047718,0.004549590185417027
2016-04-11,-0.0023500296747817626,-0.003676664543840868,-0.001288314632925907,0.013419630057020864,0.0013477915438424185
2016-04-12,0.009269689048480474,0.008344526285053895,-0.006926175145327517,0.00016664672071527165,0.005863212133589608
2016-04-13,0.010050427021052934,0.012703215497345465,0.003507395375174776,-0.010719526565990727,0.006555130151076468
2016-04-14,4.799067263569883e-05,8.989559132555114e-05,-0.004806579271143272,-0.014075152256168354,-0.00036306223191062643
2016-04-15,-0.0011062798545145825,-0.0025272567906148504,0.008528879759148995,0.006892743647260424,-0.0015752792529837142
2016-04-18,0.007002594571862543,0.005318356405792561,-0.004331385661716123,-0.0015276274565966695,0.005681643787244532
2016-04-19,0.003148901107618835,-0.006132057858631581,-0.0031279081958666207,0.015506833308651099,0.004210178560844264
2016-04-20,0.0009524143433202321,0.0008137014528389965,-0.011060761013110394,-0.005114248016109923,0.0019188016512514258
2016-04-21,-0.005393009567183523,9.048578337308768e-05,-0.005966148807118746,0.003775305036917395,-0.003119764902712719
2016-04-22,0.0,-0.015207846132667477,-0.0025678233868217763,-0.012894694659209222,0.0022805824035494753
2016-04-25,-0.0017241949273187546,0.0,-0.004137373108053893,0.0028799271415296556,-0.0038438015326878877
2016-04-26,0.001484889110017276,-0.004875006616514926,-0.004547630708123501,0.003967367637514969,0.0033646031248731356
2016-04-27,0.0020560747243482157,-0.008054410940688954,0.009931334470136702,0.002860302869919961,0.005861309662829464
2016-04-28,-0.009116857999941283,-0.01215778294733492,0.004115124530776946,0.018724801093336303,-0.0016714528589059261
2016-04-29,-0.005413794401546653,-0.00528299408188342,0.0025542694380590127,0.019270626438691787,0.0016714528589058305
2016-05-02,0.007917025991618526,0.009414475934702763,-0.010119636526589584,-0.0033213499131697927,0.0003831544750049312
2016-05-03,-0.008741054696413965,-0.009319934558109914,0.012517313050259762,-0.0022745646099545844,-0.006488826254609188
2016-05-04,-0.005594003389670636,-0.006452308209310639,0.005470627675426111,-0.006118222826125519,-0.003743228412391995
2016-05-05,-0.00019505024190613664,-0.00028572175466276404,0.0066624448227883175,-0.0011462207767798868,-0.0008471023418696497
2016-05-06,0.0036521704202106577,0.005318348144927919,-0.00428369492801442,0.009052054554673597,-0.0006063852356354547
2016-05-09,0.000826141408554292,0.002837428505142919,0.003138186795034152,-0.02075289801818274,-0.001819110828321027
2016-05-10,0.012357069848740687,0.013601707593229014,7.677399594025237e-05,0.002731465708414251,0.008461706240578999
2016-05-11,-0.009398686855911805,-0.00907851726561629,0.005638157562637447,0.009378919930915114,-0.0007225585594362101
2016-05-12,0.0002905248792849634,-0.004428714310790733,-0.004569423425597264,-0.007892173973086844,0.0015644056358946373
2016-05-13,-0.008752585408189495,-0.0036899501225647704,0.009647000966733,0.004529141979827091,-0.004459872127150861
2016-05-16,0.009817470937995228,0.01243397652115726,-0.008654844107035988,0.0007392219670169126,0.0055420602902648795
2016-05-17,-0.009377924922804093,-0.012623324890281439,0.0016759420519323954,0.003442329123242772,-0.0020448246114362946
2016-05-18,0.00029312893050121555,0.0035957661386552884,-0.014337906324515775,-0.017497993073654197,0.00012078937186376034
2016-05-19,-0.0034712507113533702,-0.005208858406917408,0.004315935878728092,-0.0019168712488535215,-0.0027722473595485253
2016-05-20,0.006297686088715747,0.010954702792371943,0.0007679157539577736,-0.001335701516612647,0.00349364602957729
2016-05-23,-0.0013636615677818467,-0.00131572263337926,0.0022264197694287402,-0.002844207499474105,0.0002404037901895159
2016-05-24,0.012878967349632914,0.019833920431283927,-0.004456701158011951,-0.017493154439807392,0.0059946384495323515
2016-05-25,0.006760420913255421,0.007165716971413382,-0.0037807117640506474,-0.002731772964595234,0.0015532393876739696
2016-05-26,0.00028632125422863806,0.002924974367227148,0.005165582574297319,-0.003425260387699169,-0.0028687402857267242
2016-05-27,0.004290247703915323,0.005189140129248534,-0.001462320979992101,-0.008268772914245718,0.0016751120162339904
2016-05-31,-0.001904294466850666,0.0019051110941701362,0.002385160897984334,0.003798302317157037,-0.0009570558899567411
2016-06-01,0.0020472408916756453,9.050870471961436e-05,0.004048162759873614,-0.0010344407576528966,0.0015849753676779115
2016-06-02,0.0030389317592080206,0.0020827078099348163,0.007181830570719838,-0.002331543491761781,0.00024025749637391613
2016-06-03,-0.002991974239487059,-0.00471399805866691,0.01413565305428738,0.027373264388307245,0.0017974854289813267
2016-06-06,0.0050761571610435366,0.003627831574182024,-0.007457836322351966,0.0003364248669020046,0.004421165292332195
2016-06-07,0.0015598011666231226,-0.002538315508835734,0.002416032970263069,-0.0008412423733233627,0.004400529460579574
2016-06-08,0.003254280240903428,0.0017231387885687742,0.005341323787297689,0.014703707887444253,0.0037920200582179384
2016-06-09,-0.0013662672470131421,-0.0016322007424519835,0.006432859797605185,0.005541081570940133,-0.0039107159687190056
2016-06-10,-0.009522830403590588,-0.011408632302727203,0.004834468109710197,0.004033075700703472,-0.004877836616372608
2016-06-13,-0.007741703454001077,-0.008388293207696927,0.004441726681002349,0.007365624068488461,-0.006702993022185525
2016-06-14,-0.001968991479136865,0.0,-0.0007389947729952156,0.0010594292626908233,-0.0033682221149254447
2016-06-15,-0.0013944631315578112,-0.0028737418257418217,0.003835993459646757,0.0073849284570991006,0.00048152904528248703
2016-06-16,0.0029798422586964257,0.002966261714355577,0.00484818812285252,-0.01056665171524312,0.0006024593252987911
2016-06-17,-0.003731018255553044,-0.011790461435039212,-0.006247606237769017,0.01274729826898987,0.0006014614033062927
2016-06-20,0.006419008191167348,0.006271950930713841,-0.010750156686860064,-0.005988024654369792,0.005877119147838872
2016-06-21,0.0028348378898582077,0.0031676911885934697,-0.004631977808306015,-0.01942288299292089,0.003819431566837857
2016-06-22,-0.0016328164393643056,-0.002421686783865691,0.001646148425895017,0.000496444028716167,0.0009526417704247743
2016-06-23,0.012938653116801773,0.014166356636766853,-0.011504757956304132,-0.0065557755937431204,0.007352148738111574
2016-06-24,-0.036569782657787604,-0.04206025087500149,0.02649331635488841,0.047873912303474195,-0.016559561812260114
2016-06-27,-0.01807213194076285,-0.020048115246058415,0.024660244641266416,0.0053823171279899626,-0.014518554869873305
2016-06-28,0.017875428690133338,0.0216768011737084,0.002081747578364546,-0.01079376043064916,0.012475314055614157
2016-06-29,0.016884294638988544,0.017555564948683523,-0.0077020373380125165,0.004140765999889028,0.012559262206837823
2016-06-30,0.013552999157550347,0.011503640817323496,0.0036782838336194435,0.0049939058952932335,0.006752296565217693
2016-07-01,0.0020985870547077664,0.005008395482914728,0.013789124401306389,0.015223162818061162,0.001978613626597929
2016-07-05,-0.007218945569788422,-0.006124981676780016,0.01244228432999498,0.008220905136956962,-0.005698942826374638
2016-07-06,0.005979730813210532,0.008158762001846315,0.0016152348682366626,0.005852881673551483,0.004395565503600006
2016-07-07,-0.0006206551023425584,0.002950258891347499,-7.034798411290237e-05,-0.0037695950478742334,0.0013033773227746296
2016-07-08,0.01478088382365383,0.015348247107286722,0.007339218447803526,0.005994014334570738,0.013171934027563222
2016-07-11,0.003520918017987224,0.005695528142571235,-0.008813576769158806,-0.00946861312154938,0.0005843145962480739
2016-07-12,0.007236807383777576,0.005035291755063916,-0.01657631684924479,-0.016690387468968386,0.0027986668171752654
2016-07-13,-0.00013936114301361303,-0.0024245465211465284,0.01171719134176692,0.009159697327218079,-0.0029157325815719736
2016-07-14,0.005567827686863446,0.006810034626153332,-0.01464985048545601,-0.007745045230236175,0.001983586042488555
2016-07-15,-0.0013428327519774798,-0.0016086839613827964,-0.008633699149027108,-0.003855735167465888,-0.0019835860424887
2016-07-18,0.002683781741647213,0.0065970978223541836,-0.0009398297240366097,0.0015755839071671933,0.0033811743784336024
2016-07-19,-0.0010171098396880678,-0.003649866572684281,0.005625627580339131,0.0013372522657107563,-0.0026809018908362514
2016-07-20,0.004154401819587006,0.011615382870127122,-0.005481088935795614,-0.01441038163632243,0.002564982326649742
2016-07-21,-0.0037846655431420435,-0.002294663295037527,0.00202289982532827,0.015117654201499693,-0.0013980567684280215
2016-07-22,0.004475556302430257,0.0041441535078249585,0.0017307367394720989,-0.0074907077787214,0.004419652534543522
2016-07-25,-0.002719930125479785,8.80714241816314e-05,-0.0007211509728313299,-0.006989125856947095,-0.004769204232693231
2016-07-26,0.00046158227574602404,0.0011428566092538373,0.0015849926156409956,0.004215211050825792,-0.0038561536849988313
2016-07-27,-0.0010616261797840938,0.006918639206619905,0.012376571648404796,0.01598269497210111,0.003038779824926919
2016-07-28,0.0011539999160330237,0.0034851232429231843,-0.0018500072496478136,-0.00289409340924044,-0.004209394532025571
2016-07-29,0.0016130515706081227,0.0021717749366363956,0.008299151249856192,0.010286811942904156,0.0009365859838693215
2016-08-01,-0.0008291710804357284,0.005279990940478772,-0.010901568284924106,0.0018590671194806466,-0.005625216173322812
2016-08-02,-0.006428020352805119,-0.007625680474808035,-0.010355689500217972,0.008092864929715934,-0.0014206154768564344
2016-08-03,0.0029183870774372473,0.003299642071981676,0.000578084891480337,-0.004770787598632875,0.004490180335174097
2016-08-04,0.001063544159493189,0.0028572586819178326,0.007485582049851439,0.0016954476164976306,0.0063475765793133705
2016-08-05,0.00814553108923562,0.009550257854125362,-0.010452110849747901,-0.018025444010511534,0.0022231803975817505
2016-08-08,-0.0005958347974267618,-0.0011135791454565192,0.0018821331644767255,-0.0008627837547004024,0.004083901602099222
2016-08-09,0.0005958347974267611,0.0023118853542039267,0.009788819161734312,0.004072023167431496,0.0034863833944533663
2016-08-10,-0.0024779632984939354,-0.0025691385302888748,0.0038598792974545233,0.004677994512329687,-0.0018576332884990977
2016-08-11,0.004629955177028493,0.004278168050921154,-0.008958144440604039,-0.006946906948684773,0.002437782712966222
2016-08-12,-0.0008693161305939805,0.0006830043303447792,0.008387133716107536,-0.0021170403750345335,0.0008116290116355598
2016-08-15,0.0028798141573030457,0.00425690181036474,-0.009467476707124957,0.003447698256792746,0.003007518788494779
2016-08-16,-0.005171261942284388,-0.005537576961981414,-0.002670397456046963,0.004915970173444719,-0.0020816246693948514
2016-08-17,0.0018795323906888241,0.0017927096845706486,0.0059798357589255745,0.00023348078990268189,0.0013885587204731727
2016-08-18,0.0022409559702428836,0.000255570078643373,0.0015789083606652869,0.004735854578729188,0.003922393096015642
2016-08-19,-0.0014629811660263213,-0.0002555700786434922,-0.005249039291437188,-0.008868887925520175,-0.0029982608096703564
2016-08-22,-4.5688467277372876e-05,0.0007669328422212503,0.008399761524568864,-0.0014858453674488508,-0.001617905859197457
2016-08-23,0.0020114368527918533,0.0017878524689513215,0.0010710416542042875,-0.0001565049936259337,0.0033486381462982844
2016-08-24,-0.005127858599881121,-0.006485675142185452,-0.002358976373277962,-0.011176864142998198,-0.0027704600822848085
2016-08-25,-0.0006888730782625069,-0.0016280828504923388,-0.0038009766089755165,-0.0008709901258544955,0.0018480775092076039
2016-08-26,-0.001885074616793044,0.0014565980888268033,-0.005837356697933511,-0.0014269885139346196,-0.0011547803600869164
2016-08-29,0.004912030121403954,0.0013695156301354306,0.013282211721165156,0.001981375674593548,0.004955302361189549
2016-08-30,-0.0016498483178504575,-0.003254912490861606,-0.003858573799111916,-0.01010635477558835,0.0005745900942651192
2016-08-31,-0.0028482194508639464,-0.0010299943804605348,0.0014308460722856535,-0.0020015218438290436,-0.0039138898921354075
2016-09-01,4.609538242386873e-05,0.0025732448965804303,0.0011020173484658168,0.004078880664929754,0.0019789604918621522
2016-09-02,0.004498025370091889,0.0032494820739860097,-0.008188711564035795,0.010164454828507231,0.0046132919921489605
2016-09-06,0.003017845897315031,0.006213860802699967,0.007258048174508227,0.016766351430797802,0.0011500614044452505
2016-09-07,-9.150254565481496e-05,0.0005935453971425093,-0.0007159569607972287,-0.0034244132039321193,-0.002762192512585382
2016-09-08,-0.00228560457785288,-0.005868351830600701,-0.01261974354963166,-0.005315481388614766,-0.0018459351163563004
2016-09-09,-0.02422595958413111,-0.025486217874476396,-0.016612353972599966,-0.006605326760192751,-0.009631083233984787
2016-09-12,0.014245253468758262,0.0177791486697847,0.0005166588398630908,-0.0012631537514554386,0.0034918519857878205
2016-09-13,-0.014479688665426173,-0.008980287779919419,-0.011422690555702433,-0.006657679739988439,-0.007697516448827166
2016-09-14,-0.00037534546795744826,0.004759488752772768,0.001490587414101532,0.0034136523813896856,-0.00023432421267666217
2016-09-15,0.009943405684410309,0.01541908688672604,-0.004329540368383745,-0.006440074325495675,0.005838738860145099
2016-09-16,-0.0038730695158579577,-0.000477316630909056,0.008047375425959574,-0.002475784418470438,0.00023318759972166628
2016-09-19,0.00018739179811307565,-0.00435786556416481,-0.0032711372516764023,0.002076861031546589,0.0005818221441892181
2016-09-20,4.696804327850434e-05,0.001882104258191877,0.0034935689067265912,0.0009571124160199947,-0.0011642863785725414
2016-09-21,0.011182351623298307,0.009781145346939777,0.008054682077191507,0.014483211562644741,0.008235197104126474
2016-09-22,0.0062820473363040755,0.00792473510057762,0.007917735810612489,0.0023544435304930274,0.003344563461077285
2016-09-23,-0.005494205873466574,-0.0064023822968938,-0.0009502076326914881,0.0006269244831308528,-0.0011522157646301026
2016-09-26,-0.008135141525601072,-0.00840141868626821,0.006338787457301669,-0.0007836871273146296,-0.004389663118630308
2016-09-27,0.006188741340434927,0.009836925997674733,0.0073078616790088115,-0.00731797170627855,0.00288979511244782
2016-09-28,0.004951045038042362,0.001686246664344741,-0.002164361309689899,-0.0031640709801869947,0.0066735200619548775
2016-09-29,-0.009088510614851891,-0.00727113522752149,0.0025253061167339924,-0.001189120004834333,-0.003791152364737243
2016-09-30,0.007517930613726255,0.007440043726214395,-0.008977084300804922,-0.0034166360099868506,0.004364154799626096
2016-10-03,-0.0024069569939562025,-0.0014328447842612386,-0.0033058477348192872,-0.002550206163687112,-0.0006221364772705935
2016-10-04,-0.005110973619770013,-0.0015197319414225509,-0.011763655155539284,-0.03532787258610445,-0.0017293676521813537
2016-10-05,0.004415506215047773,0.0035416762567803944,-0.0046701732938938595,-0.0015718922897908132,0.0026501921540477043
2016-10-06,0.0006954674047222924,-0.0005052748393533523,-0.0055888284949199086,-0.009316280206747919,0.0005756349222524207
2016-10-07,-0.0034353204049957474,-0.0021921347141429745,0.0006724233260570802,0.0006682890904551575,0.002297595247106697
2016-10-10,0.005194689875263368,0.006310820073541885,-0.005916618778352796,0.003501510836135576,0.0028644049395800735
2016-10-11,-0.012710039441285945,-0.014362154811321234,-0.002255936741561833,-0.005089499061391432,-0.005622302581860857
2016-10-12,0.001311390126159595,-0.0008511640496037991,0.00097804965859144,0.0015879882252557648,-0.00034521665074950606
2016-10-13,-0.0032808247318830436,-0.0035833518152846825,0.0037532030852839094,0.0024189937106391113,-0.0025352118572717283
2016-10-14,0.0005162391972560412,0.001195994044179279,-0.014110615046751334,-0.005597559798283797,0.0023050509570699705
2016-10-17,-0.0034781875492839666,-0.0027356657114651008,0.006363533732533116,0.0026773752071126027,-0.0013825274216769541
2016-10-18,0.006242773083911014,0.008863167624648827,0.003242217690121162,0.006164100054633751,0.004026557065151537
2016-10-19,0.002663494537731583,-8.451275389075562e-05,0.0008269790376492197,0.005713611741873303,0.0028670451320938323
2016-10-20,-0.0018684627879795566,-0.001188992248314244,0.0010524888869508624,-0.0030597728971403517,0.00011386083471995795
2016-10-21,0.0004673804688144382,0.0037311543917816505,0.0015014622459400674,0.0007451585177257722,0.00022931526340510581
2016-10-24,0.004243602572131385,0.011947082336503885,-0.004360098630937158,-0.002237080125500534,0.0005724649139549282
2016-10-25,-0.0033562144170692387,-0.0031829087949013053,0.0026329016030031322,0.007519794693909835,-0.0005724649139548753
2016-10-26,-0.002009435046509616,-0.006819248650014721,-0.006786001650581131,-0.0056138205649168835,-0.004013849224335287
2016-10-27,-0.0026703161738414367,-0.00457195333967427,-0.010953434907778106,0.0018196962666161048,-0.003684196622986376
2016-10-28,-0.0029601421772014035,-0.006299619784921195,-0.002220917537890068,0.004699292917769531,-0.0048551467939903
2016-10-31,4.75806140527768e-05,-0.00093970087990629,0.006114266166913576,0.0029566431199742503,-0.003018528363070521
2016-11-01,-0.007272161686489517,-0.007550480774253937,7.591242869819626e-05,0.006457707460557924,-0.003907999348584614
2016-11-02,-0.006036802304856468,-0.008042121720901756,0.004341033179763939,0.0073872643657927,-0.004464773683129468
2016-11-03,-0.0045877955803898945,-0.009859162154992,-0.007705140711848554,0.005323910740822675,0.00023527377053727768
2016-11-04,-0.0011021160654421476,-0.0035132011589306222,0.008921019707541828,0.0007237632468994597,0.0004706853374676693
2016-11-07,0.021817388748875753,0.023479297218815507,-0.008537934775104101,-0.01817197611952108,0.013906024879413557
2016-11-08,0.004494030225698445,0.006510632637985837,-0.004065690236540566,-0.004183952404118774,-0.002207319870457264
2016-11-09,0.010546044130695285,0.004600457489231614,-0.04335904581519859,-0.0006579098268444278,-0.007003089484741582
2016-11-10,0.002492383672857761,-0.016281418759836776,-0.014881076772238745,-0.015001711673606965,-0.0132045629306711
2016-11-11,-0.002307763521687953,0.00043198896540170233,-0.005637745939843202,-0.022377978717915834,-0.009419791441618435
2016-11-14,0.000785163050790458,-0.010154826090068432,-0.005999329849073708,-0.008490234677527317,0.00740033875076291
2016-11-15,0.0077727257662559765,0.013775313624211869,0.004933668802367908,0.008661050768427549,0.01311329253431395
2016-11-16,-0.0018803621963364619,0.005919464310004277,0.008982238854519603,-0.002992914324639575,-0.003997613605309464
2016-11-17,0.0051276326479909855,0.007244187234021381,-0.014823361304222474,-0.00515153957584098,-0.002714069408658378
2016-11-18,-0.002240212081644721,-0.0037436035637885773,-0.0028923012256055146,-0.008818980245606272,0.0
2016-11-21,0.007523421526656661,0.010345282825332106,0.0024791844049419365,0.0037273072140238833,0.008001968361594503
2016-11-22,0.0019511465645349418,0.003032328488351724,-0.0003294935869249372,-0.00034614845492716306,0.007358317485636069
2016-11-23,0.0005439458705134039,-0.004045128455303028,-0.0038888094865142486,-0.020019033913875547,-0.0037310726215254776
2016-11-25,0.003708541340253724,0.0032037789080060124,0.0014909542337219878,-0.005667237234161627,0.0012844116697762723
2016-11-28,-0.0047057989646635415,-0.0022751446157937396,0.007339234659000623,0.01051202138010083,-0.00011647067370822614
2016-11-29,0.0019483099812730607,0.00345295943216479,0.00418187726147956,-0.004668228933024833,-0.0012841090354913584
2016-11-30,-0.0024019894719166618,-0.012180961795292607,-0.01633287484572488,-0.013510086082379656,0.00046715324915465886
2016-12-01,-0.003682433759021937,-0.017427412017673526,-0.010614845925000418,-0.0018809543242076046,-0.004690694168590674
2016-12-02,0.0005010637845771472,0.001989949904944089,0.007300755017211674,0.005364806083291903,0.005991211870511417
2016-12-05,0.005990676588573679,0.00774848515595158,-0.0010875038286347416,-0.005364806083291772,0.0025730034177726493
2016-12-06,0.003162478995660359,0.0023981215085591276,-0.0007537960140991836,-0.0009866853717861235,0.005011218467468514
2016-12-07,0.012996117943326765,0.01258357656870256,0.008508415710616198,0.003583283615967707,0.004986231320960314
2016-12-08,0.002445479130577481,0.0017725211421670438,-0.011864774276512372,-0.0023276835438490475,-0.00011579101889335929
2016-12-09,0.006022348938050662,0.007812745230163815,-0.012516924760018503,-0.010542046205441346,0.0004630093617515665
2016-12-12,-0.001148390288411304,-0.004529144338595416,0.001870646948379694,0.003797113021044969,-0.0013891509605946518
2016-12-13,0.006651715592941634,0.012530426548742722,0.0035614535438045153,-0.003344358449500988,0.002428895804093424
2016-12-14,-0.008288495983905254,-0.0020769425774794193,-0.01123650478968396,-0.01477585370302796,-0.0075357830846076584
2016-12-15,0.004108957251740816,0.001579081188236349,0.005038137748512585,-0.013785715901107913,0.0004655115431235487
2016-12-16,-0.0019579611702737988,-0.0037141130050697474,-0.002302156034730203,0.006592778565065687,0.0009297014565157336
2016-12-19,0.002174812146021618,0.004088616812246857,0.010698709608014141,0.004985177307786946,0.0025535904398114365
2016-12-20,0.0038503425565297187,0.003823306584203666,-0.00499547663641363,-0.007394390217464912,0.0013895695077265912
2016-12-21,-0.0027863041066767944,-0.0007468962728523668,0.00440485325919634,0.0005564603998491446,0.0017346593063870073
2016-12-22,-0.0017290763327134613,-0.0028263220505800758,-0.0017900848394967034,-0.0024136861188265224,0.00215500701065314
2016-12-23,0.0014629564246894191,0.0006657160457934533,0.0020352577057794956,0.003155199096609045,0.0018486257654908836
2016-12-27,0.002478105245100024,0.005144849793833966,-0.0032243069608935415,0.00582012137282036,-0.0009240707532421953
2016-12-28,-0.008298804123075628,-0.007810852494294946,0.007282011454704022,0.002759665575201272,-0.0013872644495055795
2016-12-29,-0.0002228518466798706,-0.0014190677930647252,0.0035372791899322235,0.01305061000633585,0.0013872644495055118
2016-12-30,-0.0036613177805876356,-0.010327818137827674,0.0015122517567289786,-0.006184651823121631,0.0003473850393242529
2017-01-03,0.007620595216529477,0.008906801824241542,0.004271772873331583,0.00781538513824579,0.004150392490599465
2017-01-04,0.005931707501724792,0.0054226510244767415,0.003837289281616456,0.0035241475629946054,0.005393162637575293
2017-01-05,-0.0007950101983103425,0.005642008046536831,0.015532632753952506,0.015395946803090798,-0.0014883918946411237
2017-01-06,0.0035716018699070502,0.00873145111851326,-0.009224488151167881,-0.007399862806678017,-0.0002299877033150988
2017-01-09,-0.003306528237466227,0.0032752253899905126,0.007994033883783459,0.008198942430912352,-0.00022930627536562546
2017-01-10,0.0,0.0022047616875280917,-0.0006571937236177822,0.004251209640407789,0.00011491669782006162
2017-01-11,0.0028220979690008864,0.0026877856278293894,0.0033617012756581317,0.003088451356458922,0.0005727710614990708
2017-01-12,-0.0025131824845731608,-0.00154663655339838,-0.002212392755277844,0.0036058581395100996,0.00022980895140962583
2017-01-13,0.0022929804273715605,0.003416117292875777,-0.004769366467427125,0.002630155985373185,0.0003430742767444567
2017-01-17,-0.0035295293897735585,-0.0030087326449264773,0.010414438488311941,0.014257386660884261,-0.0010312647121075989
2017-01-18,0.002207532815956012,0.002033775939514271,-0.012890729898739706,-0.008495159639561354,0.000916772998531195
2017-01-19,-0.0037117328969068584,-0.00048776884707865746,-0.00688241583122469,-0.0008709816243124942,-0.0032117638439803048
2017-01-20,0.00366747171724044,0.0021931216601546507,-0.0019991495846588612,0.0024367465635149513,0.0019510484322923943
2017-01-23,-0.002605614928983752,0.000811036022600533,0.009955269588673307,0.006411370524106662,0.0
2017-01-24,0.006391354479243079,0.006706299366290936,-0.006875340501123984,-0.00450104004040464,0.0006879867446101943
2017-01-25,0.00861831329060963,0.01001561902152532,-0.012630130371860613,-0.00827564253844338,0.003546358252664491
2017-01-26,-0.0010458745001418396,0.0010360028758329524,0.0033614840842744365,-0.00931545140516917,-0.00045673748183790337
2017-01-27,-0.00157102074417663,0.0019097556815114466,0.0036006023064092552,0.002028628943019752,0.0009131933516401487
2017-01-30,-0.0062211362965708,-0.007820635937312944,-0.0030138709734666034,0.004220558088409409,-0.0020564632959345183
2017-01-31,-8.782275110605401e-05,-0.00200520105858567,0.006934915877502588,0.013768096552717091,-0.0010301863362804507
2017-02-01,0.0003954147859688236,0.00688007843855398,-0.006202112428030715,-0.003033641360264487,0.003696540716215801
2017-02-02,0.0006587293813839542,-0.0008771471350403882,-0.00041958617332166925,0.005540175253055282,0.0005730871584160127
2017-02-03,0.0068692871251393,0.002868613283793777,-0.0004203551893832921,0.002500332582847749,0.001715617143361812
2017-02-06,-0.0017891135855953066,0.0011925777310613167,0.006032041388748783,0.013428758731216857,-0.0006858061728284598
2017-02-07,4.352741686776427e-05,0.0036490223429729647,0.0073238401098195275,-0.002041146037959061,-0.001487699276573592
2017-02-08,0.0013095914349711296,0.0016616316320095601,0.013506667444895239,0.006195677380773958,0.0006865348748521396
2017-02-09,0.005914782052730661,0.0036296659325330844,-0.01160147285618729,-0.0076440113416854985,0.0013724592195597375
2017-02-10,0.003938572601954847,0.003302628921083853,-0.0005794068751384045,0.0026395141502793757,0.000685997380995638
2017-02-13,0.005427954456633983,0.0056366323542383955,-0.003151976442784847,-0.00682592596717586,0.0014840605997079655
2017-02-14,0.003986981104546739,0.0033511235760007863,-0.007253272989640725,0.0011123712399388251,0.0006845835369261436
2017-02-15,0.005207113792611717,0.005895393559395786,-0.004612390619993974,0.0044372173593291335,0.0003418617852097517
2017-02-16,-0.0008515298189701371,-0.00030924322963000225,0.0054488334752771555,0.005349691237603948,-0.000798368413846997
2017-02-17,0.0015751042764580155,0.0043232352100295406,0.005918443014772489,-0.0033932974726115484,0.0010255575486883516
2017-02-21,0.005937259318731519,0.004918079719149028,-0.001746942959506247,0.0005946540100771037,0.0032994974224085176
2017-02-22,-0.0008882733369840983,0.00038318682510829136,0.001663672769892769,0.0013579197505681978,0.00045374081406799244
2017-02-23,0.000677040845696905,-0.003761790247914279,0.0029879378442013694,0.00869753215772035,0.000907732148546215
2017-02-24,0.001268001705550542,0.00192106541817457,0.011043624926152362,0.006369402264058673,0.0007934096462137437
2017-02-27,0.0015614504108448718,0.0012276927216962842,-0.0059189047100172195,-0.004857175635850916,0.0012456192207668587
2017-02-28,-0.0027026471740780396,-0.0030716868561265214,0.003703439592386151,0.0009230175401251751,-0.0007929993269185096
2017-03-01,0.013900550029636612,0.010862266734209288,-0.016898210758270082,-0.0014268817535848305,0.0036791539442384254
2017-03-02,-0.0063173545658187944,-0.005034236507560432,-0.0036062640100990684,-0.012508578672613836,-0.0031780149634954746
2017-03-03,0.0006292952175995386,0.0018334126098919162,0.0026012997191018927,-0.0005955140219629334,0.0004542086798171852
2017-03-06,-0.002982298769765735,-0.0022155920702408016,-0.004787442433501381,-0.006745539852068352,-0.003187493058309167
2017-03-07,-0.002991519281247906,-0.0016842875174293576,-0.0030354012947960557,-0.008086086565359004,-0.006519564507022793
2017-03-08,-0.0018582791637926266,0.0017607475475812668,-0.0054191621082460275,-0.006238117890961693,-0.0066784402078910446
2017-03-09,0.0012676591192968905,0.0007644033638504169,-0.008013373792381628,-0.005140919622256575,-0.002660235811043335
2017-03-10,0.0034979209301321547,0.00419467309077495,0.0035030625491695834,0.0021815968976861885,-0.0003472985072903438
2017-03-13,0.0005046064684744351,0.0016732641749501605,-0.0063311770339281115,0.00017429306368713733,0.0008105431490662234
2017-03-14,-0.003833732504884987,-0.0024343426126791135,0.004794737078106604,-0.005418130142925278,-0.0030147488801807844
2017-03-15,0.008616100690790971,0.006150361579896464,0.012141036103361308,0.018492494054676123,0.013724603837406936
2017-03-16,-0.001968671483131066,-0.0006816318126979306,-0.005076016512718855,0.004120559955210867,-0.002867717438020137
2017-03-17,-0.0017580894757463824,-0.00034919416493807155,0.006256682541700004,0.0022248383768926597,0.00034437982569164637
2017-03-20,-0.0010972870088895514,0.0009114599338182356,0.004289754242166074,0.004435011725417898,-0.0019538835123229315
2017-03-21,-0.012922722315067291,-0.015290127737528351,0.008274194505842582,0.008727009558066982,-0.007159411381533977
2017-03-22,0.002350134359814817,0.006756446399006177,0.003987556022773511,0.0024434516279076965,0.002430823950108877
2017-03-23,-0.0010674002418015263,-0.002528468855413379,-0.0014102937405470921,-0.001347399463717088,0.00034649572246152197
2017-03-24,-0.0007266529064487736,0.002069341230231395,0.003563540249202839,0.0015998188263156232,0.003461586903944014
2017-03-27,-0.001026922994305002,0.00160593216493136,0.004539704820689409,0.005621040603803889,-0.001037789352575626
2017-03-28,0.007250441852109265,0.006095802807519219,-0.006692951329345122,-0.0041077969016607725,0.0055189788815090115
2017-03-29,0.0009343634797547848,0.004623158164890411,0.005951056200873843,0.0024332009503229184,0.0020621527162654404
2017-03-30,0.0031792133627257186,0.0016621330535977442,-0.008108782025779427,-0.007233005455458062,0.004679283080867821
2017-03-31,-0.0023300442462206553,-0.0006794818079553956,0.0029029641274274545,0.002108015430704589,-0.0003417333041295181
2017-04-03,-0.0017410699124037442,-0.0006043580251994849,0.010036890802077328,0.005292550298656713,-0.0005376383497470289
2017-04-04,0.0006373999348053237,0.0015857994059137385,-0.005439370020258421,0.0022597345773738855,0.00034350843557642895
2017-04-05,-0.0029770358497188485,-0.004083336734180208,0.0030530922584079503,0.0,-0.0008016550502147658
2017-04-06,0.0028070571837728615,0.0005301399444358116,-0.0014838014882282886,-0.003685116697841802,0.0012591454104702408
2017-04-07,-0.0010199528245740442,-0.0005301399444358349,-0.004051342281205129,0.002346621760815808,-0.00045749036025552367
2017-04-10,0.0005952930381467632,0.00037884949475523104,0.004628720617951692,0.0,0.00137220484895493
2017-04-11,-0.0011906397014869437,-0.004326958717585657,0.009437885099531529,0.014378002485395934,-0.0019444708464784533
2017-04-12,-0.004391450416156795,-0.004040135329994919,0.005458038753300005,0.006825356086692966,0.0006872729928241918
2017-04-13,-0.006516290241374581,-0.0039797747887766145,0.003082396509798209,0.0047420728437496,-0.0020622229633646366
2017-04-17,0.008820967810416703,0.008247975586721534,-0.003082396509798253,-0.0029407031136137306,0.0029761667193175753
2017-04-18,-0.0029886027059393564,-0.0015223686346949757,0.012995020488352244,0.004733558474010278,-0.00022801011480828317
2017-04-19,-0.0018405356644821654,0.001598234751793023,-0.00546767196029255,-0.008914361418128501,-0.0009158161720396732
2017-04-20,0.00810655091902322,0.008330853789574665,-0.0038780230304989575,0.001887609614885789,0.0033137867607070694
2017-04-21,-0.0031920666889775576,-0.00022578833080297975,0.0,0.002865670925194773,-0.00079873288991436
2017-04-24,0.010937875629870275,0.011997475126265872,-0.004949573223953818,-0.006809117727285548,0.004669161500653915
2017-04-25,0.005801578543918569,0.007204311858954874,-0.012112978437370558,-0.010176758825308857,0.0018161949994657534
2017-04-26,-0.0006287493968216388,-0.0014071101768671503,0.005501840752550322,0.004894417227160271,-0.0009075057772302457
2017-04-27,0.0008383188332171546,0.005984678635589092,-0.0003278751091595523,-0.003730858335881937,0.0006807782425950108
2017-04-28,-0.002181463890822945,0.0017666868875582872,0.002209350625582081,0.003151414614046289,-0.00034040292530108864
2017-05-01,0.002516891140161465,0.008858146090148969,-0.008348040006615374,-0.009149943206636764,0.0005125685364236291
2017-05-02,0.00037679531074110914,0.0016746227169302241,0.005107747756925556,-0.00016711217732273407,0.0003418770488169026
2017-05-03,-0.0012150553609774153,-0.003206409118617164,0.0006573059236117099,-0.014055680078894413,0.000910217940918767
2017-05-04,0.0011731303822391807,0.0003647319865087419,-0.004939283416808422,-0.010137688898777003,-0.005361170447730021
2017-05-05,0.003929448364724847,0.0036420299303380615,0.0009074365047407717,0.0018819613581217375,0.0017146702778235551
2017-05-08,-0.00016676451207190622,0.0021786087119333047,-0.005456845806961937,-0.0022245229386793674,0.0011409558516162388
2017-05-09,-0.0009184408946015273,0.0034764718627078965,-8.238292618517638e-05,-0.006013737531638919,-0.0006845322273920111
2017-05-10,0.0017943080675229411,0.0005781800827971384,-0.0011615573884831412,-8.619187440805963e-05,0.004327167951768541
2017-05-11,-0.002044958565232909,-0.0007952600480146562,0.0,0.003956305862795571,0.00011400996519523712
2017-05-12,-0.0016723887710642232,0.002239366633113922,0.007524549316081331,0.0028286293961141936,-0.00034078109157854034
2017-05-15,0.005508294429587496,0.003169806228676023,-0.0027220403769970467,0.00264989304932151,0.0022702544726704186
2017-05-16,-0.0009159200590565412,0.004162744118014921,0.0037106011564291426,0.004344332691827055,0.001473105923632447
2017-05-17,-0.017903328278333377,-0.02575543346607846,0.014461267656266472,0.018026089242991115,-0.004425772327684514
2017-05-18,0.004020393795387376,0.008707509366515384,0.0011351093457894613,-0.008214659464641129,0.0011369039424635387
2017-05-19,0.006482988828586442,0.00421661522226787,0.002346611343766131,0.0049536558166890015,0.0018157624615885738
2017-05-22,0.0050646396784252475,0.008380847267355905,-0.00275187704310917,0.004178861021674379,0.0030574877829134804
2017-05-23,0.002210359507156146,0.001006532499035829,-0.006750843907987015,-0.006358807682167539,-0.00011330043979379531
2017-05-24,0.0023301558134227983,0.004589197329762467,0.0056155180619483595,0.003937188086656905,0.0016948207430321465
2017-05-25,0.004767944419605867,0.008477082486872702,0.0003244639241571151,-0.0010874337201151904,-0.00079062527163958
2017-05-26,-0.00020682990158073198,0.0017719624610498578,0.0017018728033072557,0.008832634206008617,0.0005647250460258004
2017-05-30,-0.0008691969721122388,0.000848885454781296,0.004928237407328731,-0.0033239313084347183,0.0010163268787384912
2017-05-31,-0.00024829245961557813,-0.00035305893858481415,0.0024951037709489052,0.003987406451696997,-0.00011338702058779083
2017-06-01,0.007920898507749742,0.0038848272642589385,0.000104599314064047,0.0008286937780719529,0.0029071487269393278
2017-06-02,0.0033224974477009048,0.011356504428596622,0.011771130968084003,0.007345383440385594,0.00056530316302571
2017-06-05,-0.0007372021780699866,-0.0002093014571534179,-0.00622871252987471,0.0009862969865506888,-0.0009042702428813681
2017-06-06,-0.0032021224878291056,-0.003981889526434654,0.005431913979384957,0.011191515796581182,-0.0015829890492685282
2017-06-07,0.00184847038770693,0.003912225916122293,-0.0047915294193926865,-0.005294262319270497,-0.002039305900132995
2017-06-08,0.0004924359729571616,0.0010455765285619066,-0.0026451963935318385,-0.006554676702975053,0.0007932814560332286
2017-06-09,-0.0015190147637405,-0.02532307137633885,-0.0015256167613875607,-0.009166426122606205,0.0007930784569751728
2017-06-12,-0.00020506437872538563,-0.005372635242517598,-0.0003219615668714383,-0.0014943988172197275,0.0016969238648321052
2017-06-13,0.00487793874503465,0.00808318133251647,0.00016083300115661767,0.0009965350816834196,0.0018067801124596462
2017-06-14,-0.001268359200239197,-0.004355334121739489,0.015318862457937848,-0.005493177805750778,0.00011293034419590411
2017-06-15,-0.001926273542325547,-0.0044458473143447665,-0.0015845324339485484,-0.00418165701990386,-0.003843255255652285
2017-06-16,0.0002185013961370815,-0.004348649060860219,0.0019802735494096678,0.00016757431865917162,-0.0017001227911784761
2017-06-19,0.008290533111306666,0.01658314155286841,-0.0014255917063198597,-0.00765446009733337,0.0030585824782407307
2017-06-20,-0.0067669938864545675,-0.00786246851078779,0.008916011324637586,-0.0021131828104241023,-0.0035126790002219612
2017-06-21,-0.0002470731245795115,0.009853634589286972,0.0020401519221598108,0.002872805881766109,-0.005804891326769915
2017-06-22,-0.0004527998618317666,-0.000283930012353939,0.0021928689184965767,0.0033692883509404193,0.0027360290824991213
2017-06-23,0.001193763786053662,0.0038305142881360234,-0.0004688867529667734,0.004279445503073095,0.004090271832677952
2017-06-26,0.0006575872300755084,-0.004684401878467736,0.0037490052977482173,-0.00899959554685728,0.001359430658917176
2017-06-27,-0.008088621577453674,-0.018304737523421707,-0.010738937343780956,0.003794725232620457,-0.003175525130637819
2017-06-28,0.008910232907384748,0.014313653948581565,-0.003315513084084378,0.000757258608664271,0.004081070233665568
2017-06-29,-0.008827607261204925,-0.017507304543945508,-0.00841674391699937,-0.004890000706728738,-0.002491905016036028
2017-06-30,0.0018627699218425227,0.00036333260933073036,-0.002315297709350044,-0.002538742638049931,0.002377958974078739
2017-07-03,0.0016943716934719718,-0.010590376922291948,-0.0032246236095556224,-0.01648835238074312,-0.00048798054550160423
2017-07-05,0.002309224784111469,0.009791130034765784,0.00024123016279391707,0.0036971824767883434,-0.0007963166589863807
2017-07-06,-0.009186386775158062,-0.009057131106378123,-0.00830841751482936,-0.0004291636859008885,-0.002506072947622393
2017-07-07,0.006464197157178228,0.010728261433733831,-0.006011587717665774,-0.010269798493159019,-0.0009126513716561086
2017-07-10,0.001073121677049607,0.0065119690726313986,0.001465704219439578,0.0016468254331296226,0.0011413245964450502
2017-07-11,-0.0007427070996936299,0.0028085933591695455,0.0017071694296224283,0.0012982088742114774,-0.0006841114638067973
2017-07-12,0.007486686233540596,0.011796497228156158,0.006880482899473172,0.0035397924292921755,0.006481867559205711
2017-07-13,0.0016790382361567074,0.0022008222422652,-0.006312208435569452,-0.0018115086761426493,0.0007938021614680404
2017-07-14,0.004652864769340957,0.007840594876567039,0.001216956637197883,0.008168900176639902,0.0028275687013414683
2017-07-17,-0.00012213856032739954,0.0004924887025746447,0.0027531579858356,0.004443348999716993,0.000338957644007103
2017-07-18,0.0005293743205238068,0.006659434272332873,0.008694837465866223,0.006966890452323186,0.0004514831170011672
2017-07-19,0.005399533313637183,0.005850799000031535,0.00040079050526306434,-0.0002540224323477312,0.0016911079419249667
2017-07-20,0.00044526459354747637,0.0013186679655247803,0.002880433436075584,0.00135406277392805,0.0005638876748249848
2017-07-21,-0.0008908701158808295,-0.00041623955316174134,0.0042259069751882416,0.008589562474350264,-0.0007888003005941919
2017-07-24,-0.00024312831105809286,0.004569469464249071,-0.003906503167407669,0.0004191258176561492,0.000788800300594256
2017-07-25,0.002427986978397352,-0.002559117144113916,-0.01310445476665394,-0.0032741446924645485,0.00044998211441001724
2017-07-26,4.0261242833029875e-05,0.0032497414022264193,0.0016174863670236968,0.008040236804836134,0.0014629390170608875
2017-07-27,-0.0009297652228181885,-0.006301057316158353,-0.004940595484124356,-0.0007510021513585564,-0.0007872922365606285
2017-07-28,-0.0011737414137070932,-0.0008340924493115315,0.005909253232666798,0.00748507747253413,0.00011245813631378513
2017-07-31,-0.000567346127041751,-0.004250383332810907,0.0012098258896870483,0.0004969976741389874,0.0
2017-08-01,0.002226395489479043,0.00230183400848452,0.00699672181748,-0.0008284878144892227,0.0009933222039437547
2017-08-02,0.0004851436677811946,0.0027127479362706493,0.0005616004082159952,-0.002074259170059369,0.0002254262994389544
2017-08-03,-0.0019417033905493218,-0.0038980301599770193,0.010290775888253301,0.0015767861990997622,-0.001919044797417827
2017-08-04,0.0018202794784326318,0.0018116855025689287,-0.008527864818888758,-0.007825504639997654,0.0002255274540769925
2017-08-07,0.0018576589010482997,0.006315064021698346,0.0011198819859473002,-0.0011707593535363761,-0.0004522299374753312
2017-08-08,-0.002463860829820754,-0.0017308828748195046,-0.0036048516154241084,0.0029243323685439523,-0.00430528628743723
2017-08-09,-4.057364298268679e-05,-0.0013171628172107285,0.005441661408074502,0.012024832535234332,-0.003867895318071583
2017-08-10,-0.014215783243894506,-0.021673898517986772,0.008503503453665729,0.007391636301004261,-0.006402309418400996
2017-08-11,0.0014756669016101362,0.0075581274055025694,0.0004748698272612049,0.004734717669981235,0.0017196353898970833
2017-08-14,0.009864380924931486,0.012796083098954419,-0.005155128273420763,-0.007110509708619983,0.0052529564257995775
2017-08-15,-0.0001216530161917607,0.0006946535533112669,-0.004221967416577649,-0.007739806493235807,0.0003419567796701344
2017-08-16,0.001742779554966692,0.0017343572382793463,0.003665620671872859,0.007329654945785988,0.00011436060685850833
2017-08-17,-0.015713488286850902,-0.020658502999571105,0.007449951679205859,0.005074451187161252,-0.005595196700133332
2017-08-18,-0.0015646597960091598,-0.0007078144289641707,-0.00023730876721229083,-0.0015523089133794997,0.001487432792068886
2017-08-21,0.0007825634599393522,-0.001275375814624056,0.002445139790674553,0.003754179507042542,0.0010284174985714773
2017-08-22,0.010402779356210758,0.015128046815588563,-0.003867263358742474,-0.004490378194735464,0.004103055396088039
2017-08-23,-0.003591853638434203,-0.003567786874406415,0.006778688543941869,0.003756939159508119,0.0001133823395073605
2017-08-24,-0.0023334190030488877,-0.0029478525424584687,-0.0036994889283628565,-0.003102527430184758,0.0014780245984823996
2017-08-25,0.0023334190030488457,-0.002111121332160109,0.003856412856898111,0.0036729988686282277,0.0018153330067420266
2017-08-28,4.101991632661458e-05,0.0030947046995100642,-0.0006284693693534158,0.015762397031869272,0.00011292631147510081
2017-08-29,0.0011441372348421255,0.003924460907774092,0.0032171674850123124,-0.002167752218151974,-0.0012474053218278177
2017-08-30,0.0047263462036850855,0.011682036008175146,-0.0003135289155495164,-0.0004823342716563527,0.0027197745606548415
2017-08-31,0.0059978065417492,0.010658741100507244,0.0029731633586691907,0.011671721617894353,0.00271225714911996
2017-09-01,0.0014134631533869787,-0.001369036733167961,-0.007678448389644327,0.0019056530015576626,0.0010196527845251753
2017-09-05,-0.0072078962781305855,-0.009012742636852701,0.015733756329558663,0.011044617985341777,-0.002266902849321751
2017-09-06,0.0034078375895282742,0.003036280014502246,-0.006154556581581576,-0.005112698708954078,-0.0006808211204257025
2017-09-07,-0.00012147562097604353,0.0023396753394105694,0.010184862976865765,0.010355527635419215,0.00011371320866379006
2017-09-08,-0.0011753112403429169,-0.008699176725156143,-0.0021685077011510028,-0.0012495406412696415,-0.003185060835218447
2017-09-11,0.010609338787787049,0.011445000697977856,-0.01200975299683069,-0.014007143976598416,0.003185060835218355
2017-09-12,0.0033649058845909344,0.0023969668991835045,-0.0052702461912924135,0.0029277577169540335,0.0012477465840746512
2017-09-13,0.0004798482310825065,0.0013667566068430019,-0.003951347748948852,-0.007534611170577271,0.0003397247013477476
2017-09-14,-0.0003199436104695,-0.005890698164711984,0.004109205836736236,0.004369098124020519,0.001359707793824702
2017-09-15,0.0013452966813366164,0.003428679429475171,0.0003942621670452322,-0.005006207576558888,0.0009051658099492081
2017-09-18,0.002124704715737677,-0.0013112570891707692,-0.005770977096570535,-0.009364174007229185,-0.00045199022636049587
2017-09-19,0.0010005513189283932,0.0017162857494869626,-0.002461051242330036,0.002088539057238403,0.0010174080257834576
2017-09-20,0.0003598386865971074,-0.0030912159135738746,0.0007152043573859756,-0.008056762706663206,-0.00011258216226949798
2017-09-21,-0.0026828154183089928,-0.006141635504614033,-0.0005561293635329756,-0.007633024715442955,-0.0012444255664338262
2017-09-22,0.00020046929542856352,-0.0009698522513811161,0.00285651238668466,0.0045543146609353605,0.0010181733604630672
2017-09-25,-0.0020466748794630398,-0.010588035716188438,0.006240764423560032,0.01041298453601274,0.0005654995872719965
2017-09-26,0.0006023981535888349,0.0025876421410482246,-0.0018129249370560218,-0.011224726404076811,0.001242387722227538
2017-09-27,0.0038866316019998794,0.008970245826521292,-0.015182693145129897,-0.009464790137827282,0.0004512870120496517
2017-09-28,0.0011993220725882707,-0.0003466516668480486,-0.0029681203475666234,0.0018837445698112896,0.0
2017-09-29,0.003508918379293465,0.007176099707959789,0.002246761870106492,-0.0051683715774128456,0.001465190685063199
2017-10-02,0.004329203205082416,0.0008931386738953071,-0.0018326773416400127,-0.006684614889873803,-0.0005092970889741403
2017-10-03,0.002137785335702117,0.002127252048796196,0.0009650527924178864,0.0004967317019956395,0.0018100282907248526
2017-10-04,0.0011859327069645817,0.0009594203188237531,8.056497487901788e-05,0.0028098889387879367,-0.0010175286263537971
2017-10-05,0.005907420408255808,0.009744785839977718,-0.0037851091571670854,-0.005378816723625571,0.001242925366826085
2017-10-06,-0.0011393544097959409,0.0013554885218786596,-0.0028276285195561954,0.0047183541150492775,-0.0014692997231410144
2017-10-09,-0.0016525042170437102,-0.0011521357659207072,0.0031500856456296495,0.008142542011554031,0.00011301928880358747
2017-10-10,0.0026349803083498178,0.0007456382836301072,0.0016124042825253681,0.002617800009600174,0.000791683186896482
2017-10-11,0.0015696683349934453,0.0029766781585299977,0.0019302484816852352,0.0031812040839063376,-0.0010187108126570752
2017-10-12,-0.0014914668158288644,-0.0018255100600582327,0.004251059107137357,0.0008140547013934963,-0.001131234429277651
2017-10-13,0.0012169406353342688,0.0038499900742862856,0.007177296270569207,0.007539254296557061,0.0004529822958591809
2017-10-16,0.0013326388715663576,0.0034322486210556203,-0.00071591257577242,-0.006888462515220647,0.0005659045987900904
2017-10-17,0.0007048326725727469,0.0012753708227198188,0.001271504568198114,-0.006854404417199568,0.0014702588542541723
2017-10-18,0.0009779738783491179,-0.0012086856202935285,-0.006612905971750991,-0.0037735819439878113,0.0010160073348298535
2017-10-19,0.000273836655579222,-0.0037011211862397033,0.0017571366155045526,0.005900215657301968,0.00011262505680118992
2017-10-20,0.005147150001945521,0.0026934182700748626,-0.010670830778096736,-0.006393454395473306,0.0009021425609720607
2017-10-23,-0.0038971780641444964,-0.006544407198201964,0.0017732543695936924,0.0015611723194451613,-0.0011274749367439932
2017-10-24,0.0017555859949806548,0.001690647422593376,-0.006218991393239108,-0.0038662591759729935,0.0
2017-10-25,-0.004962201139282747,-0.003791014460766773,-0.004791740889157286,0.0001647984431062872,-0.0028257964230029506
2017-10-26,0.001291471416708801,-0.0031929474152642243,-0.0033426768003143614,-0.008440935931398883,-0.0012463680343777093
2017-10-27,0.008143304799099395,0.028707661827874046,0.006593778853686901,0.0047257865747334146,0.002716455407984041
2017-10-30,-0.003732008000873718,0.0022451607082677218,0.009529028623641023,0.0019005561122998722,-0.0002261070764250742
2017-10-31,0.0015565203710732457,0.003753189279483503,0.0003216116651742252,-0.0038047944426046506,0.00022610707642510767
2017-11-01,0.0013214495559981316,-0.0003284906585317718,0.00444265081946042,0.0036396966611634005,-0.0009538290082119251
2017-11-02,0.00038822155745550294,-0.0019081434229523153,0.0043994735200563306,0.0006603535530684753,-0.0005684501008171465
2017-11-03,0.003333216732883233,0.009571179255797186,0.0027099050424663983,-0.0047144513322975885,0.00011435774792997272
2017-11-06,0.001546560619932625,0.003386894964157452,0.003733800228332542,0.008502950979344039,0.0001130192135260961
2017-11-07,-0.0006958289495909948,0.0005850467907409617,0.0041938783498240055,-0.0036235108435323914,-0.0028457598497136005
2017-11-08,0.001699295181282912,0.004020897194716736,-0.002213616445985233,0.003459056119704665,-0.004454031470117682
2017-11-09,-0.003634132385733134,-0.005256339227322817,-0.002852871245007293,0.004102401645100611,-0.004935140621424529
2017-11-10,-0.0003098537975554155,-6.52205928993929e-05,-0.015194046705866831,-0.008221702339946372,0.0021842127544851437
2017-11-13,0.0009294091006452209,0.0012354174936910886,0.0020922525514165133,0.0014849063034307734,-0.0006895330333027171
2017-11-14,-0.0023251783645790434,-0.003646091174301372,0.006732095780021611,0.002058715307154061,-0.004259590265641427
2017-11-15,-0.0050180834743892835,-0.004707359903022195,0.010804413907152819,-0.001234670245587114,0.0
2017-11-16,0.008465160677062256,0.01269854289586944,-0.008729971892300872,-8.238652462762423e-05,0.009758660352900224
2017-11-17,-0.002943071796109624,-0.003825245172625372,0.0073853955409631175,0.011954609509226865,-0.0006855919440673788
2017-11-20,0.001704967771797941,-0.0007797137011636286,-0.0003955039426978062,-0.012696268046166224,0.00022853610515585865
2017-11-21,0.00652134052476867,0.010797739545472597,0.003160987264684225,0.001647348843739489,0.002054968158373219
2017-11-22,-0.0008847722746980613,0.001221174354445278,0.003229689113844944,0.009175087875408043,0.001595992204554004
2017-11-24,0.0023070956642787174,0.0036537731887290696,-0.002756241704426148,-0.0025311102507151856,0.0006832875325557795
2017-11-27,-0.0004994338160753044,-0.00044746577721443997,-0.0014206245719311501,0.004160741332319787,-0.0030781970177033748
2017-11-28,0.010093767498766703,0.002557809083619011,0.0013414331421345506,-0.00016287471547679085,0.0030781970177032655
2017-11-29,-0.0006087850973767703,-0.017587782279579016,-0.009907982553488104,-0.006289558392421287,-0.00125295741389079
2017-11-30,0.00871680644242038,0.008349075954970612,-0.0033503981232611397,-0.007732229391441411,0.00022729153145966498
2017-12-01,-0.0020776180036119617,-0.004262984055565758,0.013404119266603978,0.0040380612309282235,-0.00032032111836280966
2017-12-04,-0.001210415123584512,-0.011588876540061134,0.000473659735311408,-0.003377653154607993,-0.0003426753321918159
2017-12-05,-0.00360339567038818,0.0006550969100351013,0.004964002213890734,-0.007122188370048705,-0.0005729736220025903
2017-12-06,0.00019002548567745794,0.004504718246593651,0.003451669318719524,-0.002079954164184071,-0.0009166983714408015
2017-12-07,0.0031479923254010985,0.0033822498780639327,-0.007862819375996909,-0.013246352701112026,0.000458489250944911
2017-12-08,0.0054382243163240895,0.00440514028719651,7.902072903308698e-05,-8.43525069872456e-05,0.0010311827424983053
2017-12-11,0.0030084762021315823,0.007726903925441136,-0.002053759944513671,-0.003974813553107367,0.00022864982379265105
2017-12-12,0.0017635037575243068,-0.001347658822228693,-0.0003962130272049752,0.0011856318079057743,-0.0004577718821178467
2017-12-13,-0.0001125242808101723,0.00192458254315488,0.007488695463804852,0.008596013189973703,0.0005717973905171027
2017-12-14,-0.004094861941520658,-0.0007050013500411418,0.0042321945301272154,-0.002015942432484809,-0.002061951183596217
2017-12-15,0.008293263071802625,0.0112910577253798,0.00374726316254384,0.00209987057429634,0.0001147384320721594
2017-12-18,0.006321063529435494,0.0083490275718925,-0.009157752749047834,0.004604277886820867,0.0010315637973296163
2017-12-19,-0.0038477742461667523,-0.005943258057518001,-0.013058748303405879,0.0007513783425439744,-0.0020645436128448593
2017-12-20,-0.0005240925813303633,-0.0010782342079810416,-0.011134909356969001,0.0026671102328525206,0.0008030691684339208
2017-12-21,0.002057477892730198,0.0001267789245560107,0.0058114021659336264,0.0014140004111240193,0.0010477676901561805
2017-12-22,-0.0002616104466065425,-0.0011433321469272784,0.0013632052196231534,0.005222850279184247,0.0009199025420479107
2017-12-26,-0.001196712644144378,-0.00541584422802317,0.0029612254654942647,0.006839416919106556,0.0014933360568644915
2017-12-27,0.00048643094339111386,0.00012790617455382756,0.012941788762394286,0.003770551302149118,0.00045929755661549014
2017-12-28,0.00205498764119547,0.001213006706044592,-0.0008686652680720693,0.0050595432932777126,-0.00045929755661542037
2017-12-29,-0.0037773689921331804,-0.00620822779458983,0.001578322260865628,0.006490919761210391,0.0014913185985105089
2018-01-02,0.007131600591203034,0.017375084610040392,-0.010858474279838843,0.012058023762451863,0.0009161799898305303
2018-01-03,0.006305702262692721,0.009669693107875387,0.004769843558233868,-0.0026403330092135157,0.00479753977091601
2018-01-04,0.004205470022527112,0.0017483803887441557,-0.00015854281914131182,0.005114278310262769,0.0017078245768437834
2018-01-05,0.006642041670681378,0.00999255056970156,-0.002859644760246005,-0.001036702137934486,0.0006818573237427997
2018-01-08,0.0018272152868470284,0.0038834405536558826,-0.0006367106623937471,-0.0001596255390370604,-0.0007963187018949027
2018-01-09,0.00226094478519013,6.123535532844632e-05,-0.013462891532315918,-0.004639219643041588,-0.003076109353024303
2018-01-10,-0.0015313484439192318,-0.0023399291230538433,-0.0012105153023018204,0.002402270692406848,-0.0021708173682171957
2018-01-11,0.0072696115376160025,0.00682095807976225,0.00411118218424858,0.003273877321212141,0.003311773217180423
2018-01-12,0.006497670023583332,0.007322180387443778,0.001687413431510255,0.012044492942167013,-0.0017114705522729451
2018-01-16,-0.0034239661864175876,-0.0028615349501107286,0.004167433931681017,0.001652690627169873,-0.0005713271651279182
2018-01-17,0.009486242639184177,0.010733509788240864,-0.0013600227836412892,-0.008132363237354055,0.00011459749589193045
2018-01-18,-0.00168213087404712,0.00018078625528815487,-0.009332972155659848,-0.002222213448585594,-0.001029275157377399
2018-01-19,0.004539705928676156,0.003131323819289531,-0.005268430821642837,0.0044394996120163946,0.0010292751573773807
2018-01-22,0.008097742914529927,0.010644284213241458,0.0009746866717343924,0.0018177059354296304,0.0009132508317088008
2018-01-23,0.0021206425409955277,0.008233492821337306,0.0042937441499082815,0.004961985943158681,0.00296294169999439
2018-01-24,-0.0003886099859907316,-0.006510163649308836,-0.005430717451009821,0.012104345577545294,-0.0014800266378123456
2018-01-25,0.0004229913449502478,-0.0003567137361257935,0.008174765643743465,-0.006697849027902464,-0.00068433063902414
2018-01-26,0.011511929015123311,0.015209269312413919,-0.0037147161793772815,0.0007811756386790387,0.0007981552720114175
2018-01-29,-0.00665202115728132,-0.004867797405473927,-0.006982999858308702,-0.005637857183470335,-0.0035392656842553635
2018-01-30,-0.010309969032666915,-0.008264298121939089,-0.005883899319857898,-0.004328123373076199,-0.003435818149381648
2018-01-31,0.0004964533365050227,0.0041405911280021435,0.005883899319857885,0.00668108957049156,0.0017193498175029557
2018-02-01,-0.0011356520889766472,-0.008536677389676162,-0.014598450005257028,0.0032848909860550284,-0.0018885275019031068
2018-02-02,-0.022010552505176355,-0.020146725614024617,-0.009322866927598417,-0.013204686797240324,-0.006358234289505331
2018-02-05,-0.042722038120074884,-0.04022519443917881,0.0094053740595643,0.0025286437555192493,-0.005582690881162924
2018-02-06,0.01951039611797762,0.026154366712904956,-0.006232654595624597,-0.01055189964568088,0.006046364957174757
2018-02-07,-0.005439458676463274,-0.013022895810643175,-0.00954835198586546,-0.004716772083453344,-0.00371662544838788
2018-02-08,-0.03823037863422973,-0.043111000228342994,-0.0010950896989093235,0.001521419504394612,-0.008765238737884623
2018-02-09,0.014909748503875137,0.017122279694025026,-0.006338650152903811,-0.0016817358427458674,-0.0028210210573647626
2018-02-12,0.014577834478463489,0.0175896419345273,0.004398688028657984,0.0047973715177869495,0.006804059005818348
2018-02-13,0.002484312663421536,0.005147849137660227,0.00446452879615157,0.005647253596785453,-0.0031617843701208645
2018-02-14,0.013405937593722033,0.01855069760652756,-0.011155430219002718,0.0169088525197643,0.0017578755348631727
2018-02-15,0.01267946702430516,0.018393841993014838,0.0033935965660572675,0.0011691607653979673,0.008046184210921776
2018-02-16,0.00029300693727428515,-0.004475660944791831,0.005405814024347023,-0.0032769459911664296,0.0040567200350161165
2018-02-20,-0.006281217237060958,0.0019982064613126515,-0.004389485943553184,-0.013532867750937797,-0.0034759488782035246
2018-02-21,-0.004986495680896934,-0.002847568275372142,-0.012344814912675292,-0.004604964057785746,-0.004537670822939341
2018-02-22,0.0012954018662529579,-0.00012089285506137684,0.002993557011194005,0.005080177401414419,0.000699548042508686
2018-02-23,0.01581366797302539,0.02024240485673412,0.008842973305252117,-0.0012676571223934087,0.006619903919573913
2018-02-26,0.011545284074793761,0.013173023077748428,0.00033866324699159943,0.0024545525850455277,0.0017343415740267282
2018-02-27,-0.012565269446320743,-0.012459822532635804,-0.0014397366486376155,-0.010493774054732095,-0.0026609999127236894
2018-02-28,-0.010181731727985907,-0.006437962701232991,0.006336101195272989,-0.0010394376248337527,-0.0015072580131406284
2018-03-01,-0.0146474152848903,-0.01646147122300068,0.006803106543599608,-0.0022425027652310265,-0.006650604167505766
2018-03-02,0.0051416722028762175,0.009138609420125187,-0.008162435114798082,0.005357640797750738,0.005613194488032757
2018-03-05,0.01149177703922012,0.011023882097444634,-0.0027076707282455577,-0.0016761714003699012,0.0
2018-03-06,0.002531380505198066,0.004221551999488456,0.0009316642486912653,0.010726720619181963,0.0013986529438887731
2018-03-07,-0.0003660700145304761,0.002311514798245585,-0.0011013400000683547,-0.006422202914569186,-0.0024486988609996986
2018-03-08,0.0048273172707099295,0.005489898340519927,0.005745610941066972,-0.002389131123572836,0.0011665636096447709
2018-03-09,0.017252784683939284,0.019241112120874263,-0.0065931736461484905,0.000956349666608725,0.0036083472921083393
2018-03-12,-0.001255844754927026,0.005299342305539551,0.005750055119699109,0.0,-0.0016275833416995078
2018-03-13,-0.006483939813171642,-0.01370803660442054,0.005046681876805806,0.001909899228192024,-0.0031473275600535666
2018-03-14,-0.005144729265315015,-0.0001746783242970994,0.008771052180918532,-0.0006362480921955626,-0.0011679966337303734
2018-03-15,-0.001090470178549834,-0.0008739436565545099,0.0,-0.0063846619697597,0.0007010885993966788
2018-03-16,0.0010839511555185482,-0.0029774741065734674,-0.0035828023939443007,-0.002404835241203122,0.0021005325618991657
2018-03-19,-0.013622740958644257,-0.021567378865374656,-0.0031759638887611133,0.0021646240154515875,-0.004088263581711175
2018-03-20,0.0016991111369777734,0.0032860608552633544,-0.004027886903563371,-0.0044947919586221805,0.0019877310198120604
2018-03-21,-0.0019210645078536481,-0.004364004618881094,0.001092229791731895,0.017305793278474,0.00035039530871088496
2018-03-22,-0.02531500243083587,-0.02499218285590604,0.009860789415587086,-0.0039610286020946425,-0.005973269805448671
2018-03-23,-0.021544841922010165,-0.026705009553272225,-0.0007486610372591783,0.01285555168848731,-0.002586525896696441
2018-03-26,0.026991539187389883,0.036484842658594016,-0.0038355773481098805,0.005236622780197456,0.006455650465456852
2018-03-27,-0.01715798864829275,-0.032894742332309775,0.010636071230912853,-0.006177451915059315,-0.0009361823253294403
2018-03-28,-0.002959247888352311,-0.011570469510280488,0.0026416780301952176,-0.013901136089334824,-0.00046859687566584056
2018-03-29,0.012696578941020633,0.018149307820646318,0.004851627400258125,0.0004770798243684067,0.003391975147544829
2018-04-02,-0.0218211345012524,-0.02927606994482689,0.0019713688014784975,0.01161839746199109,-0.0038886049701094233
2018-04-03,0.012735619721259143,0.011190163614136805,-0.007742851530186766,-0.0075722010717776825,0.002821401454559862
2018-04-04,0.010642488461395752,0.015647128083629055,-0.002069122936634165,0.0011868954626521053,0.0022275610758526534
2018-04-05,0.007860826818489564,0.005680456091828556,-0.007485245169238318,-0.005153580456720969,0.0008191682726104986
2018-04-06,-0.02253759672627935,-0.02534136962743987,0.010876515493671494,0.004678991304775993,-0.0022260171056489504
2018-04-09,0.0049161632050752375,0.006998218758809202,0.0016504113961156306,0.0033963960355940744,0.003745732246310168
2018-04-10,0.01577549598913902,0.021823168072551583,-0.0018152709216603914,0.002362787969159084,0.003615563868497201
2018-04-11,-0.0052564243742843075,-0.0057859728192163834,0.003544909715871059,0.007757730797944395,0.00034929984842419534
2018-04-12,0.008193907856046092,0.011969999965919376,-0.007351585822879737,-0.011698777825105413,0.0036011433177232668
2018-04-13,-0.002937483481761833,-0.005192284810151678,0.0023186388157634265,0.00653361006986455,0.0005795023482021686
2018-04-16,0.008187934094271179,0.007593377076652725,0.00033074942899092853,0.0014113245973425364,0.0015055259646814328
2018-04-17,0.010641437333697514,0.021296964962633863,0.0027253038631962685,0.000939797609092718,0.0004625798389192731
2018-04-18,0.0007400529957823529,0.0020447801023823916,-0.008031036876969566,0.0007824607184664891,-0.0010415582217008336
2018-04-19,-0.00556276074862435,-0.009234617467280756,-0.008179582918539176,-0.001957330849889553,-0.0031307107393246016
2018-04-20,-0.008515884448726795,-0.015953602086338323,-0.007233508459009676,-0.007630932179694891,-0.002441636037146668
2018-04-23,-0.00014998672997096612,-0.002529595549082063,0.0002528714558790209,-0.008007927882251619,-0.0026819634740228434
2018-04-24,-0.013558508575513396,-0.021415043350403257,-0.00456772399057946,0.004844167468111617,-0.0019865046240916725
2018-04-25,0.002468614979475737,0.001198611972415009,-0.00672050012239649,-0.006517267321502421,0.00011731000574956441
2018-04-26,0.010114105292469562,0.02083409318274114,0.006975377728786614,-0.0035146807713917604,0.003502264169436352
2018-04-27,0.0009382881058087809,0.0006171811637478687,0.007683310773765098,0.0042320403061771,-0.00046599871558084124
2018-04-30,-0.007720339719586347,-0.007120335318492661,0.001764422364800379,-0.00727744165435215,-0.0007001772682017388
2018-05-01,0.0017754782697056602,0.011368030437296896,-0.0036077791469379715,-0.007088207443339079,0.0007381774730707641
2018-05-02,-0.006740113842086351,-0.005914929386566908,-0.001098694298859141,-0.00048510316641562344,-0.0003516622070791097
2018-05-03,-0.002206107316258281,-0.000123731152372061,0.004471342110298206,0.005082068394914099,-0.00011727160334169125
2018-05-04,0.01286332839763046,0.018796284833438513,0.0015135738112278532,0.0020898820929316714,0.0007030729526709859
2018-05-07,0.0033779164553137987,0.008275392916657201,-0.0015981852897998736,0.00024084765259023235,0.0009360087423913441
2018-05-08,0.0,-0.0010232913063793023,-0.0009265898911903384,0.0001605124693187213,-0.0015218100917205922
2018-05-09,0.009619210753321774,0.010840258472375299,-0.005999594249122966,-0.002088981225264128,0.0016384695285756347
2018-05-10,0.009306651101456663,0.010310924921750031,0.008020236229401742,0.006813368242228766,0.0029196117084579767
2018-05-11,0.0030469204429976458,-0.0009434830994297552,0.0025194392792384835,-0.0014389666321499815,-0.00034969693754275776
2018-05-14,0.0004765411369212208,0.001709603911271661,-0.005298824410570544,-0.0040883630684626394,0.0002327492116115906
2018-05-15,-0.0069110471013621895,-0.011136628244425057,-0.011447777229031534,-0.016277595476396185,-0.004909600789886331
2018-05-16,0.004196229020196187,0.006590173780760411,-0.0038450674346182778,-0.0015524980696371136,0.0012880025773581837
2018-05-17,-0.0008450095548841264,-0.0038538114770141304,-0.00506414343581085,0.0005722435830601718,0.0005851114936700525
2018-05-18,-0.0025031187051095622,-0.005181537440104325,0.008568051080509075,0.00040857173330558584,-0.001052984585165179
2018-05-21,0.007490510394276524,0.0055971142679577856,0.0005118626550059147,0.0005716827532715196,0.0014037331961564274
2018-05-22,-0.0027842746272869335,-0.0013072004881250461,-0.0015356237648939351,-0.0005716827532715781,0.0007019679114497851
2018-05-23,0.002747262858460804,0.008408012654898761,0.007232715764217549,0.0010614187645907496,0.0008173149816568128
2018-05-24,-0.0020502285352037115,-0.00029502100505161274,0.00793847334478221,0.00853209120176816,0.0005833976845913095
2018-05-25,-0.0023855352685920603,0.0010022989336108741,0.006205383965410097,-0.0030793967645780895,-0.0016349038117237761
2018-05-29,-0.011567667891731885,-0.004428573482749569,0.02166706176749424,-0.00016231041385129715,-0.0042162728697052575
2018-05-30,0.013256168837066791,0.007135243900162244,-0.006731494843696355,0.001460093554237964,0.003046945874530097
2018-05-31,-0.006144540874959375,-0.0006465502265214264,-0.0016486953257160931,-0.0021909715513725716,-0.0009364470693532678
2018-06-01,0.009769749783283791,0.01557736672905512,-0.005297082545985888,-0.004967644235411557,0.002280215644622398
2018-06-04,0.004740135170600132,0.008990507963465729,-0.007258649496617942,-0.0009801121170807511,0.0021099896394829337
2018-06-05,0.0007275040313707294,0.0030933262534168014,0.002342069292147263,0.003914822104047846,0.0011707372599031136
2018-06-06,0.008325660338684877,0.00581652262958985,-0.008135862445458466,0.0005696358194504353,0.00245404023898293
2018-06-07,-0.00010798711097362804,-0.008164383439742033,0.009638488295862446,-0.0004882216623280107,0.00035090071076800545
2018-06-08,0.0029517427523436976,5.7526462765950185e-05,-0.0030076760609830597,0.0012201695433653895,-0.0005842535051413434
2018-06-11,0.0013289545525205781,0.002690348555388818,-0.0018421879349021242,0.0017868849442266759,0.0018658550561087672
2018-06-12,0.0012917878580057775,0.005245862356362703,0.0002516523735927538,-0.003332688774722517,0.0008160855735550394
2018-06-13,-0.003196212463807005,-5.652205160791455e-05,-0.0005031229631532016,0.003008032375587246,0.0003484471448850975
2018-06-14,0.002514726506811639,0.010073058651901154,0.008265564004314338,0.0015411027282310494,0.0029056545796553325
2018-06-15,-0.0012763975167125602,-0.0034967619819149436,0.0009139230275133395,-0.016672509186741995,-0.0005805804618316068
2018-06-18,-0.002059299392947878,-0.0005779893115907298,-0.0009139230275132627,-0.0018972637609840908,-0.00011551973772075843
2018-06-19,-0.003839839517720005,-0.0028368862505098714,0.005803610930739558,-0.0025629178089953803,-0.0013944875402768118
2018-06-20,0.0017042979051759453,0.007077046594444142,-0.008801283115292567,-0.0044802273887545,0.0010455632171062215
2018-06-21,-0.006288270553845218,-0.008726207074664462,0.005239963071864623,-0.0017477352868705306,-0.0020927758860729674
2018-06-22,0.0018213586707229224,-0.0022219437350197635,-8.320379407635186e-05,0.0024126912728642744,0.00011594089081327401
2018-06-25,-0.01370607398194222,-0.022788037928913332,0.002238347711261485,-0.003746388732216758,-0.002329929331080472
2018-06-26,0.0022112405487731425,0.004076640770294364,0.0014061761262426059,-0.0052686490212925504,-0.00011746325696411773
2018-06-27,-0.008318559819702365,-0.013692631844664177,0.009379440382793237,-0.005718147886604777,-0.002102622646646598
2018-06-28,0.005701259253276431,0.008565194669637975,0.0002458028576104842,-0.003040547998821346,-0.002809785994649276
2018-06-29,0.0014386402263540155,0.0026835411692033443,-0.0034447485393856365,0.0036306900201949913,-0.0023478611883969653
2018-07-02,0.0021354985808007716,0.0066771893749477795,-0.0007825262120836069,-0.010080153442110952,0.0009553299792064557
2018-07-03,-0.003537466753306254,-0.011641690246350466,0.005341806933443,0.010080153442110855,0.00011820615145551061
2018-07-05,0.008125230787193917,0.01233588005637909,0.0028649609876139196,0.0033656028250155126,0.0037664535925683727
2018-07-06,0.008422323569846181,0.015436648321426378,0.0032642898473141404,-0.0015972634935638506,0.0025816233729565527
2018-07-09,0.008963918760026923,0.008956770144653821,-0.006456822306772909,0.002436881277559937,0.0015227849995002247
2018-07-10,0.0035921809296656213,0.0007336492376916429,-8.228840223768809e-05,-0.0018481290459546572,0.00011664078712436447
2018-07-11,-0.0073415784188069575,-0.005088575604039968,0.00384674998032538,-0.010905978807671088,-0.0015222596019028476
2018-07-12,0.00902561202433616,0.01708470218145134,-8.150255768429781e-05,0.0041565812124297165,0.003159140693015384
2018-07-13,0.0007868861620957122,0.000835788630309047,0.002529359316042334,-0.004411618657356192,0.0
2018-07-16,-0.0008949312107396529,-0.0023971530204129426,-0.004164387648091415,-0.0005102701051305093,-0.0007015392062824325
2018-07-17,0.004037530543476213,0.006064973860452728,-0.0018840119588293379,-0.010862735754725461,0.0003509697942991814
2018-07-18,0.002101436426174832,-0.0018879224344310669,-0.004025525157402245,0.00025795416772476286,0.0004670751614241925
2018-07-19,-0.0037786132738952703,-0.005014667261871157,0.006318445468703381,-0.004308123245285948,-0.00046707516142421466
2018-07-20,-0.0011435889964371744,-0.0002230278008369732,-0.01234492385409916,0.006455244826308788,0.0004670751614241925
2018-07-23,0.0018575529616250055,0.0031790990341595,-0.012415328058001706,-0.004815949835095058,-0.00035066721919273247
2018-07-24,0.0050194778809312,0.004112695513954625,0.0034316511332098984,0.00034477603659500224,0.002101054256836396
2018-07-25,0.008486071570531944,0.013880014577144113,-0.0015889363952378424,0.00550018047205447,0.0018634830453051001
2018-07-26,-0.0023616232036069652,-0.015267512706761958,-0.0019263699182171204,-0.00782971239395345,0.00011717669903997143
2018-07-27,-0.006799289581464049,-0.013588021338934317,0.001675275693444747,0.0005181795313150905,-0.00034963735063130164
2018-07-30,-0.005237371871361398,-0.01423200549115676,-0.0034381455310430274,-0.001555212880989931,0.0003496373506312002
2018-07-31,0.004917528596136438,0.0076230216628297735,0.0054456236235342305,0.0029355602050311473,0.0020916779689368384
2018-08-01,-0.0016724146873336307,0.0037901018078196585,-0.008180661296263712,-0.007355188129705078,0.0008981345872338912
2018-08-02,0.005432953211701744,0.013515023075417553,0.0014343778784772544,-0.0053993230298752665,0.0005820033141718569
2018-08-03,0.004276231191851592,0.003058617406734738,0.004960683074496414,0.003486767260953241,0.0008143184879362023
2018-08-06,0.003660389741833806,0.005869108133190103,0.0005875021836229772,-0.005147198608389075,0.0018605186796573536
2018-08-07,0.003296576463299058,0.003636985371216004,-0.005211353706403722,0.002271488910587502,0.0004638005986188162
2018-08-08,-0.00042024652115681826,0.0012093066030115667,0.0010109579590854118,0.002788736658924094,-0.0005803161977053098
2018-08-09,-0.0013670676243740284,-0.0006045146759024922,0.008382735962479803,-0.0014805645831976347,-0.0006972500233309547
2018-08-10,-0.006722619039809727,-0.007670584754083915,0.0072365794883903585,-0.00043582289228197795,-0.0017442574975279615
2018-08-13,-0.0037508435131822595,-0.001108473197839044,-0.0020739054533555953,-0.015199092023381782,-0.0006988173618198933
2018-08-14,0.006360341124897013,0.0062473299546306265,-0.0022450535585184475,0.000973327608104041,0.0017458193728429128
2018-08-15,-0.007495167302068727,-0.012310527790631836,0.005809425474907888,-0.016766621575930757,-0.0017458193728428785
2018-08-16,0.008058717278991212,0.003286493203827363,-8.238408960723236e-05,-0.0008097887609237462,0.0012806892264814256
2018-08-17,0.0035144192542779455,0.00022226662085249237,0.0012405028860901805,0.009228205066865915,0.0011623856328663567
2018-08-20,0.002137731931795905,-0.0008898102568215498,0.0066729544100568835,0.0049818196508907165,0.00046500176097465285
2018-08-21,0.0023423833479640278,0.0036661659857077,-0.00337191741731264,0.0029240568705197916,0.0015094728649042214
2018-08-22,-0.0005938357323386802,0.0038737451380491295,0.003946547892576849,0.0022095550764809732,0.00034748426982882195
2018-08-23,-0.0013288518263251195,-0.001437228510186644,0.001557923934364615,-0.009491353686729823,-0.00011633999327823436
2018-08-24,0.006000469562913295,0.009248772443061267,0.0019642698026031673,0.017318039357996126,0.001738345067037764
2018-08-27,0.007864638935612615,0.010141541316690504,-0.005740344786705643,0.0037595032326643405,0.00034762122084152085
2018-08-28,0.0004827546446382632,0.0014636280988587452,-0.006021921733520579,-0.007973022006627225,-0.0004634306080230508
2018-08-29,0.005366284766521313,0.011471946982257846,0.0013232587690766339,0.0045637840256251986,-0.0005787690596624826
2018-08-30,-0.004056231574953687,-0.001768820513136144,0.0021458678869909803,-0.004915718883921124,-0.0008114426868275314
2018-08-31,3.4398670476852076e-05,0.0012866311834905497,-0.0023112797398289046,-0.0011445940280617694,0.001274252112490273
2018-09-04,-0.0017239481140892004,-0.0042951087350652445,-0.005798332143338241,-0.005122797149079999,-0.00208320003573096
2018-09-05,-0.0026947648644183118,-0.01299792434938788,-0.0026693892455873177,0.003447511831347845,-0.001050127112895678
2018-09-06,-0.0030148492073558387,-0.00898002338861654,0.003668263771025067,0.0019395335367870974,0.000816655088348824
2018-09-07,-0.0019454340153396497,-0.003857558039755248,-0.008525292019472554,-0.0027340278330774677,-0.001049685971074568
2018-09-10,0.001737184160333502,0.0033625555824894123,0.0036868197649029158,-0.000706792407982718,0.0019819454743107766
2018-09-11,0.003291599778956433,0.0076742789373893715,-0.007640325301143273,0.0006184538252070439,0.0002326380348331966
2018-09-12,0.0002427034268984255,-0.00295283301709639,0.0023570489883784993,0.008355710260063364,0.002326073686308095
2018-09-13,0.005896868541206161,0.010623452995426124,0.0015122650531198577,-0.0035975648169408914,0.0018568210787205247
2018-09-14,0.0001717869722220074,-0.0029305859370953083,-0.004796542664219293,-0.006526220333750846,0.0009270851453768062
2018-09-17,-0.005308295300588856,-0.014507915243481424,0.0,0.005206771454576303,-0.0006954037543339992
2018-09-18,0.005411757169251098,0.008237835234716174,-0.01051459956362304,-0.0014974516487718237,-0.00011593628863823074
2018-09-19,0.001064880522392397,-0.0007657698119215312,-0.00598513098392538,0.0038711539862427546,-0.001856674302105021
2018-09-20,0.008071428797454549,0.01099551421146626,0.0046200078821696505,0.0034188014897895418,0.00139286292196654
2018-09-21,-0.0009139952588538458,-0.005482819492659539,-0.0004264925671864475,-0.0068493312914384265,0.0002320349065682755
2018-09-24,-0.003328024920075702,0.0027775798323886216,-0.00256560032986701,-0.00017621292914007548,-0.0004643966628615502
2018-09-25,-0.0009278203546521461,0.0013581959584673623,-0.0010278702998867833,0.0015850681638403528,-0.0008116766072922776
2018-09-26,-0.0029967521695331693,0.0007059201208152576,0.007003047784800686,-0.005293338005935142,0.001044038363585453
2018-09-27,0.0027904003180708307,0.008430241013229232,0.0006811318912389424,-0.008884998236125718,0.0018537518686488226
2018-09-28,0.00010318124836681824,-0.0002154296043749383,-0.002640467775763544,0.0063164577082286105,0.0006948589772424432
2018-10-01,0.0034678849400585107,0.002043460286067978,-0.007368460888804451,-0.0016864375351172442,0.0028895847853710865
2018-10-02,-0.0005825340560579228,-0.0022586771930675925,0.006094293828477905,0.011482223287117932,-0.0008116356471226876
2018-10-03,0.0005482212493064236,0.0010759667688652885,-0.017523606197733917,-0.003959744500981412,-0.00267058467382317
2018-10-04,-0.007846136493227362,-0.01938526295385807,-0.007079123368527432,0.0005289130805079614,-0.003728611902813823
2018-10-05,-0.005612871803244495,-0.012302713110983934,-0.008631785821838298,0.0028159089867124108,-0.004444426489061005
2018-10-08,0.0,-0.006124487529414939,-0.0033673470506207404,-0.011133826368821452,-0.002229849043591954
2018-10-09,-0.0014605014699239542,0.003233965672788388,0.010067959166444984,0.0005329800140063239,0.0015263967825754608
2018-10-10,-0.03217512130210454,-0.04497562746170345,-0.0027276609911314653,0.0024835810584159217,-0.007182348174691601
2018-10-11,-0.02227272998052228,-0.012480791313014659,0.012085809109205424,0.025366544894876334,0.0008266282954688263
2018-10-12,0.013792420987417741,0.027450068127193396,-0.0034880178253407054,-0.0047616679491750925,0.005298787423367265
2018-10-15,-0.0056326856201456416,-0.012177934947695142,-0.00043669007515246254,0.006660030947980057,-0.0007048297918749125
2018-10-16,0.02163023015978718,0.028676998920103162,0.0022699048479698372,-0.0017255996137757622,0.003402038785744993
2018-10-17,0.00017878401708703147,0.00039490319252942794,-0.005947547766894702,-8.637796161615032e-05,-0.0019927381741805875
2018-10-18,-0.014546682799010164,-0.023455230798806844,-0.00035050607214851795,0.001122068685606197,-0.0042340813204950764
2018-10-19,-0.0005429409763348043,-0.000924249261617496,-0.0021963389448533426,0.0007761304849288288,0.0005895596366036813
2018-10-22,-0.004498692504111657,0.005130584111530863,-0.0013201736120865162,-0.0025893597255193914,0.0004707632396168835
2018-10-23,-0.005103575719604999,-0.0036868429400209028,0.003165374848518051,0.005859562733875961,-0.0009417482016442816
2018-10-24,-0.030767301687619816,-0.04684704324152892,0.007520317981084635,0.0023171370069294235,-0.004961902449204452
2018-10-25,0.017781636576382882,0.03401024699627024,-0.004189984479244918,-0.002231204310531111,0.002011168040473991
2018-10-26,-0.017743974445686435,-0.026058437027529812,0.006018588837680592,0.0031736109331066205,-0.0045015216515277645
2018-10-29,-0.005555521634574743,-0.02079552149524453,-0.002263946430793966,-0.003947139978932357,-0.0009499686701647731
2018-10-30,0.014709687240089392,0.016345369018457744,-0.004980419803427196,-0.004394427867848015,0.0023739260622662353
2018-10-31,0.010624404915714172,0.02323355388794496,-0.005093790065827026,-0.005628951974666804,0.0
2018-11-01,0.010585596669916169,0.01310411775493055,0.0009263763572724619,0.01277086763550321,0.004576482508875584
2018-11-02,-0.0059408808594390876,-0.015698635120572995,-0.012511020160874485,0.0001715043948444399,-0.0005938066946934406
2018-11-05,0.005501860828105828,-0.0024826599828185795,0.003920728291640378,-0.0024032178261358607,0.000830774625831562
2018-11-06,0.006307994464569088,0.007547091403230151,-0.0006222747019314915,-0.002839826579174042,0.0026052910609864494
2018-11-07,0.02118253094801524,0.03088563016451338,0.0013339996025105692,-8.61993040877103e-05,0.005777576358226246
2018-11-08,-0.0018159408013139126,-0.006399342764321478,-8.898073769872786e-05,-0.002156939731312277,-0.002471831440282826
2018-11-09,-0.009816710111272922,-0.01699563465999982,0.007437991268237401,-0.011291663536045476,-0.005674262353203552
2018-11-12,-0.01886158398100961,-0.030726024740036335,0.006507202330205132,-0.007188596482678694,-0.006182888305376977
2018-11-13,-0.0018727279090457515,0.0008415216997528634,-0.0006136949459706389,0.00035180582721631255,-0.0016714653461573374
2018-11-14,-0.006860399658889961,-0.007658647789012375,0.0006136949459705411,0.008233404279793029,-0.0019130255837339367
2018-11-15,0.010382523326959466,0.017342667428640136,-0.0004379288334273739,0.0011333182475063862,-0.00023958633308770392
2018-11-16,0.0025972846840874885,-0.003515853895284218,0.005770500755159117,0.0073788789662288,-0.0029974429276041622
2018-11-19,-0.01705900511577713,-0.033016672600034894,0.0027857302410530145,0.0004323180677422659,-0.0031272716921274583
2018-11-20,-0.01867949026469244,-0.018056692600842843,0.00034852966860837145,0.0,-0.003137363914585854
2018-11-21,0.003401607051058818,0.007573647290217806,-0.0003485296686083431,0.001641277459165227,0.0050623113607740555
2018-11-23,-0.0067013331309209905,-0.007259294692968012,0.0010426304636485543,-0.0007771357154266267,-0.005545554049720724
2018-11-26,0.01601565424859471,0.022851047679028784,-0.002260044741067724,-0.0011235233509469095,0.0047037183355930915
2018-11-27,0.0033587624879836365,0.0033705855946368738,0.001130870302909661,-0.005984687209490868,-0.00048183845623545296
2018-11-28,0.022763863232075056,0.031676129070402854,-0.004880682151698504,0.00373378036345705,0.008273624161571489
2018-11-29,-0.0021873302515260777,-0.0032661787040353637,0.003923675175794072,0.003115272664463216,0.00023865013474899156
2018-11-30,0.006076719206604804,0.007229575058526561,0.003735238572187532,-0.001729479411524255,-0.0020313198103966935
2018-12-03,0.013154724627956856,0.017325912771604297,0.007075858784525825,0.007501675441848404,0.0068974996678757405
2018-12-04,-0.03293889319313404,-0.039111585265189736,0.01660291994577294,0.006080599945141696,-0.006225019917099792
2018-12-06,-0.0015185591696994956,0.007035204459711121,0.003135193884911402,0.00017072178718187972,-0.0034882115132633174
2018-12-07,-0.023509816056783265,-0.03357342326458129,0.0018596518001282047,0.008077219150826301,-0.0019291962490076311
2018-12-10,0.0018951528173103951,0.010417484582492148,0.004129652633022527,-0.003477935715567025,0.0007234123700697742
2018-12-11,0.00022715112472353573,0.003306372276468947,-0.00016835256462877988,-0.0011903699128753065,0.0018081310382845968
2018-12-12,0.005022800829236018,0.008762912652882789,-0.004468208801732661,0.00212467676965701,0.003246378126159587
2018-12-13,-0.0003392977890325107,0.0003028447603595597,-0.002368217624284252,-0.0022097759847801487,0.0023977705200756024
2018-12-14,-0.01863713241576903,-0.024650315412230627,0.003465843688077481,-0.004007006751401848,-0.004200175443004603
2018-12-17,-0.019813657205744725,-0.022920126746348204,0.0058071504853872725,0.0068957425332182515,-0.006514748961411869
2018-12-18,-0.0010968988153920273,0.006268965885431572,0.005970830601205199,0.0023726710074086807,-0.0018136028804523344
2018-12-19,-0.015088956262213578,-0.024861570552721934,0.013124520778018999,-0.0061126025718981495,-0.009056418154682415
2018-12-20,-0.016411932636618012,-0.014601562933207071,-0.003637788797422611,0.015295836918707156,-0.008767233358131114
2018-12-21,-0.02070246995927913,-0.031483857557702284,-0.00016547387947580348,-0.004370461193212718,-0.004973168955118499
2018-12-24,-0.02677820361733662,-0.02511071123124337,0.0049577196829889685,0.01089057789030817,-0.007506472716202337
2018-12-26,0.049289758074370305,0.06056708803894178,-0.01077333615884398,-0.003003949025405859,0.016688256912477873
2018-12-27,0.007648065780412146,0.003862730629721993,0.00016675852273964498,0.0075760760319352385,-0.0006184653397522397
2018-12-28,-0.0012907756729090606,-0.0005231913789004026,0.008378969766048946,0.004055775698519239,0.0014817509615822732
2018-12-31,0.008720567599850727,0.008397402346213043,0.003792281703495057,0.0015682595209626012,0.0007400885473982775
2019-01-02,0.0010399079154966948,0.004011436685381861,0.005253428843989699,0.000659591337713554,-0.0013565228590960033
2019-01-03,-0.02415219976527162,-0.03321611477475427,0.011314853538905495,0.00902531942317299,0.0004934486296126002
2019-01-04,0.03294697559319599,0.04189497199367091,-0.011642321713417675,-0.008119106827353268,0.016644652135344187
2019-01-07,0.007853831011371142,0.011834984101717579,-0.002952600617708625,0.0034525160778516237,0.009663001912516601
2019-01-08,0.009351605446499957,0.009004745324572428,-0.002631697123112276,-0.0027117139907279018,0.006469799494204028
2019-01-09,0.004662599440815762,0.008116458023306659,-0.001566258804535773,0.006397649700215412,0.0011938346296866886
2019-01-10,0.0035212960503748208,0.002856182242313717,-0.006454001297070199,-0.005904086348646452,0.003929051244285947
2019-01-11,0.00038599374799561136,-0.0036646609224227963,0.003893782452404056,0.0017256811414607263,-0.00321324126057588
2019-01-14,-0.006119644553663069,-0.008876405910522009,-0.0037277922121694887,0.002378067354322114,-0.0032242209402319998
2019-01-15,0.011395799189263884,0.019338645999157626,-0.0036586445368292342,-0.0017215161032263467,0.003343495745429087
2019-01-16,0.002416723998163118,-0.00018494175151169076,0.000999408862817971,0.0031947551186356582,0.0015476300851885011
2019-01-17,0.007558267049220189,0.007853236919240966,0.0002497959746516603,-0.0013094038577051105,0.0027336632164426293
2019-01-18,0.013222284212725628,0.00985147978573366,-0.0052560563411997155,-0.008966489387798326,0.0028440235062539565
2019-01-22,-0.013602694870255186,-0.02023308647185191,0.006752089048453207,0.0035468368649853345,-0.006648978899510693
2019-01-23,0.002090307781902025,0.001295470733557059,-0.0004155261805415067,-0.0014007184915951448,0.0020228182032389244
2019-01-24,0.0005313188985493516,0.006454749607125828,0.006544482611437378,-0.0015678713054947328,0.0010700885634903755
2019-01-25,0.008425811196152318,0.011877715183033792,-0.0048010524155942605,0.014511460180241248,0.0024910838584683835
2019-01-28,-0.007629070055332991,-0.012429069572107782,-0.000995702924315835,0.0034938106026215594,-0.0015416841294153512
2019-01-29,-0.0013280600393686748,-0.009486372775041855,0.0050530345295264,0.005580978043920208,-0.0005936890746617407
2019-01-30,0.015706721167388176,0.025119475499022003,-0.0007440364162367011,0.005710387238117351,0.007922817168608213
2019-01-31,0.008744168975413764,0.014857854862409,0.008563241134347404,0.00048105804332541224,0.0024709788856317823
2019-02-01,0.00048132235884980475,-0.004230934992113421,-0.00605752783128284,-0.002006018726865743,-0.00048363472210317856
2019-02-04,0.007010796425790838,0.01234472159792499,-0.004474270461783757,-0.0043467903708823,0.002358348712112382
2019-02-05,0.004183193729047529,0.008809147137742727,0.004556937354321917,0.0025781491687657575,0.003528004564076792
2019-02-06,-0.0013190365397400235,-0.0029861843467505816,0.0004956997673062801,-0.006781846869660092,-0.0009394587866834263
2019-02-07,-0.009578865480343224,-0.013520430073017732,0.006588444547918055,0.0024273450059934865,-0.00341387071843661
2019-02-08,0.0012212200767830702,0.001959706944838527,0.004258605127129152,0.003791101346321012,-0.00023600976330514316
2019-02-11,0.0005544178432473736,-0.0009497331548013169,-0.003930496271207165,-0.004923141507008373,0.00047189608318555325
2019-02-12,0.012777241944369832,0.014677561860815872,-0.002546962846155474,0.0021013677593768472,0.004822200263784504
2019-02-13,0.0032415474245044208,0.0007023357748355264,-0.0037914791935754672,-0.003963908091330168,-0.0014088632628929808
2019-02-14,-0.0022202912231476246,0.00122689748686557,0.005681723781122592,0.005577307519395154,0.00011647398225791481
2019-02-15,0.010837911575735895,0.004196496800363893,0.0015590512747276084,0.005947180522781207,0.003166938808732644
2019-02-19,0.0017294551489882978,0.0019755947034315385,0.0025378126226630908,0.015109582852092095,0.0003515329030686486
2019-02-20,0.0020133309082957756,-0.00017403461215314775,-0.002865703974694792,-0.0017378437981698566,0.000819337430348784
2019-02-21,-0.0035623587461160316,-0.0036642577521436505,-0.008979228045900884,-0.011370537714508392,-0.0009361424655860341
2019-02-22,0.006180786142437263,0.007372879525577767,0.005940003709595489,0.0035920768439101198,0.0019878617417502407
2019-02-25,0.0013606344183718813,0.003637113275164239,-0.0029655914057729934,-0.0010363715360959395,0.0008172696675042891
2019-02-26,-0.0007159892572134609,0.0010368553584192233,0.004937777622955421,0.0016736332310033522,0.001283660510608638
2019-02-27,-0.00042959477554355504,-0.000633301274852455,-0.011393794866084238,-0.00711234367844341,0.00034968164017498655
2019-02-28,-0.0018644696649425547,-0.002307098325403518,-0.003410208394391868,-0.005629776625606553,-0.0005829823989178512
2019-03-01,0.006224578934576684,0.006905204534606061,-0.009285673356745645,-0.017163968380321165,0.002830780347709252
2019-03-04,-0.0036443632716542072,0.000171715692438508,0.0078067058429028904,-0.0026289836177433583,-0.0015196814477213244
2019-03-05,-0.001360790810953781,0.0007452272293040974,0.002088157938718919,0.0013153870929190252,-0.0004678274635628113
2019-03-06,-0.006075485666759604,-0.0056878624290955405,0.0036652325715346374,-0.0009041270457165541,-0.0016396249360636575
2019-03-07,-0.00840054180543713,-0.012348672069990255,0.0064634732379804894,-0.0008226265106168819,-0.0007038750357838917
2019-03-08,-0.002001987718290728,-0.001517700182630944,0.004204124474395871,0.010886084259377201,-0.0016441474667166348
2019-03-11,0.014397118761252001,0.02058433367649716,-0.0029653968424284737,-0.004896357818091546,0.003284925953484497
2019-03-12,0.003763914840418612,0.0054797149221679185,0.0069876465436658295,0.006035459879402026,0.0017547747877467129
2019-03-13,0.006597473668157957,0.007485166808563391,-0.0018853723497361846,0.006968612448215201,0.002686320786601412
2019-03-14,-0.0006398327071616949,-0.0016963064477534214,-0.0072497782884118405,-0.011614284265949192,-0.0007003655128843226
2019-03-15,0.004928299823753957,0.00923781278333716,0.006592347487743841,0.00456433710702197,0.0009328667674203285
2019-03-18,0.003619254536350931,0.002378958889753197,-0.0005750671900486928,0.0005690800870331783,-0.0003492726341237471
2019-03-19,0.00024779948457888764,0.0033564529668167207,-0.0022213878296095486,0.0027594883221057557,0.0005829869838278434
2019-03-20,-0.0030141147800942384,0.003957302596968862,0.010405860096676201,0.006463126873942885,0.004302935234617499
2019-03-21,0.011231263308906777,0.015511067751483327,0.002198961149989019,-0.004034541087699915,-0.000232445053360665
2019-03-22,-0.019433999779322666,-0.022208988854003516,0.015415062808730036,0.0023420233902432335,-0.0036050251163535075
2019-03-25,-0.0007520955288921563,-0.0019058066701555854,0.0016003931228910646,0.007633907060241407,-0.0003490951563764653
2019-03-26,0.007426102586328222,0.004646425175706765,-0.0007197568124008182,-0.0049754946888428755,0.0024448359216950135
2019-03-27,-0.005242734593397945,-0.006443571006252488,0.00915995622461586,-0.005243016760484571,0.0006964974520667832
2019-03-28,0.0037836555080466277,0.002302014518530706,0.003482893157482984,-0.014253957303041619,0.001973079021244307
2019-03-29,0.006285460781956847,0.007542512990734443,-0.0009486363640086932,0.0009019770912032663,0.0025475960066648137
2019-04-01,0.011789505750087697,0.013160513481585527,-0.014305585584348015,-0.003941890257643701,-0.00024441328309643813
2019-04-02,0.0004895901456637399,0.003783023129707511,0.00184766396616598,0.003695988550420936,0.0004652141041523175
2019-04-03,0.0015725451055402203,0.005729907670767453,-0.008705836303374319,-0.0014767440573913667,0.0003478757537206632
2019-04-04,0.0026498091722956933,-0.0003811769218066106,0.002829945930265505,0.0025419025120261784,0.0015085741663204617
2019-04-05,0.0048283769000305185,0.005157969791882632,0.0012904914766962753,-0.001065158454634802,0.0018526803229524233
2019-04-08,0.0007620482209451721,0.002542216630584802,-0.0035540230333803227,0.004335552354601057,-0.0005784414517354934
2019-04-09,-0.005137621208030712,-0.003517460888795903,0.0031509425278447353,0.005210460213684454,-0.0006953240875232721
2019-04-10,0.0034049816375941715,0.005352283862223001,0.0024165861813625453,0.0030808947099307334,0.0043925532145839144
2019-04-11,-0.0002777043307770051,-0.0023752856412520497,-0.005890526812927178,-0.012872932029622242,0.0014985093879489701
2019-04-12,0.00674298923638468,0.004314341525564429,-0.007148326745672572,-0.0009844542413608548,0.001495939649664756
2019-04-15,-0.0006545258003079758,0.00016145419829092817,0.002523559480975309,-0.0018896884121835308,-0.0006897673116628157
2019-04-16,0.00065452580030799,0.00343736178194368,-0.006280376414861644,-0.009004202217837268,-0.0005758366553655014
2019-04-17,-0.002449508265738909,0.0034792585636942205,0.0004085274489863308,-0.0019104067944000637,-0.002420878932926623
2019-04-18,0.0019671069825628485,0.001281720045532766,0.005221302255860977,0.0007480072379889946,0.0004620225506850925
2019-04-22,0.0008613514619811256,0.002824025050393124,-0.004812084726726651,0.0,-0.001731842852497153
2019-04-23,0.008952246827183359,0.012638114459418755,0.002123339162545421,-0.0020790892290242957,0.0034603635521021983
2019-04-24,-0.002222694878819297,-0.003157464941251481,0.00812576439734273,0.002909503431152912,-0.0013826694376300442
2019-04-25,-0.0006159613191568786,0.004050452107886575,-0.0014582164012445996,0.0008297251865102907,0.00046099281114540857
2019-04-26,0.004646172620551656,0.0008920229319729598,0.0033987157016107444,0.006613259149985578,0.0025327168528570376
2019-04-29,0.0015664171050776491,0.0019390892258999276,-0.006401701801838839,-0.004459139554905491,-0.00046002306430305864
2019-04-30,0.0005102455503745674,-0.00777834589563023,0.005108068803002057,0.003057434262503009,0.00011514028204658555
2019-05-01,-0.007544746563906944,-0.0032235602115036985,0.004116420901221072,-0.0066225029075604345,-0.0032858168824567552
2019-05-02,-0.0021612775445801176,-0.004349509393520153,-0.0047730026361638605,-0.003827907452540267,0.0006948720949012653
2019-05-03,0.009739838223729537,0.015822127164857876,0.002834364760872281,0.005902166622599615,0.00254481162772013
2019-05-06,-0.004123203262537959,-0.00614072171845587,0.0027456919131261083,0.0013252386046357174,0.00046221837400914426
2019-05-07,-0.016840780453378314,-0.019672221629286935,0.007632076426252859,0.0033055276063594123,-0.006022272851415445
2019-05-08,-0.0013900843809122022,-0.002526702399957505,-0.004330948953965512,-0.002478073455137969,0.0003483364564773846
2019-05-09,-0.0030307486514070192,-0.005397891362746605,0.0040906883632976935,0.002395550981643927,-0.0015105110205287898
2019-05-10,0.00501097812323091,0.0012442719842627274,-0.0013617551415401605,0.0018959191232165698,0.0027869926710809355
2019-05-13,-0.025451415544204208,-0.03531915766290185,0.007825212132204065,0.010159840539079522,-0.009203739644818706
2019-05-14,0.009003095414155442,0.010915679612537003,-0.002947278110822176,-0.0017133695443152437,0.0022210105017024763
2019-05-15,0.0058401384712369765,0.014025567254271244,0.0061235308746723045,-0.0005717761663673002,0.0009337024939566208
2019-05-16,0.009218681262081342,0.009999593435293067,-0.0033352246471864914,-0.007216080906090217,0.003029120152501504
2019-05-17,-0.0064860830755740706,-0.010272799224279516,0.0022247437645888327,-0.007102776783024275,-0.0003489443906692087
2019-05-20,-0.0066340028405507,-0.01702569174027896,-0.002065771881252517,-8.290551782707826e-05,-0.0009315986346453071
2019-05-21,0.008975139780144921,0.010393040667997129,-0.0015922963453066368,-0.0023236423674714048,0.0031402287083045644
2019-05-22,-0.003075767509776611,-0.004464418281301286,0.005719506178780556,-0.0009975291545631813,0.0008118681058616966
2019-05-23,-0.012294101704010884,-0.015420660594426993,0.011184672553354992,0.007704775453647589,-0.005000770316595259
2019-05-24,0.0022660304977095472,-0.0005049490263361342,0.0008612158593276994,0.0010723379767872785,-0.0014001649867183366
2019-05-28,-0.009344154397226872,-0.0037678705709765286,0.0071741552251127026,-0.0038822269155751525,-0.0009338927826006001
2019-05-29,-0.006733286124784037,-0.008259741430219248,0.003025439690118002,0.0003309964016131658,-0.0026916465620192643
2019-05-30,0.002727494612404538,0.004195086580686069,0.008562114201207055,0.006761236816409685,0.002107064309953606
2019-05-31,-0.013566945844031208,-0.01608147003358637,0.012441452642108155,0.013386857013473643,-0.0072765530861121355
2019-06-03,-0.0025459058194084888,-0.02226391906918232,0.006667123860523988,0.014329650783140814,0.0016081474014270729
2019-06-04,0.021473895605031323,0.02776729302634167,-0.011467349968140073,0.00031967486235552026,0.009991725890175069
2019-06-05,0.008624687901224596,0.007405044631295132,-0.005667659658556435,0.002553665830468566,0.002335835249621925
2019-06-06,0.006482068674064489,0.007913695266782234,0.003220520491633369,0.0032623544765036684,0.0020983596731784376
2019-06-07,0.00995729921171205,0.01912766680866061,0.008614760299930977,0.005624438342681366,0.0025584488710253153
2019-06-10,0.00457828256247701,0.01158763874823316,-0.009457253947663145,-0.010003215486538885,0.0015086057207157725
2019-06-11,-0.00024204695004089244,0.0013639413338730982,0.0006127534014184933,-0.0011975692988471266,0.0013903206383614408
2019-06-12,-0.0017673975340772674,-0.0057961993879819314,0.0007653052147772969,0.005179100221238763,-0.0023184290645333655
2019-06-13,0.004118099144480508,0.005905293572460283,0.0034378740879597294,0.0061006935016299476,0.0023184290645333894
2019-06-14,-0.0011053857381407817,-0.00426159347090697,0.0025134536119789078,-0.0003160129284807664,-0.0006947878046306789
2019-06-17,0.00037989356140694124,0.0060047015629283865,0.0017482231960357776,-0.0006322652864021801,-0.0015074249215835133
2019-06-18,0.010416534064236802,0.014426957262527471,0.004999164833013288,0.005047324392238259,0.0069397220994946674
2019-06-19,0.0022544003019507506,0.003748355752866262,0.0014346260668066822,0.006038970838080658,0.004714199395133603
2019-06-20,0.009509539677135444,0.009256183780275302,0.002637059702623387,0.024866155493817887,0.005035062003035451
2019-06-21,-0.001455022964222978,-0.001483830897577279,-0.01104740059322339,0.00661369341666817,-0.003201395630033199
2019-06-24,-0.0012249468111356465,3.192532353768969e-05,0.0074290713127122335,0.014741593126273352,-0.00011414190761624796
2019-06-25,-0.00985618437245493,-0.01731519680438354,0.003091530524874818,0.0019392450876947497,-0.0042463346391499205
2019-06-26,-0.0009981565656175604,0.0046394617101511,-0.006420256506338888,-0.009207653748305768,-0.0004607211289517874
2019-06-27,0.0035395888676055583,0.003814331371439842,0.00702216718377206,-0.0009781791081800058,0.0027581674107138104
2019-06-28,0.00513272740044327,0.0012860790416558442,-0.0006775679392144053,0.0027063662544696662,0.00034428522187060164
2019-07-01,0.009037470869550413,0.013404354433029156,-0.002341272327131947,-0.019559428102497136,0.0002993553390280477
2019-07-02,0.0026011040794924464,0.003954946550665838,0.007683840729408855,0.02113481354805423,0.002185710788108972
2019-07-03,0.007963246303002857,0.0074977945190508365,0.007104149947667212,0.0016477026920105947,0.003785808016488764
2019-07-05,-0.0011387267802018526,-0.0020393069027399434,-0.013351691291647266,-0.011212861349998495,-0.004015222583833661
2019-07-08,-0.005509605005249743,-0.007038757718958596,0.0013576166633641649,-0.006453396174434407,-0.001956296220764116
2019-07-09,0.0012454657825450416,0.0049951999729351635,-0.00037670070203657963,0.0034976216131429347,-0.001152510816740502
2019-07-10,0.004766605112670685,0.009916244122616909,-0.005522128980024555,0.015664164068756106,0.0027634227096517984
2019-07-11,0.0023419234358144736,-0.0007276040453285693,-0.013440389030691906,-0.008479433149487648,-0.001956519211827213
2019-07-12,0.004466980578801012,0.005752383962144381,0.001152453697419065,0.006235244213343071,0.0016117916629657144
2019-07-15,0.00033230241763668416,0.003198562323009021,0.0057428638724044915,0.0,0.0006901118767142135
2019-07-16,-0.0032302290143305765,-0.005164016417004833,-0.0029823963094714597,-0.008498565150237166,-0.0020717660387949643
2019-07-17,-0.0068283905493409566,-0.00493056117964896,0.010739667405388236,0.01633123396202252,-0.0012674173129197102
2019-07-18,0.003654027657747457,0.001143631311500303,7.64087157819969e-05,0.01401922107283276,0.0004610236550610982
2019-07-19,-0.005570376122352266,-0.0073542720147727544,-0.002351397643968067,-0.01483691752503857,-0.0017308934405304505
2019-07-22,0.0024534697158846413,0.007925970000633945,0.0018968053915693571,-0.0001487748968767623,0.00334328986184547
2019-07-23,0.0071246230163453435,0.006523022999894262,-0.005471864725922694,-0.005668654760058427,0.0017253150098433692
2019-07-24,0.004688432129979417,0.006993548298108311,0.004334155804517628,0.005073447292028362,0.0008037077147769897
2019-07-25,-0.004788497307957059,-0.009525047242843906,-0.004791522997347775,-0.007095118991376651,-0.0013783096659197715
2019-07-26,0.0066778380563205795,0.010242068178620127,0.002360671323552838,0.00164757936404381,0.0021824684157153423
2019-07-29,-0.0018227983241715742,-0.0034365744218019492,0.0003040717915173032,0.006637600502192369,-0.001492688550905196
2019-07-30,-0.0024580375432187306,-0.00432546651638784,0.002430472705251038,0.0033393742390960437,0.00045902949521539464
2019-07-31,-0.011000524289319963,-0.013926405760749907,0.008008414705407146,-0.013199706898717264,-0.0017238710201021039
2019-08-01,-0.008745757767892959,-0.004984003354921576,0.019665663430758318,0.0237382025873749,-0.0004969633713099256
2019-08-02,-0.007558455930741327,-0.014834617713722669,0.009199136367952327,-0.003819352910475418,-0.0015033257147447955
2019-08-05,-0.030534302499384366,-0.035974163511300075,0.017140117691989046,0.013885007839557597,-0.010472691477954184
2019-08-06,0.013925236123171121,0.01390189503801677,0.007961489148284652,0.008095529492025941,0.006412570424501576
2019-08-07,0.0005907318826432875,0.005387378760070839,0.00035737761361711776,0.01507548681526026,-0.0001154390789113383
2019-08-08,0.019429838647620788,0.021530608345681657,0.0021397019405060068,0.005022054446004403,0.003943918973166426
2019-08-09,-0.006834686520328686,-0.009446460195250549,-0.001997097077181966,-0.003321683939870917,-0.0013905205236418258
2019-08-12,-0.01224774961634727,-0.01154181725815558,0.020635286404266078,0.009651773675578623,-0.0034836442777976795
2019-08-13,0.015431671738024627,0.021678585965119502,-0.003432962627823562,-0.005977346952418699,0.004411045700009157
2019-08-14,-0.030013333736126,-0.03034045770749619,0.02227901938579537,0.00681829671908825,-0.00895973644284209
2019-08-15,0.002638533943426733,-0.0011499106121716388,0.011058277353734729,0.006632923311853109,0.002917892446893032
2019-08-16,0.014646809740603103,0.01592295523332937,-0.00804284174125156,-0.00642279632319684,0.003373714752595968
2019-08-19,0.011976020673838142,0.015779596284364986,-0.014405279822989978,-0.011765243129746363,0.0028990996677158544
2019-08-20,-0.007692282074360134,-0.007778563830622146,0.010291022495084637,0.007765153200510364,0.0008103088207177799
2019-08-21,0.008102285562467932,0.008839396311660934,-0.006686987549530914,-0.0031694374885161206,0.004273071938744277
2019-08-22,-0.0003075448041347797,-0.003239182240650679,-0.006663355938349067,-0.002542737809443374,0.0018411949990028694
2019-08-23,-0.02602310008076836,-0.03215699476500079,0.01630077832005697,0.0194004358255685,-0.004610491388694114
2019-08-26,0.010997664065352956,0.01499122757085133,-0.0040504652850703645,0.00013874512727632068,0.004955744676093546
2019-08-27,-0.003931297682100899,-0.002112515358899807,0.0152920287108412,0.009525229640210546,-0.0004596773262054664
2019-08-28,0.0070170175980209136,0.0035723896293099583,0.0012863305069074566,-0.002820513317677276,0.002412108361552618
2019-08-29,0.012691955896127547,0.015173811662710054,-0.003796372741686984,-0.007190355573252848,0.0010320006152651638
2019-08-30,-0.00044469499249755943,-0.0023974929247890134,0.0002716112945895673,-0.0025705723222454796,-0.0009169529710567618
2019-09-03,-0.005864131900462573,-0.009755574162467327,0.0012915825256841244,0.013817145553141903,-0.0028730834032951067
2019-09-04,0.011286571717941299,0.014332744161377732,0.0014932435230896497,0.006224182405113975,0.0020775644333565196
2019-09-05,0.012773269055526235,0.018153188709109994,-0.018276523255865824,-0.02429383958928248,0.003913205254967569
2019-09-06,0.0007719916196744594,-0.0009913362387385448,0.007089865248604073,-0.008559662387184017,0.0009184502045932802
2019-09-09,0.0005032704730333485,-0.0020901274639207987,-0.01792413357939756,-0.0037414803722944866,0.0010316260712542734
2019-09-10,-0.00023478257321136764,-0.002880847267368192,-0.017684069899853813,-0.008594766463448816,0.0005735389776062506
2019-09-11,0.007085968057063457,0.009345610124413569,-0.0017783061262583414,0.0060453662250154515,-0.0001147198100844485
2019-09-12,0.003457442971920444,0.0041489595928880536,-0.006572304951848954,0.0020542492696135994,0.0005727013824795774
2019-09-13,-0.0006639738209409021,-0.003577291421330151,-0.021590522171182694,-0.008313640257218174,-0.001833761753574315
2019-09-16,-0.0030935875583517386,-0.004476946365474539,0.012663333607974683,0.008313640257218249,0.003550474200585588
2019-09-17,0.0025290543973551243,0.004788552470742759,0.005408758955678538,0.001979350045407386,0.0005709462312738445
2019-09-18,0.0005977310712418497,-0.0004156343272171283,0.004235295843922481,-0.006305141849164153,-0.000570946231273954
2019-09-19,-6.639692262830144e-05,0.0016609234192355008,0.003003150536174184,0.004042645700960864,-0.0011440198350716557
2019-09-20,-0.004736114563332959,-0.010635219094295094,0.013123715520738995,0.011751169204553406,0.0012586047703880981
2019-09-23,-0.0002346584952195136,0.0004410834895266547,-0.0002109341851936888,0.005580782257567522,-0.0004575897301330648
2019-09-24,-0.007877603717821362,-0.013369818058984025,0.011982499578058154,0.00527299162043293,-0.0013737076521946404
2019-09-25,0.0058972691943969735,0.011162536143781333,-0.014735902978031132,-0.018719501081169466,-0.0010315205500015003
2019-09-26,-0.002084988835468576,-0.0036892168871130206,0.006411772154843454,-0.0002821278180384957,-0.0006875045461401618
2019-09-27,-0.005402194506965074,-0.012487025022569556,0.0024556692457229274,-0.005161727926224835,-0.0011473831777981942
2019-09-30,0.004627171343580598,0.009472376151871128,0.0024488624386393995,-0.015647105922203676,0.0011473831777982222
2019-10-01,-0.011966196700874019,-0.008189715982535282,0.0030060432821871824,0.005457893373498284,-0.002306340266759038
2019-10-02,-0.017822087641850896,-0.017343880066123345,0.0024402129375291196,0.011606023170116823,-0.005905286306136078
2019-10-03,0.008159074560856868,0.010915430828011198,0.00908051732477011,0.004520416059329575,0.000580404206832316
2019-10-04,0.01344147330691011,0.014618165220647458,0.00735627082415568,0.0,0.0031293641815917273
2019-10-07,-0.004324142364259936,-0.0030231731416368937,-0.008322911587663009,-0.00856363541098911,-0.0008107887266391916
2019-10-08,-0.015646363521127013,-0.015094286395963805,0.0026905801839325638,0.00870459991703739,-0.003711944124900841
2019-10-09,0.009451602724214914,0.009713996148231853,-0.005664821533076956,0.0009156241246349503,0.0030170194107241636
2019-10-10,0.0067404429352558,0.007714813249487523,-0.015006489359369244,-0.008767683192965708,0.0012739062858545056
2019-10-11,0.010313490265907995,0.012796944333351544,-0.012453660593949175,-0.005554769940672898,0.004157738728917783
2019-10-14,-0.001114302314443231,-0.0001047621469609528,0.007235979654021465,0.003991150393420187,0.00069096982874647
2019-10-15,0.00985193890447898,0.012636400665599241,-0.012161708043622616,-0.0069950016712766044,0.002186436716152874
2019-10-16,-0.0016076846140257069,-0.0024836307785185713,0.001215753787182202,0.005713914835703777,-0.0008056084465874344
2019-10-17,0.002945055783813276,0.0026387557785216556,-0.002432717534641254,0.0014233647353723328,0.0013796256651959081
2019-10-18,-0.004386884172589045,-0.00965666083521773,0.0,-0.001067306413452129,0.00022922139268362246
2019-10-21,0.006756240509439087,0.008829323376964099,-0.007551326162670798,-0.004781550075213642,0.0003445939829718895
2019-10-22,-0.003272356599183203,-0.007994900462394304,0.005830336900017518,0.0029287043785159624,0.00023042797701504938
2019-10-23,0.002905878139859507,0.001926635367341463,0.0010039552054175362,0.002351027592914482,0.000916979831723672
2019-10-24,0.0016324323332766882,0.009681287645817922,-0.0020093929577837673,0.007090719694468963,0.0011455204996055723
2019-10-25,0.004086905795945999,0.00795444779038369,-0.004896762421989929,0.0023289599557340403,0.0008019420175790341
2019-10-28,0.0056205380866754156,0.00981672959575013,-0.009137855443347618,-0.008637230479381003,-0.00011436946190256584
2019-10-29,-0.0002967352141589644,-0.007774227729127936,0.0006553285149187559,-0.002776885194246242,-0.0018330930552817627
2019-10-30,0.0030626544818225217,0.004834277165840599,0.014528008257692385,0.005475210184932403,-0.0012619405803260587
2019-10-31,-0.0026670641576494207,0.0004567856269107563,0.013400322000726973,0.009948844935468628,-0.0034501560091239284
2019-11-01,0.009220813087560013,0.00904155392984312,-0.0030826101569984025,0.0009123470738276627,0.004282498339974271
2019-11-04,0.004010362330075715,0.006166058589266498,-0.013249190922454433,-0.0028801514371747305,0.002070966038278504
2019-11-05,-0.0011069212024613908,0.0005494496465871942,-0.011310223573065346,-0.016312331868591004,-0.0010348832864787516
2019-11-06,0.0002276985459043259,-0.002250318278873536,0.006033012265995172,0.004281068530555171,-0.0011510428832114362
2019-11-07,0.0035107297282318648,0.003348312715843381,-0.018284629545370305,-0.015643205521891117,-0.00046092857184636214
2019-11-08,0.0024631458942609382,0.003983587786660303,-0.0042160144613208545,-0.0063847338065501705,0.000921390129802911
2019-11-11,-0.001911925492808473,-0.001342690510278193,0.0006670416047613035,-0.0024048241483873045,-0.0005754986075296281
2019-11-12,0.0021060170749519613,0.0028818765459713096,0.004582493062508463,0.002695874927586959,0.00022999718098473435
2019-11-13,0.00032369325773987757,0.0002481893080228314,0.006467354603475833,0.003994072881030811,-0.001037412341750105
2019-11-14,0.0014546706879588144,-0.0007941700886672452,0.010276613980979144,0.004194711040663475,-0.0005762952525670227
2019-11-15,0.007210193968815478,0.0073207866023198825,-0.0010882112353534867,-0.0025291110010524226,0.0029951884447088064
2019-11-18,0.0007374852499288495,0.0007883013455144635,0.0018128236891976034,0.002962025072169786,-0.0012664702544520198
2019-11-19,-0.0002883330698273666,0.0014761478475915936,0.008298798310706687,0.0005049030061831341,-0.0035762227592498756
2019-11-20,-0.003726068605143745,-0.006017056010284144,0.010294628689194198,0.0005045382424530197,-0.0020831071138245442
2019-11-21,-0.001610044730740001,-0.00222838338947592,-0.006278772274257407,-0.005492097356825017,0.00023218295301299816
2019-11-22,0.0022214278127372995,0.0006442899291020589,0.0012874871573905955,-0.0018857951599790925,0.0038139439666383546
2019-11-25,0.00772043581520597,0.011772020371115209,0.0029263470610306147,-0.004803179633254922,0.0026495482906280943
2019-11-26,0.0022629438805434063,0.0019080462804908892,0.005827128225222624,0.004803179633255016,0.0011496505983588112
2019-11-27,0.004447828368060561,0.006964645866773361,-0.0029095869342715694,-0.005314014225370608,0.0012629450112030486
2019-11-29,-0.003715718255632532,-0.004572911559975379,-0.0021337430337881116,0.006184806112979683,-0.002182470692314788
2019-12-02,-0.008530912430902609,-0.010291560650675064,-0.01342262313444026,-0.0005079436043828876,-0.0006814328956403634
2019-12-03,-0.006729238003045531,-0.007863326450209596,0.02075003064314286,0.009534253178573626,-0.0013881588925636257
2019-12-04,0.006151460466610097,0.00505146121050101,-0.010034588517382316,-0.0013667767637935283,0.0030043033635644336
2019-12-05,0.0017962187521343108,0.0019739805813172627,-0.004876413562442241,0.0005757184354598549,0.0014989006447095718
2019-12-06,0.009092524660107824,0.010641735731726268,-0.005550197225342674,-0.009977704836757457,0.001380849038210874
2019-12-09,-0.0031492777513866493,-0.0045467616013341395,0.00216605075900705,-0.0002906488870483782,0.0
2019-12-10,-0.0011155778862822674,-0.0008335675374345377,7.242779949979856e-05,0.002830699660654389,0.0024129816541407965
2019-12-11,0.0028347804165764104,0.005282743158305801,0.007829499289064816,0.006861935627691577,0.002063357529439553
2019-12-12,0.008582053947396192,0.00743642140206018,-0.01659469699689867,-0.0035334849047766476,0.0022882595156731023
2019-12-13,0.0005991254224174109,0.0032877066291175333,0.011501761373845997,0.004468872836715887,0.0010274168981550791
2019-12-16,0.006846478169709046,0.009988969615099248,-0.009030719720369357,-7.198939739749056e-05,0.0019388676375439215
2019-12-17,0.00021902358739357133,0.0005729966364557768,-0.0013802699013370663,-0.00021577975709612248,0.0030705463649818893
2019-12-18,6.268996962545947e-05,0.0007641428084461167,-0.008246146072263778,7.200493236905694e-05,0.0018159348259173629
2019-12-19,0.004090510343654615,0.006231811031022881,0.0015988700063450435,0.0025862126377012157,-0.0005239190978682019
2019-12-20,0.004374748002302182,0.004023239590951164,0.0013183614472553585,0.0010039397404910592,-0.0014802470897825669
2019-12-23,0.0015263485204929411,0.0026379122911512234,-0.001465106006682696,0.003077203372165587,0.00045553532332626536
2019-12-24,3.0927420347442553e-05,0.0005189317133356416,0.002854252279400149,0.009387789011397068,0.0007973595296702385
2019-12-26,0.005309389090387122,0.008785561261877956,0.002408747613129374,0.00782659080315549,0.0014788317659797736
2019-12-27,-0.0002479029218622423,-0.0008422136079813834,0.0010930942459575893,-0.0003512560225688557,-0.00045499873930119835
2019-12-30,-0.005528215757055824,-0.006575599534867795,-0.003647984151399193,0.0021055808220621446,-0.0006827928207682005
2019-12-31,0.0024263704368086858,0.0018829777130367359,-0.009842583427903152,0.001891143454574884,0.000910786109778248
2020-01-02,0.009308124093747382,0.016559394638395956,0.011230484005346182,0.007320953634035891,0.00419904985796366
2020-01-03,-0.007600876997242717,-0.00920208167030328,0.015282768170431641,0.013181265882528811,-0.0010203657121868085
2020-01-06,0.0038079194097480136,0.006422425334684987,-0.005694659117138878,0.010434868967011986,-0.0010204738570101888
2020-01-07,-0.002815917563729613,-0.00013913062960432468,-0.004928232668537306,0.003927428056507489,-0.0009082607208496189
2020-01-08,0.005315396327960011,0.007488193945181533,-0.006632765384443735,-0.007529802584635164,0.0009082607208496611
2020-01-09,0.0067576870050042245,0.008437935314401467,0.003504398616846617,-0.0056676844863565315,0.0026063144194235625
2020-01-10,-0.0028816407281398097,-0.002560611110781043,0.008851147096350261,0.006008107616788398,0.0003399882996047127
2020-01-13,0.006853631424068722,0.011470783430839456,-0.003037975509832758,-0.007447144703816297,0.0
2020-01-14,-0.0015257512741091055,-0.003945367841490649,0.005131015749619295,-0.0008919411826434922,-0.00011319240053332635
2020-01-15,0.0022572285634084527,0.000408995808556619,0.006609528814822959,0.005817289492435278,0.0002253166168988905
2020-01-16,0.008284100753310424,0.009537790140824263,-0.0031557842294247284,-0.0015707412123407796,0.0003395864086221492
2020-01-17,0.003107749179333691,0.004936535377939456,-0.008584760335017507,0.0018437252860089575,-0.0007916989245923669
2020-01-21,-0.0019598894505992643,-0.00044774445751285115,0.010450858408908689,0.0010909837309721073,-0.002152897801074505
2020-01-22,0.00012044684477002869,0.0026387423930496496,0.0035073596704094994,0.0003405975107135845,0.0018127938701112333
2020-01-23,0.0011464056471719964,0.003211290619418766,0.006977497079540273,0.002245598875511729,-0.0030611038267919113
2020-01-24,-0.008933094871985176,-0.00845108268269187,0.008055852570977406,0.0058285535187767275,-0.004209747614125642
2020-01-27,-0.01615899829901697,-0.020871816576204825,0.015435044843697227,0.006802125843070944,-0.006751833508055231
2020-01-28,0.010424404978782574,0.015243009621348752,-0.007862458810186683,-0.00896686803661793,0.008573790092843248
2020-01-29,-0.0008263520582917376,0.0016243731804090492,0.009731822943057382,0.005403248480831511,-0.000569071335890621
2020-01-30,0.003240069933940067,0.0035554644081375367,0.00013818847633809313,6.731894098032181e-05,0.001024807180875542
2020-01-31,-0.018324698919906488,-0.015985250587222243,0.009088108830297517,0.005775708477189364,-0.004104416649069467
2020-02-03,0.007401206664595077,0.014996379759806024,-0.0008100835276183501,-0.006516877595597702,-0.00016083282973190872
2020-02-04,0.015126007966982376,0.022630688773246598,-0.013558491034146981,-0.013094308186782415,0.005949425386883049
2020-02-05,0.011482302940129379,0.003291750955428395,-0.010994337230738567,0.0012285555646719122,0.004097412613827435
2020-02-06,0.0033589236649377856,0.008594985393249318,0.004496012541492394,0.005373934234125879,0.0007952522096098353
2020-02-07,-0.0053439607934509265,-0.004310134436585398,0.012400726217323393,0.002642363450658169,-0.0014767616993367734
2020-02-10,0.007437573151617958,0.012013099813586413,0.0027658045648770945,0.0025679490647931946,0.0013631131893653736
2020-02-11,0.001731807763753981,0.0001724258748277125,-0.005052976688668416,-0.0034478924308700464,0.0006807054569007683
2020-02-12,0.006421843769883978,0.009693912940741676,-0.0050789652402204915,-0.000813078481224605,0.0026059731304379796
2020-02-13,-0.0010676798297511256,-0.0012815983303505246,0.0038288656878937848,0.005677303718111386,0.00033935566830314026
2020-02-14,0.0016011919876631894,0.0028597521249418716,0.004368334299867228,0.0041697222765956264,-0.00011331183140636968
2020-02-18,-0.0025805022211274876,0.00038328337337518287,0.006825026882320285,0.012737350951843347,-0.002038218653596935
2020-02-19,0.004769841436979472,0.00953980426758703,-6.845796633727733e-05,0.005814285510176441,0.0004532897507945241
2020-02-20,-0.0041165957763513086,-0.009326624642669411,0.0078028803845484355,0.0040763395182913265,0.001698240734209011
2020-02-21,-0.010351803200115558,-0.019396364109318602,0.009297189072209468,0.014913455926308593,-0.0009054313477943584
2020-02-24,-0.03372814525534691,-0.03932704184320146,0.014818292779054032,0.008945002656717951,-0.01081308358053586
2020-02-25,-0.03077015901629178,-0.027568065372026652,0.005309704783745264,-0.01803593472393269,-0.0070057631460267895
2020-02-26,-0.0036853508286634642,0.005140621579359986,-0.00530970478374535,0.004360980385151266,0.0010369103069435136
2020-02-27,-0.045951891104198915,-0.05137105303793283,0.01079033508897909,0.00019481624361363943,-0.013561815208944922
2020-02-28,-0.004210239793274943,0.0007778542483624259,0.022332346458990363,-0.03717601874476565,0.0040762360211124195
2020-03-02,0.042395633781286274,0.050316174323767754,-0.0073849148811578865,0.005511083646655957,0.007559716474870229
2020-03-03,-0.02905067877703679,-0.03259286293165933,0.01540589695115622,0.030950390194086085,-0.004296404016341489
2020-03-04,0.04117388397149696,0.04087541178284299,-0.010674497901900568,0.001752990351755443,0.013637189327461717
2020-03-05,-0.03380702192160337,-0.03085340359707113,0.024586104088978954,0.021370951204574475,-0.012706586261071736
2020-03-06,-0.016669231727887226,-0.017016199791484634,0.05073533813590346,0.0003808885074389379,-0.011340716732832365
2020-03-09,-0.08131242337861468,-0.07199481530025072,0.02674209208292964,0.0016488747161249012,-0.043986767635135315
2020-03-10,0.05045063247279094,0.05301996681453818,-0.05261805556953882,-0.02132715182628954,0.01524152721083907
2020-03-11,-0.04997691145330378,-0.044532079961429744,-0.03749189260519046,-0.0035667044227174947,-0.022021779913498414
2020-03-12,-0.10056874550709344,-0.09617075060512187,0.006177211625804503,-0.04070560424243849,-0.04077591477374933
2020-03-13,0.08202785550011257,0.08130818868200722,-0.02286219680814289,-0.03099155256530076,0.03095503681234991
2020-03-16,-0.11588624377665363,-0.12759237175092922,0.06275436345043983,-0.011512126298224866,-0.05653428833174796
2020-03-17,0.05258484668633094,0.07310340969070386,-0.06901015169831028,0.01346442633870517,0.00934247875800411
2020-03-18,-0.051959889397924196,-0.03088814652927525,-0.058065920515763654,-0.02012310684271081,-0.04513685203248848
2020-03-19,0.0021228451152325105,0.00598408101819471,0.026860743016796664,-0.019086492837834465,-0.02272524282144348
2020-03-20,-0.044050394243737766,-0.039963967665641614,0.07250264135818262,0.014884383146683595,-0.022679820125613825
2020-03-23,-0.0259005343410675,0.0007218015691804543,0.04038327180979736,0.043231496146295734,-0.016187747309938855
2020-03-24,0.0867308425283888,0.07458569856006239,-0.01879023596431303,0.047389520259250466,0.04040827381193567
2020-03-25,0.01485918625583163,-0.007432770474034198,-0.002273682995365901,-0.013784208180364264,0.0277392203279658
2020-03-26,0.056748693814247,0.05132080922359014,0.004909883155245979,0.012740714714697083,0.044718465194340896
2020-03-27,-0.030238248606253754,-0.034998083510215446,0.026342683336838008,-0.006481449089244015,0.002599277623877526
2020-03-30,0.03195952707060888,0.03572752374586527,-0.008262959450194155,0.004390990264267052,0.008531632718864672
2020-03-31,-0.015017476521181907,-0.008576770423220234,-0.008149914279222379,-0.032364821693651916,-0.008012474006984922
2020-04-01,-0.04604913193422207,-0.04341867592789682,0.01391353959196256,0.009411793149400162,-0.02783331220238423
2020-04-02,0.022813227429835426,0.02009214786701985,0.006325614418017272,0.01626050111056189,0.007746360263163764
2020-04-03,-0.014559692006968597,-0.014294544733039802,0.0023769815204985672,0.004925309776577716,-0.02165395482649004
2020-04-06,0.06500668521255172,0.06905449815126871,-0.002615279331622698,0.02733353381543522,0.024045902026706905
2020-04-07,0.0010191556547442316,-0.00040703882720938533,-0.010527026741043288,-0.005368871400719198,0.0
2020-04-08,0.03301725809574937,0.021009978583246595,-0.007302641969886449,-0.008947881947437637,0.025683106997829976
2020-04-09,0.01510269974272172,0.0014448580532439798,0.0018155233488850665,0.025788169295063085,0.06340553367161901
2020-04-13,-0.00917223783968329,0.010745445985779357,-0.009171772609615587,0.01699510551392902,-0.014430808645838776
2020-04-14,0.029066644276879456,0.04257195555626118,-0.00024500408671418846,0.007837301543346824,0.004179285115029203
2020-04-15,-0.021477164431762206,-0.011536050585615208,0.02614497965174101,-0.005115017933585634,-0.009366585108813642
2020-04-16,0.004812810751044766,0.018075478368191386,0.011293273635707193,-0.0008653689753940822,-0.0009908532335317602
2020-04-17,0.02665629500752641,0.009520659631139735,-0.01349567371188251,-0.019608466717140425,0.005068327372322725
2020-04-20,-0.01777474129556876,-0.011914831952542901,0.008012492701580077,0.007100853720992193,-0.015158994889726883
2020-04-21,-0.030833690553064657,-0.0375977234763845,0.012513210255838658,-0.006848673348053854,-0.01844875551585386
2020-04-22,0.02195213684110681,0.02924275220532896,-0.01026916648994527,0.019479888950845802,0.008761681698610342
2020-04-23,-7.197258875651788e-05,-0.002135288623068721,0.005294718179313811,0.009905643795524405,-0.0005061117048552873
2020-04-24,0.01384224803928163,0.015647318900065724,0.0023437298055504025,-0.004294729942651925,-0.009403865148440084
2020-04-27,0.014315636645726616,0.008011362959630505,-0.0187890766360867,-0.00666258998355511,0.004077301892120703
2020-04-28,-0.004609196232376036,-0.019014302900098815,0.011445699615069032,-0.004466516323334757,0.0030470864397441014
2020-04-29,0.025841916953598443,0.03484672722811679,-0.005202339490801319,0.005518192454017435,0.017468306864226617
2020-04-30,-0.009354374361825228,-0.0004110300148824463,-0.011745704170565155,-0.018282683683788697,0.0019911024165026395
2020-05-01,-0.02683046305144707,-0.028589816278707554,0.008526510556337288,0.0061522933833428935,-0.017399283732461693
2020-05-04,0.0027547277337469553,0.011589491428003775,-0.004714993347019732,0.003498676361159418,-0.001399625151484212
2020-05-05,0.009196909522622105,0.011273924157759331,-0.006420785153771544,0.004232069630406605,0.008617692264270739
2020-05-06,-0.006801726665169312,0.006137430707826879,-0.016268141465851805,-0.012938939248234135,-0.005694149122289014
2020-05-07,0.011994421968206773,0.012794551433048359,0.01656827753876289,0.015234124108560072,0.0025348730893013536
2020-05-08,0.016411038727046932,0.013611734729752821,-0.01308582786638408,-0.006028427741239837,0.009448379630571145
2020-05-11,0.00020489907366263839,0.008899264023279594,-0.007836689582900644,-0.006253147010599243,-0.004523599245315305
2020-05-12,-0.020133010131232768,-0.021159698573865,0.010212020363120444,0.0038815245238018456,-0.0012608146499172906
2020-05-13,-0.017844072725748485,-0.012594586432932636,0.006971554206269459,0.009576645345897673,-0.005311373595026141
2020-05-14,0.011896699305449291,0.011288325715586193,0.009740102532696387,0.008811127536123346,-0.0034286431128021165
2020-05-15,0.004586143698508386,0.006470552806575638,-0.002575387898856442,0.005627947839551041,0.0013986796731978498
2020-05-18,0.030004964323369094,0.018460581387137232,-0.022199250967484273,-0.007592898231851983,0.017505265690147157
2020-05-19,-0.010323987059468305,-0.0025094929439891107,0.0037337735987235153,0.009603940342589153,0.001247602329759636
2020-05-20,0.016845066736711503,0.019771516595718075,0.0029898847889161294,0.0023714668825757603,0.010542707567973087
2020-05-21,-0.006928124798915906,-0.010950362195722891,0.0024945912098655047,-0.014683616168536867,-0.00024696636788062705
2020-05-22,0.0018974879783285998,0.0034459004573215803,0.005997832308487536,0.005899400714775776,0.002465463816679843
2020-05-26,0.012245285544271765,-0.0027034512440910576,-0.01350035287300272,-0.014316858429627,0.007481819687574927
2020-05-27,0.01476936116984576,0.0054427233589970595,-0.0018384591263570728,0.001800809585778032,0.002074301219884205
2020-05-28,-0.0018464269423566176,-0.0013034663960807928,-0.003687089223982079,0.0033447448656947374,0.0009749831414599145
2020-05-29,0.0044458412353760475,0.014546486676339293,0.007115914803143295,0.007331471236597383,0.00401200817435723
2020-06-01,0.004033657129680697,0.0029952128898938085,-0.006755812277834622,0.004593203918142176,0.007536243404604442
2020-06-02,0.008245971762165414,0.006685053806431817,-0.0036418576349494247,-0.006497892824854574,0.009864126403847342
2020-06-03,0.013220829156807778,0.004488486561912072,-0.013386001015972813,-0.01862251139241922,0.00465718919850317
2020-06-04,-0.0026303267357844014,-0.007037926887245726,-0.01458498219151437,0.010471254055873179,-0.003102403003826092
2020-06-05,0.02530639218971767,0.01963329309584857,-0.007148638471539116,-0.02048368991541374,0.009397528260162191
2020-06-08,0.012015194983786573,0.007730059386748817,0.0038356681402389203,0.010764002439043798,0.0011832648784751586
2020-06-09,-0.007484683111963265,0.007218705915950956,0.01129495518158195,0.009595645355064148,-0.007835905801998331
2020-06-10,-0.00559559104271132,0.011930182373218466,0.01471816103861474,0.014223142854853236,-0.0014308937202393388
2020-06-11,-0.05937756267825788,-0.050818879932435744,0.018724617302341352,-0.007240232329265166,-0.02599768549001646
2020-06-12,0.011904447352457036,0.007916609973500731,-0.00968843933658769,0.0014153150353447643,0.009874086061836892
2020-06-15,0.009292625699184615,0.01209388992144962,0.0005549693104128427,-0.0017848491512042477,0.009657087588066972
2020-06-16,0.019064571055908395,0.017027041958206614,-0.015452628681582611,-0.0004929560183834836,0.004076187690212989
2020-06-17,-0.004162446755706586,0.003165447040880721,0.004118856521065584,0.0019087937874243815,-0.004676930318518605
2020-06-18,0.0003850266122145711,0.0027056675858489598,0.010532509630591278,-0.0019703951105462295,-0.0003609545334256686
2020-06-19,-0.005731391254097591,-0.0001636753673555015,0.0008012625299257553,0.010972576221366465,-0.0033729830154341904
2020-06-22,0.006394697904743787,0.011921243055008312,0.00012271184952983286,0.006441427074830093,-0.0007237044548913506
2020-06-23,0.00459318203789848,0.008474928906128594,-0.006858359046085664,0.008384398864595731,0.0014476621771340582
2020-06-24,-0.025839605868522835,-0.020831062763035167,0.010668558763498506,-0.0034899960158010397,-0.010301241165366386
2020-06-25,0.01066326207124235,0.009474455532886351,0.0028786532409390835,-0.0006028992986150158,0.0003654624317188329
2020-06-26,-0.02403793923147211,-0.023898451463074958,0.010646584983301732,0.0044532193863769335,-0.00954398690334995
2020-06-29,0.01459039291526827,0.010847771326408333,-0.0031515920297528555,0.0005403343600226875,-0.0056709716023663976
2020-06-30,0.012728445870756413,0.01941162086683483,-0.004868614081794362,0.004431086497931087,0.00910770502995021
2020-07-01,0.006980292474690022,0.011604465809570617,-0.001943889165231554,-0.004491160110102202,0.0031076259097315754
2020-07-02,0.005491782284448418,0.006763731937284825,0.001039506036720302,0.0021582779375089872,0.007332942775312959
2020-07-06,0.015319341416614668,0.024287478024506533,-0.0041034900653754884,0.005970880083946397,0.0071579561541012405
2020-07-07,-0.010367199830776554,-0.00691276891494545,0.01395784262943124,0.0062904343270385864,-0.006671706807924376
2020-07-08,0.00761943745131663,0.01308568919280267,-0.004002740866279615,0.006192353605402356,0.0026744027828666125
2020-07-09,-0.0057093133693597725,0.008388081093818809,0.015796656702737506,-0.002708063902871328,-0.0021873494397276687
2020-07-10,0.010158728743197534,0.006804187454369677,-0.005036986030062134,-0.0025972650920347735,0.003400220177401507
2020-07-13,-0.008696580785515298,-0.02078478543766444,0.003300447160382796,0.0012403879870823364,-0.005469801104128785
2020-07-14,0.012875798502835399,0.007053188671709405,0.0014372049521223706,0.004652728164010819,0.00849607447850311
2020-07-15,0.009145396284711229,0.002033268966976573,-0.004678544114745577,0.0008809438623464781,0.005663868412749827
2020-07-16,-0.003299011671430286,-0.006845671939102293,0.004738707196750449,-0.009496639325154646,0.0009610616077867012
2020-07-17,0.002895245459483253,0.0011571417752688801,-0.002096274980043068,0.008204262794308569,0.002758238261546642
2020-07-20,0.008048812852896567,0.02797577694212591,0.002454954203809022,0.004808590336846309,0.005968787935021365
2020-07-21,0.0021249393483086586,-0.010475277533042778,0.000597549996190511,0.011978962477666387,0.004630099395462825
2020-07-22,0.005676374690547782,0.003516852512868093,0.002984731795281221,0.015087942737564556,0.0020120384276546984
2020-07-23,-0.012003890215552048,-0.026467555647614556,0.011613837380208445,0.008786586410813348,-0.000709587194692548
2020-07-24,-0.006460877020824332,-0.00954099103000042,-5.923447058135584e-05,0.008542281441677423,0.0009465519989451364
2020-07-27,0.007265970602196627,0.01768593568790348,-0.003717981458928748,0.019561196964697856,0.002361648131572077
2020-07-28,-0.006362356799780935,-0.01280671987686754,0.006894824027736263,0.008306536040413818,-0.002598612935824908
2020-07-29,0.012223459398491041,0.01146001373078354,-0.00170490434130061,0.007482169283186,0.005541751597912153
2020-07-30,-0.003574391194418513,0.005221821655680809,0.006567226166698283,-0.007427778888433271,0.0021143864264717644
2020-07-31,0.0078713025772774,0.01768837812302592,-0.0006433295420112212,0.00904688435302792,0.0018748950304094023
2020-08-03,0.006927843284838775,0.013416137915236229,-0.005047321765204321,0.0011318982444248418,0.00024660815335174726
2020-08-04,0.0038552838704329923,0.0037053881504202535,0.009486561590414494,0.021054515412853636,-0.00035184197081495044
2020-08-05,0.0061919217866539,0.002474860030779745,-0.008780811312735176,0.009240417270834574,0.0017620979092314616
2020-08-06,0.006662297382376848,0.0131579549915566,0.005570393727711906,0.013186741026147062,0.0022277129699994325
2020-08-07,0.0007175539585814084,-0.011609643251860202,-0.006688489824055363,-0.016012829047696152,-0.002462721739845764
2020-08-10,0.002984377349030936,-0.004281941120790177,-0.004483939905766812,-0.0034649534714480275,0.0004697748826082273
2020-08-11,-0.008288980645238022,-0.019122940137648696,-0.011955567110756574,-0.0551897267189793,-0.009077164216739677
2020-08-12,0.01384599102813948,0.024840804767748772,-0.009138075966862618,-0.004679132411383586,0.00023615757985829788
2020-08-13,-0.001809456044457973,0.0022779996332587516,-0.010745859557307632,0.023343474417206588,-0.002726959614988214
2020-08-14,2.9982266083688556e-05,-0.0011753447826318576,-0.0039145183848991365,-0.004318527254207777,-0.001782072976586323
2020-08-17,0.003171656795032269,0.011543981600589703,0.002509439548716008,0.02146194877539166,0.005929214298045499
2020-08-18,0.002158077842174376,0.00957921054424887,0.007126194728770887,0.008967673573403242,0.0015357023876860407
2020-08-19,-0.004172455500554998,-0.006750068919197958,-0.006270891450650676,-0.03207438281593019,-0.00283776318712322
2020-08-20,0.0031087786366871223,0.013776210598597766,0.008998486256829634,0.006890137653281628,0.0033099627236033683
2020-08-21,0.0035408722534323867,0.0069065791236364435,0.00597464844761499,-0.008043165542872153,-0.00011835882312883241
2020-08-24,0.010082238827411048,0.006224561875420223,-0.0016261364093333444,-0.005674470685927035,0.0045919490453382355
2020-08-25,0.003493238299031547,0.007831587867090435,-0.007683288273918143,0.0012147382641175607,0.0010569138309054096
2020-08-26,0.00997583184149516,0.021114445672618762,-0.003833506285935991,0.011739667325137685,-0.0001175810468704622
2020-08-27,0.0021839035366293417,-0.003121442196560091,-0.017155056542734387,-0.011629286747359606,-0.00152680940250639
2020-08-28,0.006438812221053907,0.005072162111792747,-0.0007447593922635546,0.01723092629924,0.0008224707028044959
2020-08-31,-0.0036293125179243753,0.008001135357122435,0.00661919622381848,0.00238341719432408,-0.0014099795900797787
2020-09-01,0.009374508544919447,0.016947602543838165,0.011372856847149301,0.001189581722410416,0.005427901793131944
2020-09-02,0.014360469490193985,0.009424454068263869,0.009475324317699424,-0.013218610873058246,0.0011736048516040871
2020-09-03,-0.035020456971825056,-0.05203068884038032,0.002836971207281278,-0.008137254873336977,-0.006235916120576421
2020-09-04,-0.008198489791516845,-0.01341537020472365,-0.019170726724890737,0.0027564932922231992,-0.0027182679549973654
2020-09-08,-0.027702551337934096,-0.04925755622373439,0.006126298164440963,-0.0019287808618004912,-0.00557864465328831
2020-09-09,0.019554596776428575,0.028952562745830437,-0.0026912028161944017,0.009661434230238847,0.00782462458695797
2020-09-10,-0.017516140705209935,-0.020138450809417383,0.00506994904885532,-0.0032283485242562797,-0.004734937335900622
2020-09-11,0.0005090897192065732,-0.006963847753292986,0.0021301704933609843,-5.4861557792618405e-05,0.0020151323654988016
2020-09-14,0.013085320596429795,0.017265532031092393,-6.0770092384156534e-05,0.00786160327773618,-0.0010664250573083752
2020-09-15,0.005039475442100677,0.014074010500244895,-0.002435306251992916,-0.0023956152677241513,0.0027228284103503163
2020-09-16,-0.003976461977717191,-0.01607478534930438,-0.0029909103691785808,0.0028305733071044767,0.0
2020-09-17,-0.008834407050708813,-0.015745391380557132,0.003052280700892111,-0.005505121062685115,-0.001064470891633418
2020-09-18,-0.01157916382228915,-0.012844636231779593,-0.0031132717948508574,0.001310849171618332,-0.0024882856352714763
2020-09-21,-0.011191997021300549,0.0023951132422332343,0.005061262443164546,-0.020291789448272826,-0.008099847298337287
2020-09-22,0.010132794367931942,0.01840843280895966,-0.0007909100712915233,-0.004858095828927072,0.003462091773991973
2020-09-23,-0.023464025568725688,-0.03101046648930809,0.0013380536280272915,-0.021843335368817322,-0.010182727301726141
2020-09-24,0.0026617435699608926,0.004645941947100612,0.003823217787562587,0.0037119030895910897,0.0006018440583483393
2020-09-25,0.01603799174112037,0.02298242005179948,0.0,-0.0028540460781505306,-0.0018067477655180175
2020-09-28,0.016472592208971584,0.020556134903004147,-0.0028506685339860457,0.010010290107421884,0.006488665188429087
2020-09-29,-0.005460637153495629,-0.004519788938042059,0.0011531899414334616,0.008397048385655496,0.0008385754841247922
2020-09-30,0.007553104650992396,0.006825749984876359,-0.009631146359263485,-0.006022969047958764,0.004060390336341991
2020-10-01,0.006399806117316038,0.01574771697153881,0.0016477832854108888,0.008880963695329078,0.0034294881606343813
2020-10-02,-0.00954015156487228,-0.028533923448096743,-0.0037411876454697506,-0.0008957769408936138,0.0
2020-10-05,0.01757776909250462,0.021101866971573575,-0.01973262854076311,0.004861081696310086,0.0074872113069295665
2020-10-06,-0.014317780166563333,-0.01800839554424275,0.005375765996976715,-0.011830479550692698,-0.0022522065469790264
2020-10-07,0.017256491618212466,0.01715138564340028,-0.0073199805335894645,-0.00045132478533539146,0.0035538633582430546
2020-10-08,0.008823865166839355,0.005308579993733876,0.005385389833773654,0.0035486272055745486,0.002243851913582694
2020-10-09,0.00889026678249319,0.015164853387573216,-0.00018720819642441944,0.017998399966815504,0.002239263394683658
2020-10-12,0.015959685055780565,0.030403508207767823,0.003180551080273672,-0.002875813691634357,0.005049227290331659
2020-10-13,-0.0065475821106983955,-3.402411408431583e-05,0.007134757374351784,-0.01585383405158326,-0.0044606098956655234
2020-10-14,-0.006303396776097711,-0.00838765736401038,0.0022850600200204066,0.0030899939936110464,-0.002473553283080251
2020-10-15,-0.0012364004560192917,-0.006733777677035815,-0.0017288435598553635,0.003639489400711449,-0.0007081574448646434
2020-10-16,-0.000604434909401372,-0.0054957681066980695,-0.002784181240414401,-0.0034712263457632483,-0.001181149202752602
2020-10-19,-0.015320135889298533,-0.016459892208185774,-0.003786595012330689,0.0005046193567768562,-0.003550839644205165
2020-10-20,0.003997680716943677,0.0021472532976557503,-0.009561627321754486,0.004809318137998378,0.003550839644205247
2020-10-21,-0.0018945984069113895,-0.0007742287523748288,-0.003459539930338921,0.00750319529892231,-0.000117923380636892
2020-10-22,0.005470198648099717,-3.503960448985255e-05,-0.010451722967232591,-0.009849030639627157,0.0017710671654604091
2020-10-23,0.003389195919875706,0.0019686560630462475,0.006094015422571435,-0.0010630400237792174,0.001179137143039252
2020-10-26,-0.0186524344776331,-0.015109605593846725,0.009260260071208011,-0.0005039129828936211,-0.008876602063674608
2020-10-27,-0.0034534097192030744,0.007777787546462639,0.006686816788491009,0.002628864176270774,0.00047510281165109153
2020-10-28,-0.03477685860512716,-0.039767271146149086,0.0009337030072909757,-0.01627516884164325,-0.008352093955812084
2020-10-29,0.01011238163250474,0.01733569499748598,-0.009754972468531868,-0.004153341326592121,0.0028714241020162705
2020-10-30,-0.01047983685626377,-0.02569019404391965,-0.009913847828434784,0.004550651041840146,0.0021489412661241797
2020-11-02,0.011145931077436829,0.002225184503421355,0.007462613688724949,0.00965812884851217,0.0023797899876898576
2020-11-03,0.01750203292689522,0.017149275402228943,-0.005818997448371857,0.0056609432999779495,0.008563329358792256
2020-11-04,0.022102998637513416,0.04367109406688622,0.021459684949264916,-0.0005590140649358909,0.009311372238495819
2020-11-05,0.019315163835164524,0.025736821424994717,0.00173765579850036,0.022723771699055755,0.003513891075841304
2020-11-06,-0.00022836711799844266,0.0007473060513328796,-0.01215887292311973,0.0014203529597109255,-0.0035138910758413266
2020-11-09,0.012487582591823717,-0.020645560550759577,-0.021239223990065666,-0.045280856143465276,0.007597895758772178
2020-11-10,-0.001467815836525657,-0.018077397353545327,-0.005783299976204036,0.0033073065556014952,-0.0013982259195829
2020-11-11,0.0074011250223427055,0.022123455637861843,0.0036029352547033073,-0.00433598220930235,-0.000349800842420452
2020-11-12,-0.009748481451675754,-0.004704823229105497,0.016874566236594953,0.006042387508780373,-0.006788604671972661
2020-11-13,0.013749604095204199,0.008734359557390051,-0.0013270775180052401,0.006796565090032186,0.0034003398705560366
2020-11-16,0.012405510394722322,0.0077723317027056215,-0.0024051493855339967,-5.650286865533134e-05,0.005601749185052888
2020-11-17,-0.005392840081004578,-0.0031768987896938785,0.006506379061929139,-0.0036759204841880807,0.00034914989208903745
2020-11-18,-0.012107868365994524,-0.00741778043450302,0.0028921979912173348,-0.005738783845972931,-0.0018631549087281547
2020-11-19,0.004201297261400312,0.007794321640907811,0.0051357761129453,-0.0018822296869570197,0.00337446600638677
2020-11-20,-0.0068712866861012365,-0.006864302133211036,0.00883059312587487,0.003021229432643738,-0.0018604609897476347
2020-11-23,0.005976493556896204,3.4726918781383845e-05,-0.004592110980164899,-0.019890324232127853,0.0015121439524846188
2020-11-24,0.01598531342185939,0.013952219645798259,-0.010001623610986877,-0.015447030279527764,0.0030168971863856844
2020-11-25,-0.0015430035794489502,0.006127712267052166,-0.0030833842190653494,-0.0004718480371509017,-0.00046371947405684166
2020-11-27,0.0027811535739652544,0.009172376336326364,0.009657986283341542,-0.010198732236165305,0.00162198698506355
2020-11-30,-0.004437115915387464,0.0020375048489060313,-0.0012484870089399416,-0.006697358920117144,-0.0010423560074519526
2020-12-01,0.010878019695974434,0.01273506593868581,-0.014854554569006752,0.02084085881536413,0.002567132827051137
2020-12-02,0.0021015781575850455,0.0012842327137867961,-0.007967839131558236,0.007493385024315116,0.002780191706120269
2020-12-03,-0.00027265234054451833,0.0014142236554571836,0.00803145237059796,0.007842668530553789,0.0005782652615610146
2020-12-04,0.00858086157285126,0.004066828824187098,-0.014774632855043726,-0.00283945502654119,0.004154053765426239
2020-12-07,-0.002057008286647001,0.005646471661105388,0.008979699364479916,0.014803945459514797,-0.0004606432646700954
2020-12-08,0.002921749267013097,0.00337955359352099,0.004714602569407148,0.003481841534737405,-0.0008071498157263923
2020-12-09,-0.009009232132315328,-0.02290142895564136,-0.003310487774624599,-0.017241806434506103,-0.0014994966274587212
2020-12-10,-0.00032710206895494236,0.004007567326815285,0.008824722485698528,-0.0019148863181888906,0.001845549484041786
2020-12-11,-0.0011733414268435942,-0.0022170192041619766,0.0035336743824548452,0.001856945469586849,-0.0010383972071693597
2020-12-14,-0.004487301489482328,0.007229185890433756,-0.0027751730344218713,-0.005522859199322822,0.0002311769802966046
2020-12-15,0.013428713766680164,0.010632284157029008,-0.003352893735895625,0.013893989774039692,0.0031092571841327956
2020-12-16,0.0015682633509159557,0.005484727451555743,-0.0026653897842263945,0.005503920929853093,-0.0014958296242093543
2020-12-17,0.005576262722943368,0.006516147910796714,-0.0026493116380774634,0.01046541004295572,0.0014902298597846665
2020-12-18,-0.004000459399836381,-0.0030270148993152076,-0.003002163851322368,-0.0016988680965652808,0.0008082093025399049
2020-12-21,-0.0035821275435497617,-0.0018721987806685888,0.0039579014125665545,-0.0031789169989821435,-0.003582983177453054
2020-12-22,-0.0016868748085405794,0.0027152064886939603,0.005147996882239163,-0.007934507183398202,0.001273026173795987
2020-12-23,0.0008982040290925655,-0.0050489789981700145,-0.0069337856662408095,0.006625879072275585,0.004499814966530193
2020-12-24,0.003882594278828868,0.0044033346750046295,0.003950387320715274,0.003977347328631379,0.0020702952811688545
2020-12-28,0.008554455605737117,0.010028054907015907,0.00044428118999270303,-0.003635744312567208,0.0012626083255945796
2020-12-29,-0.0019097053337937423,0.0008951344686298074,-0.0012715103350521765,0.003635744312567162,-0.001262608325594657
2020-12-30,0.0014258672344314514,3.2263944882968444e-05,0.0021612397324508215,0.007626026694655132,0.002065360381070491
2020-12-31,0.005067868750980371,0.002456964477155799,0.00145927110741714,0.0037072651943418997,0.0008020484247218131
2021-01-04,-0.013707242293056152,-0.01422026388056278,-0.0012054592238015692,0.02201425891234798,-0.0020643014180868353
2021-01-05,0.0068637090343505085,0.008209932622731996,-0.007454138769815963,0.0029572490918935946,0.0003449147743691045
2021-01-06,0.00596049495023552,-0.013948969178746443,-0.02074213825635887,-0.016374384156319522,-0.0018373846812890073
2021-01-07,0.014748198118134756,0.023903837187290326,-0.008853694350877118,-0.0023373497260989994,0.002869323559409037
2021-01-08,0.005681676880909819,0.012776020621408446,-0.003232486408501408,-0.03480879472366203,0.0014885549796347587
2021-01-11,-0.006763601601815722,-0.014555293901162392,-0.0016536325324004828,-0.001963368081678198,-0.005392964205661758
2021-01-12,0.00021096370167218264,-0.0015913416073139307,-0.0007953618985558551,0.006453094143516468,0.0012642467065397747
2021-01-13,0.002689558550645953,0.006730505946902648,0.011199192838031223,-0.004316677807613859,0.0029838857180578635
2021-01-14,-0.0035083464935577314,-0.005361783713371952,-0.009411616399977731,-0.0005192346256867747,-0.0002292552132134176
2021-01-15,-0.007319259238418979,-0.00795297535500678,0.00396038046081797,-0.012485246085867416,-0.001605721000758943
2021-01-19,0.007821280388856731,0.014484643365911976,0.003222220992540118,0.008437377567923208,0.0028656165910776036
2021-01-20,0.013743696855139606,0.02299452949775687,0.000983595342663477,0.016151154600027997,0.0018299089633203984
2021-01-21,0.0009114001216461079,0.007967502124864731,-0.007042851442680914,-0.0006273739671711188,-0.000571240988865467
2021-01-22,-0.0035456916304889216,-0.002884256986303631,0.0032317255142820366,-0.007904302060517928,-0.00194558378453337
2021-01-25,0.003936025300428931,0.008232364536294291,0.011716156651929358,0.0008622455288576803,0.00022852667649649784
2021-01-26,-0.0015622496754510232,0.0014617870200041886,-0.001887990868744778,-0.002473656951145883,-0.0014894081765233801
2021-01-27,-0.02474396840756528,-0.02827241099715517,0.0025392877807660632,-0.006355778295441206,-0.00287139165166764
2021-01-28,0.008563381845136612,0.00589924505747979,-0.0055432821189091075,0.000926931727635592,0.0029858056813568306
2021-01-29,-0.020222771170572237,-0.021262718765511994,-0.00603452871580781,-0.0004054103376829626,-0.0026410165059643303
2021-02-01,0.016508595432396366,0.024680332663515134,0.001158601582786394,0.00934152297824149,0.0032033269596093003
2021-02-02,0.014040916696383146,0.016182191738423817,-0.006467760948464219,-0.012242430084677477,0.002413175663854363
2021-02-03,0.000786102182745643,-0.003974946776161781,-0.008913138737167231,-0.0015117720158050482,0.0008029207887904325
2021-02-04,0.011301724968382882,0.01175698270968321,-0.002675921455390139,-0.021765636924135134,0.00206135828689925
2021-02-05,0.003928275438815221,0.003385927648663816,-0.008408746136700314,0.009823748692690917,0.0014866284920331278
2021-02-08,0.007196019100960477,0.006677305550321578,0.004381606926202317,0.01001975221091292,0.0029665247882115515
2021-02-09,-0.0006662470024162776,-0.00020983136654784636,0.0007396241821232542,0.0032595928083516256,-0.0018245667658441348
2021-02-10,-0.00043573971558384075,-0.002281373448376164,0.006631499623883797,0.003654430629279855,-0.000228334754448955
2021-02-11,0.0016137349439858902,0.005484685540202089,-0.005489282591606535,-0.008723013798522866,0.0004568545336997607
2021-02-12,0.004927850267793917,0.00557360297539504,-0.012498037451904835,-0.003041852351548402,0.0015960469865932293
2021-02-16,-0.0008666129790932696,-0.002708481847129795,-0.015343583556698797,-0.014457496034195686,-0.001596046986593235
2021-02-17,0.00022959166207818643,-0.004809915961550691,0.006330556895696727,-0.011417786234196115,-0.00034238410078338196
2021-02-18,-0.004265024949538099,-0.004381575556843362,-0.004055267799815782,-6.0090224343136566e-05,-0.0013710662117676355
2021-02-19,-0.0017675102176667114,-0.004370925630316183,-0.01338076008825853,0.004139970385631239,0.00011437682901811497
2021-02-22,-0.007721596216099254,-0.0262616969751732,-0.007637032911239567,0.014858231751961605,-0.0030905119716594085
2021-02-23,0.0012137234063117131,-0.002981600040288443,-0.00288857047942973,-0.0023033964742125187,0.0024048866069114345
2021-02-24,0.01095907055123544,0.008209110929809223,-0.006581176273314267,-0.0007097783269727351,0.0010283212088002863
2021-02-25,-0.02439096929135945,-0.03548506720409804,-0.01646537153622222,-0.018995808065307287,-0.00952724214130645
2021-02-26,-0.005165795216215253,0.004179309472233512,0.032524388375335965,-0.024480114534154506,-0.003004074180804101
2021-03-01,0.023950973457417205,0.029638289292561976,-0.013295578952137033,-0.0017319159550744983,0.011164939859690925
2021-03-02,-0.007834024363000939,-0.01616877213357356,7.098142069200837e-05,0.005433148366520264,-0.0014937315142643443
2021-03-03,-0.013334005111140825,-0.029449271800157002,-0.010904976586304948,-0.011082728374520621,-0.0032253394369447077
2021-03-04,-0.012452002540598956,-0.016502785629162475,-0.006470849583816522,-0.00988559566723337,-0.0038135509239147266
2021-03-05,0.018229426479158588,0.014948546455636742,0.001946132669309848,0.0006286134207733884,0.0030064098719516765
2021-03-08,-0.004991313121563587,-0.02872271133150772,-0.0078053539994231095,-0.010422315048141234,-0.007300058724607609
2021-03-09,0.014176651530484011,0.03868337287614717,0.01376233954813965,0.02104806019448947,0.0013944046000152835
2021-03-10,0.006205267126661812,-0.0028587472420280717,0.0020020780825384427,0.005085327698430273,0.003130753945640276
2021-03-11,0.01008791746698666,0.022770480328554023,-0.007239557780198826,-0.0008663865026826478,0.0036978399196527746
2021-03-12,0.0013461227466055044,-0.008145376297876865,-0.021449980420746053,-0.00018574519969141986,-0.002771917561057312
2021-03-15,0.005945675635713732,0.010626068826127303,0.0058622605077508485,0.004386867610048303,0.00011556776900844717
2021-03-16,-0.0012620712956878703,0.0054738742072413206,-0.0040267068699189655,0.0009244132771239594,-0.0023154572110140057
2021-03-17,0.003404234001308977,0.004108965963565852,-0.0075111415326309565,0.0071195808075622735,0.001390361082382035
2021-03-18,-0.014656438971633006,-0.031109373201805436,-0.010178034609411168,-0.0058269675795917875,-0.007669539931125603
2021-03-19,-0.0018521841151262787,0.0035190743329068593,0.006178814535891723,0.004174394816826358,0.003842303162228817
2021-03-22,0.007953206433325118,0.018579639214635416,0.011143276949340147,-0.0014713433816878438,0.0035954542962182553
2021-03-23,-0.007901942386712138,-0.004372521752311377,0.0089870010998831,-0.007327408483150656,0.0010413108323019061
2021-03-24,-0.005096491291911601,-0.0170087742531957,0.005367267871897437,0.003454859203276189,0.0005777053322370778
2021-03-25,0.005609998515308308,-0.0017333165332508581,-0.007916580226840256,-0.0036402714825327686,0.0017329683255391044
2021-03-26,0.015986231970801727,0.014888956065376269,-0.0035060583083177006,0.002839374216722469,0.0029956595632013873
2021-03-29,-0.0005051124596460343,-0.00028507039277216864,-0.008524559089790712,-0.011967328788777756,0.0005751250882867769
2021-03-30,-0.002656346390441083,-0.005045645794139253,0.005225912079277801,-0.01723957501602924,-0.0024181332228619384
2021-03-31,0.004044978628627648,0.015187016508088265,-0.005594919474322041,0.015053975494509144,0.00482972051759271
2021-04-01,0.010741178800603912,0.016902579305255343,0.01646088094630855,0.012549018493591777,0.002115912730802926
2021-04-05,0.014251296141382638,0.019768058187723425,-0.004372835521115025,-0.00037046965366193687,0.00045894621518773233
2021-04-06,-0.0005910166851104173,-0.0006947006997989317,0.006769889433203485,0.007996616729269289,0.0017205053212805352
2021-04-07,0.0011568074926150236,0.002415136631748385,-0.006989222133161125,-0.0028223021365765604,-0.0003441009521332687
2021-04-08,0.004735609324908527,0.010379711583095873,0.008221491988351294,0.010694635856861524,0.0003441009521333839
2021-04-09,0.007243847123346227,0.006039874208427172,-0.0036293237672785764,-0.007566026934120144,-0.0006883203504904239
2021-04-12,0.0003644963957765973,-0.0013061884149834302,-0.0004367988654866273,-0.006082067490100263,-0.001032184970789962
2021-04-13,0.00295932291079862,0.011605718574153608,0.007466120997340995,0.007061488473290135,0.0006879654348740275
2021-04-14,-0.003421109961445591,-0.012080702327788018,-0.0031826612393502144,-0.0043537794872208335,-0.0004586305122490447
2021-04-15,0.010685189827256837,0.015041633221868656,0.016595732320892904,0.0160335365383925,0.00400911771959017
2021-04-16,0.003336802308903745,0.0011704774592634778,-0.007796543180111005,0.0060295628147861114,-0.0020596453971849097
2021-04-19,-0.004925150564210873,-0.009194164069480069,-0.0028762620087269416,-0.0027691247303623773,-0.0016052133116496907
2021-04-20,-0.0073485702087013145,-0.00731542959498127,0.004598188472814179,0.003550241996940974,-0.0017226000297509763
2021-04-21,0.009417714538921488,0.008524775685296162,0.0020052177673304298,0.009862362310853667,0.003327813341400565
2021-04-22,-0.009175049904794449,-0.012127910054683916,0.004354471789683399,-0.00650425423162094,-0.0018343508572888994
2021-04-23,0.010784152710282473,0.012510985872114863,-0.002353201196322444,-0.0038387727937765547,0.002635637922390254
2021-04-26,0.0020853830336496014,0.0064898441868911005,-0.0014290138195977948,0.002640755671589698,-0.00045781658210241536
2021-04-27,-0.00021564977239398717,-0.004341582972101948,-0.008761538660281952,-0.0025205449092440876,-0.0013747086674411834
2021-04-28,-0.00028729067783595804,-0.0033864271094488697,0.0006487759465564878,0.002940064461277065,0.0019465037568639923
2021-04-29,0.006352538123499466,0.0035920885813870754,-0.0029596886591268883,-0.004142547462168167,0.0011443798247631977
2021-04-30,-0.006592298641111184,-0.006576129202069018,0.002310912712570474,-0.003374702192485256,-0.00045747676466067203
2021-05-03,0.0021545215634142965,-0.005339650546269189,0.0005998389178267954,0.01289485518814097,0.0003897593294361512
2021-05-04,-0.006188304338920443,-0.018159662362551714,0.006762981160616236,-0.007356686965198023,-0.0005728322604311121
2021-05-05,0.0003125341958466771,-0.00336801796314082,0.0016475724348863135,0.00413361336698124,0.0019489314586211089
2021-05-06,0.007953880464682891,0.007508940011617638,0.0016451906467963824,0.016542002735280385,-0.00034396516757985457
2021-05-07,0.007251818199062589,0.008081678560345305,-0.0049436482561292325,0.00895658735382193,0.0006872231842402784
2021-05-10,-0.009951588073146691,-0.025578478104574705,-0.010178743167876432,0.0030259218728549953,-0.0022921894752815464
2021-05-11,-0.008964997432438258,-0.0013826317275697055,-0.005675691733699393,0.0001742848474817966,-0.0010341472632598488
2021-05-12,-0.021474240531046986,-0.02622359711262771,-0.010563262477288199,-0.009983483413452903,-0.0048368474362906946
2021-05-13,0.011940959091429311,0.0077014420543321,0.0015481487617035035,0.004098917859921596,0.0035720008864295978
2021-05-14,0.015238656109078404,0.02183689830000435,0.009307179715998178,0.009074563611959028,0.003216146381418466
2021-05-17,-0.0025480465860647002,-0.006084686361654687,-0.0021181042440902953,0.011572105937362132,-0.0018358560057507001
2021-05-18,-0.008652900807257507,-0.006773987824644889,-0.0025616509473949272,0.0019442812059788442,-0.0024157531410695585
2021-05-19,-0.0026251412719521723,0.0011475761550512628,-0.0024218417232326683,0.0006853819629941132,-0.002651605069278232
2021-05-20,0.010700611274419855,0.019158834671736544,0.008195047821309228,0.004556871795741219,0.0042625189187370785
2021-05-21,-0.0008192049297464079,-0.005550189776644168,0.003201607680602254,0.00045446916842239933,0.0014933260989215397
2021-05-24,0.010142744577046482,0.016679188205337772,0.0036974604039560406,0.001759487487714246,0.0011473691984399547
2021-05-25,-0.0022212165817650995,0.0013822435363837812,0.009220735084459235,0.009031903514378268,0.00011474709511090588
2021-05-26,0.0019825469623812723,0.0034781158319914154,-0.0017228652150918279,-0.0017435678186662285,0.0003441623051036209
2021-05-27,0.0005249040035865592,-0.0037484662327455717,-0.004030098233233422,0.0003940189892895408,-0.0004589094002146082
2021-05-28,0.0017871501511334486,0.003149643735525255,-0.0015883588948435387,0.0037630876338542248,-0.0003443203078663707
2021-06-01,-0.0008812031487579445,-0.0033296338786868843,-0.00022402377718550566,-0.0026945732480542135,0.0029998216007461635
2021-06-02,0.0015714812827446753,0.0019510837254755286,0.0023130034250515887,0.004878526963101577,0.0012615579325447404
2021-06-03,-0.0037184478546543782,-0.010460074633884145,-0.003760945000602951,-0.019772420864664846,-0.002065261176569525
2021-06-04,0.009104231079295796,0.0168270297639196,0.013601834113380187,0.010725633264657355,0.0021794422417844585
2021-06-07,-0.0009706786256153929,0.0029753934254646837,-0.0030783489097231864,0.003999619209610979,0.00034399149438853633
2021-06-08,0.0002132646414609525,0.000475511984654226,0.0070019584927352154,-0.003096867753862795,0.0006864547769339707
2021-06-09,-0.0014931075269692194,0.00023701630550127152,0.008790006290862466,-0.0019193434836643904,0.0008012458622334042
2021-06-10,0.0046377145174605365,0.010366916218872747,0.005981024330938891,0.004285131517665339,0.001828694273928182
2021-06-11,0.001650995216766295,0.002611388022607655,-0.001615052081915373,-0.011316177890912231,0.0003423838868228987
2021-06-14,0.0022365832551899455,0.00953738259494545,-0.007688777312054858,-0.005878166410042197,-0.0009136746682882399
2021-06-15,-0.0018359034715914558,-0.006552899514191897,-0.0012044556757216276,-0.0037848631237422004,-0.0001142973315159762
2021-06-16,-0.005598894058726286,-0.003658524129097399,-0.0008510055516674782,-0.01703600368035545,-0.001371649729070443
2021-06-17,-0.0003318723329668243,0.01261748880896523,0.014861339554857474,-0.03122282591641038,0.0006861772373168087
2021-06-18,-0.01358216064097418,-0.007878453028311121,0.018630752380512202,-0.005562705142465907,-0.0004576336691931857
2021-06-21,0.014214373910999547,0.006195711297277677,-0.016885212504914655,0.012173251058176099,0.001942796254891735
2021-06-22,0.005332051902620942,0.00927856031635641,0.002439733867639664,-0.00420166857422807,0.0006846894391490993
2021-06-23,-0.0012060439895187154,0.0004891226006053892,-0.0025787784243460742,-0.0006618767987564016,-0.0010273856305111886
2021-06-24,0.0058983074068370035,0.006163748037111945,0.0016039186305660089,-0.0006021199876096117,0.003079112440907084
2021-06-25,0.0035457595688854174,-0.0012296959951824799,-0.010437616636364623,0.003306999189259349,0.001023412604350823
2021-06-28,0.002013932483572164,0.012088391791842358,0.010228388913151802,-5.999643961855651e-05,-0.00011379035328910379
2021-06-29,0.0005380174768042996,0.003611993778945101,0.001671831428937665,-0.010561034647227364,0.0012504000525935808
2021-06-30,0.0008411246871640252,-0.0015789308351160738,0.004443266251515905,0.004841763592293601,0.00011329885823050354
2021-07-01,0.005521429788241017,0.0003951440489089484,5.515319213520601e-05,0.0034354496150826534,0.0019589822887013065
2021-07-02,0.007614388716528166,0.011413372270776595,0.006016650961781782,0.0065369291506959725,0.0015913684671273183
2021-07-06,-0.0018229165813149358,0.004312549746779914,0.011652639969653203,0.004949187883217545,-0.0005682127598960461
2021-07-07,0.003527776862862939,0.0021077224421308053,0.00882016876244731,0.0037995736126820853,0.0003408967683976159
2021-07-08,-0.00818131445730537,-0.006058105342577111,0.003910260369274811,-0.0006520293887520076,-0.0021605129364913834
2021-07-09,0.01061806859757847,0.006224225940845006,-0.014162569441986532,0.0033150614410246745,0.0017057258770598526
2021-07-12,0.0035755864490048302,0.003898038870579775,-0.001297599154801294,-0.0012418718351821449,-0.00034128415023431036
2021-07-13,-0.003414759854071791,0.0,-0.0076824960110995115,0.0013009357869861221,-0.0029598506592401095
2021-07-14,0.0014909982333784627,0.001792055378901219,0.011297917315598737,0.010697757313475486,0.0015954089324145106
2021-07-15,-0.0034213466222197675,-0.007048296222171761,0.010969437120256184,0.00017546425482688882,-0.0006835015391256316
2021-07-16,-0.007874670073904983,-0.008132281842520026,-0.0018874047891609491,-0.009751038308664077,-0.0013680565805053596
2021-07-19,-0.014877969776793362,-0.008227181774625832,0.021691711026937125,0.001179853512608669,-0.0067519834057559016
2021-07-20,0.014228849328877332,0.011549503672893159,-0.009686211471641972,-0.0012979424872485647,0.0050395975980865254
2021-07-21,0.008063651955514473,0.007690737825260814,-0.012747642056289006,-0.003726190289074976,0.002396822735334971
2021-07-22,0.002091885049430444,0.006588728902474295,0.009408487322808795,0.0019535411866020086,0.000569211120096454
2021-07-23,0.01023544571841375,0.011609381313077026,-0.006711576527930031,-0.003139340880551927,0.0019349191981434136
2021-07-26,0.0024518624402101404,0.0007870757952632436,-0.0029670580218105727,-0.0023758261058627853,-0.001479225032254546
2021-07-27,-0.004567979082124489,-0.01107877391867701,0.010614700302904716,0.0016636888817755746,-0.0013667739433780824
2021-07-28,-0.0004101705039317018,0.003834079181359832,6.684581183487443e-05,0.0050335632022407,0.0007979386311113882
2021-07-29,0.004138725054506963,0.0017753658891099004,-0.005561740858480458,0.011044023020098688,0.002161666954921971
2021-07-30,-0.004868125376911558,-0.00522548721510127,0.004692825435119802,-0.007918108309762988,-0.0013643645222560477
2021-08-02,-0.002100284206085835,8.228217428674204e-05,0.00887927775769901,-0.0012374082182159806,-0.002481965053412688
2021-08-03,0.008102375254199153,0.006043137774017758,0.0005313733010240795,-0.0007077270423842932,0.0011443884906822033
2021-08-04,-0.004930895145594981,0.0014439342274718903,0.0020541753103075103,0.00023593466942563418,-0.0018318840998962323
2021-08-05,0.006312943927245229,0.006322850276022933,-0.005110467154813301,-0.003959922253451811,0.002289389469358204
2021-08-06,0.0016509996997435283,-0.00439208984180126,-0.01684196545206503,-0.025308704477345147,-0.0011439812968870474
2021-08-09,-0.0008136836349086496,0.0018461980675259562,-0.003593148367177234,-0.017894816057729707,-0.0022916625403896773
2021-08-10,0.001243015045298317,-0.0051391130067607056,-0.004628060041306533,0.00030914743149373187,-0.0022966921510190045
2021-08-11,0.0024817732109700947,-0.0017188661641883787,-0.0006144863040247172,0.01369082807188368,0.0016079342554858875
2021-08-12,0.0029923031835638403,0.0035981275721845966,-0.0016398112140952915,0.00024383177142714218,0.0017205392914629782
2021-08-13,0.0018183714107133644,0.0035038080650982057,0.01567248552269301,0.014224167163591615,0.0021750776989055815
2021-08-16,0.0023520884776191335,0.0004338189032858548,0.002419969118372801,0.004975891262677384,0.0003428664800344197
2021-08-17,-0.006576987274984021,-0.008847115077777048,-0.0004023992587420279,-0.001496155150116038,-0.0022883113174686845
2021-08-18,-0.011005402476298316,-0.009671376967433963,0.0033533723371465866,0.0007783092556947036,-0.002293559698379221
2021-08-19,0.0015472856034974094,0.0048195747308113525,0.007337854775480796,-0.0029367165231408677,-0.00011507347992328811
2021-08-20,0.007925407856087113,0.010305437309772568,0.0006644596476429953,0.0005400158455303154,0.0024086331783025887
2021-08-23,0.008758113422979249,0.014845842766126377,-0.0006644596476430038,0.012104007439095057,0.003087915002410723
2021-08-24,0.0015861422058746158,0.003049559883620563,-0.007806545074723655,-0.0004742535717267673,0.0013695455042245983
2021-08-25,0.0020962941299087876,0.001147921086569125,-0.008341817946456874,-0.006961609676564189,0.0010263647525536313
2021-08-26,-0.005920693486261379,-0.006370167944349756,0.002765541398339972,0.001133835388463418,-0.0005701112823121794
2021-08-27,0.008901098099568037,0.009673374375988713,0.006780984167286104,0.014917723322635659,0.0027321159019685322
2021-08-30,0.004388116347373643,0.011159748781668873,0.002605964315863547,-0.004947859047149437,0.0012501197769454822
2021-08-31,-0.0014828208382030009,-0.0008155602177778163,-0.006829850914010029,0.00200564206756742,0.00022696904559953875
2021-09-01,0.0005314925005238492,0.00165667571139242,0.0016736530996295307,5.88968847449306e-05,0.0008533033084038872
2021-09-02,0.0030718112272022703,-0.0004731386758089063,0.004356166791733898,-0.002655242464544409,0.0012510188452647493
2021-09-03,-0.00024271618600519402,0.0030708712191078744,-0.009136145935933596,0.010637446088029513,0.00011316902763827139
2021-09-07,-0.0035821382336210295,0.0014143979504667897,-0.008471520621178534,-0.019778020504279115,-0.002616195444005302
2021-09-08,-0.001218971412323175,-0.0034867200140535457,0.006782985165637028,-0.002507544166051433,0.001138452995675157
2021-09-09,-0.0042894397972643855,-0.003446408899304434,0.012027844765232458,0.004413734414974538,0.0009098070581561507
2021-09-10,-0.007915682000956431,-0.007618352646904291,-0.008855624849662184,-0.005071495164425335,-0.0014788137512477693
2021-09-13,0.0025559879517465215,-0.0006910081174914753,0.00604662093359886,0.0033441618437189445,0.0025018338675747527
2021-09-14,-0.005411125640124272,-0.002846826414157643,0.012049657495762648,0.006417907636002404,-0.00045508472615305616
2021-09-15,0.008317751987435198,0.007406973879679836,-0.003513484866953065,-0.005881528710091136,0.0014763682369744663
2021-09-16,-0.0015864613616811815,0.000687532442446912,-0.004592568280233548,-0.022902242747818987,-0.00034042718237155614
2021-09-17,-0.009788700211847502,-0.01191272157562946,-0.004815393111793819,-0.0015862999324902439,-0.0012491100822411994
2021-09-20,-0.01681485746055469,-0.0208795142754832,0.012325760426920714,0.007118755657039398,-0.0035288476333210205
2021-09-21,-0.0009452347466221314,0.0012294681341389134,-0.0008607054035609296,0.00664689654260444,0.0017091178781014457
2021-09-22,0.009707814492216544,0.009297198746025536,0.0059469538522478535,-0.0037409995549623856,0.001819729755219632
2021-09-23,0.012076908053368857,0.009184495450257813,-0.02285663414477069,-0.011613566243419594,0.00045444432910667586
2021-09-24,0.0016457549983628287,0.0009380249534038106,-0.00982112037453049,-0.0012850982867509395,-0.0014776997867438318
2021-09-27,-0.0028651180308676147,-0.008014134949813928,-0.0036829043562301147,0.0020798706668898187,-0.0009103246561462277
2021-09-28,-0.02035762910472099,-0.02870559454555198,-0.01569968495710683,-0.009763940911599527,-0.0045646758897346425
2021-09-29,0.0016816962535239558,-0.0016408405335746723,0.0017337495303233086,-0.0045149330127863515,0.0018282555593544208
2021-09-30,-0.012297442569590589,-0.003680858535681424,-0.00013839692195938085,0.01781698430701417,-0.0011423404885366308
2021-10-01,0.011813961774965683,0.006182578838086178,0.008379918021665846,0.0022505110921036547,0.0023940525469480353
2021-10-04,-0.012979914390419262,-0.021212871318417616,-0.002548613771982994,0.004667408258473528,-0.0035531505588376313
2021-10-05,0.010351163976091947,0.013408756443265847,-0.009703536740565595,-0.004667408258473519,-0.00045876213813853987
2021-10-06,0.004147667945861003,0.006387378836087702,0.005625721564274819,0.002669757352534067,-0.0005746791508767519
2021-10-07,0.008608174111488018,0.00913313049385322,-0.01051280581961574,-0.005285683868044846,0.00011489248494846506
2021-10-08,-0.0018252230180637165,-0.004998970443798864,-0.007023443951161027,0.00042627404378714777,-0.002992086246762597
2021-10-11,-0.007266081535881762,-0.007699414174189526,-0.0025407345689198372,-0.0018893655741350408,-0.003116882848907474
2021-10-12,-0.0024644572636846173,-0.0034941027143157426,0.01695546335353902,0.004504271350483098,0.0018478465531975396
2021-10-13,0.0035910238678293067,0.007976441409376804,0.009679196242621152,0.01763773443447277,0.0026507264721040216
2021-10-14,0.016680631317445634,0.018248733709864268,0.003708704039354304,0.0024434808580754102,0.00562438174851807
2021-10-15,0.007587132529089418,0.006281105256460328,-0.005843737929686503,-0.0160204917648545,-0.001717975576524598
2021-10-18,0.002956250992754815,0.010005734980259914,0.004677656461488621,-0.002482990902389477,-0.00045940724741676503
2021-10-19,0.007685047286517037,0.007538699916538709,-0.013890356031142281,0.003208519186409284,0.0006880458516918095
2021-10-20,0.003920202208929277,-0.0013058394692848597,-0.006773418770492032,0.008725778175468667,0.00034396142775783994
2021-10-21,0.002604812450070917,0.006088410205642212,-0.0011916400316076348,-0.0008991093021597419,-0.0025240118592851977
2021-10-22,-0.0010368191900439845,-0.008437814123683595,0.010953317451970533,0.006098334452755203,-0.002415617536211396
2021-10-25,0.005348588332323132,0.010185857991759617,-0.0015283345686999854,0.006890365329616705,0.001726302198558838
2021-10-26,0.0008994862066334971,0.003143559938820773,0.008235860796781683,-0.007427027125168416,0.00022982457833099066
2021-10-27,-0.0044400601440603305,0.00231857979000786,0.018030221823980352,0.0026206236403640355,-0.0008049663797833179
2021-10-28,0.009602799389021982,0.011044205808192693,-0.003389671199558041,-0.00023791366260843256,0.0025272013507677375
2021-10-29,0.0020269067697407128,0.0049069254357111455,0.003051294806809115,-0.008544299301700552,-0.00264231597695308
2021-11-01,0.0017188662642083742,0.0034127943237289896,-0.007226335826896672,0.005207004497418708,-0.0010733336118499861
2021-11-02,0.0040346737073916625,0.004172679630434941,0.004429315196506423,-0.0021513131388870075,0.0024224497198193553
2021-11-03,0.006086914902957582,0.01055950467753287,-0.010387771453149666,-0.0083501482773226,0.0019575041252542567
2021-11-04,0.004701368830383101,0.012737200587414836,0.010455620681285284,0.011277125295739413,0.0026420517066439732
2021-11-05,0.0034636320143730122,0.0009536982017302307,0.014845692062113568,0.012978359326946427,0.003778347917426876
2021-11-08,0.0008534257240259707,-0.0013553696214334908,-0.0018780607062132432,0.003585184846901929,-0.0012577483397986468
2021-11-09,-0.003310984826410032,-0.00690730067656441,0.012934217648308686,0.004916006634195484,0.0008006941314863156
2021-11-10,-0.008077349299532783,-0.014806018349428093,-0.018451945910636595,0.010800248284572371,-0.005618369149465086
2021-11-11,0.0003234745401427441,0.0027690095355658775,-0.0014859167023431354,0.005586453042738802,-0.0017264211841122885
2021-11-12,0.007518721479632329,0.010467342659892145,-0.004401815756359875,0.0018934614978916627,0.00034580149190238934
2021-11-15,0.00034209900692762173,-0.00022794530670202027,-0.012636212391792067,-0.00154894492430588,-0.0011520517705685374
2021-11-16,0.003950015789598354,0.00709581992295337,-0.0025467933229804244,-0.007260156004477963,0.0004610264744096118
2021-11-17,-0.0024319503907596156,0.0005280587903697734,0.007894049641318743,0.009095692432078762,-0.0010378994666996363
2021-11-18,0.0033905043202980896,0.010308095095783431,0.0037531268242445245,-0.0032143154449525086,-0.0008072502117815477
2021-11-19,-0.001789770837841689,0.005560279033693788,0.010502748329636442,-0.007675708262916443,-0.0008081354445170522
2021-11-22,-0.002819174414663692,-0.011676984771817908,-0.01179764592890335,-0.02267561664312034,-0.003820156862317805
2021-11-23,0.0013250039491914615,-0.004568500548078173,-0.014564408961091437,-0.008690053468478977,-0.0013923588740565138
2021-11-24,0.00266629946986318,0.003214957132593177,0.015927719766964724,-0.0009569597921073518,-0.0002325413174016584
2021-11-26,-0.02255575699607469,-0.01914075309181455,0.024954774958815328,-0.0016168462526691021,-0.007227827083451775
2021-11-29,0.012192101143898237,0.02147027607660822,-0.008070518398929973,-0.0013795005365548109,0.006182187521620129
2021-11-30,-0.01964925810336793,-0.014795274149645063,0.015087669756168704,-0.006744546424564762,-0.004195057406816663
2021-12-01,-0.011169437793362033,-0.017159242567754508,0.0061499802830487825,0.003980006790395922,0.00014049991258051198
2021-12-02,0.015200194643664624,0.007181488727852442,0.001246824947645238,-0.005552205835401061,0.007352575726167904
2021-12-03,-0.008739361118403127,-0.017541656290270314,0.011861426681507924,0.008376819081740972,0.0
2021-12-06,0.011773760497565896,0.007980722364425825,-0.01383067349113761,-0.0024635953850727986,0.0044085938766130674
2021-12-07,0.020473786559549102,0.029669555632349937,-0.00811239322485567,0.0035432060613326127,0.00531118613538477
2021-12-08,0.0026444531350345913,0.004464329390849978,-0.017435546996913562,0.0005393685677794685,-0.00023029020198449908
2021-12-09,-0.00677453171913017,-0.014823731818510997,0.005576852930951046,-0.006130129283900702,-0.004501815115201132
2021-12-10,0.009369521980595825,0.010811868418448821,-0.0024151628997453444,0.004211020685246302,0.002311467103382021
2021-12-13,-0.008897713737933216,-0.014552412566965055,0.014671250735689067,0.002518126917516811,0.0
2021-12-14,-0.006904120460302086,-0.010404163685183371,-0.0023861912402464,-0.009385206339641532,-0.001733302677877632
2021-12-15,0.015504297036997404,0.022541503888759876,-0.009668535188166167,0.004282351988516796,0.003808659410899837
2021-12-16,-0.008857422621434817,-0.026051066196465317,0.0003893097923261776,0.012024970840539904,-0.0007400587959253068
2021-12-17,-0.010700130778600568,-0.005001711654388994,0.0112680228661053,-0.002143116686188639,-0.0009257283437583416
2021-12-20,-0.010690222818064091,-0.009747438911420127,-0.007520080926180749,-0.004240244730917084,-0.0017381700490006838
2021-12-21,0.017603188635952175,0.022133516240085537,-0.0038150114545750127,-0.00041897618344674124,0.005320603693659094
2021-12-22,0.009949135785904869,0.01210493082134022,0.004616183181417215,0.00935611880010715,0.0026505881623658154
2021-12-23,0.006202516803030284,0.007510839778466998,-0.008714790090544508,0.002251481491211197,0.0028721282364999727
2021-12-27,0.0140530279472786,0.016391945686431115,0.002420588650115127,0.002364450476828884,0.0010321797635139338
2021-12-28,-0.0008175185643364323,-0.004645235153272482,-0.003970530552677652,-0.004319380340024978,-0.00045862780126222944
2021-12-29,0.0012785645625049448,-0.00014943923366027984,-0.010984834624784164,-0.0002965516280151311,-0.001606913290785171
2021-12-30,-0.002768445572926592,-0.0029929349326277693,0.008350690926438817,0.007151581744182501,-0.00045911582512244483
2021-12-31,-0.0025234244320541067,-0.00626408869967069,0.0019592150860025287,0.006808358432551388,-0.000230040001263117
2022-01-03,0.0057731906873976155,0.009580584967900133,-0.026600788608072693,-0.015503300973700684,-0.0004595476105388957
2022-01-04,-0.00033492566290888807,-0.013055310032577224,-0.004166858583361129,0.007339514803169255,-0.002533257113220555
2022-01-05,-0.01938890420804042,-0.031203092910616563,-0.005442615813349516,-0.003012197052209778,-0.007753144772466265
2022-01-06,-0.0009400239417293726,-0.00070269366879324,0.0025855047791563477,-0.012319703780209438,0.00011626927861601673
2022-01-07,-0.003961057178333652,-0.010891795162304064,-0.0072140749510231856,0.004540812572282988,-0.002558835260592049
2022-01-10,-0.001245219557438226,0.000657843651979479,0.0024574725362007353,0.0030355936239956378,0.0008150071863390449
2022-01-11,0.009066988713923528,0.014910035576735974,0.006639320975157822,0.01199245713664559,0.004643506216632078
2022-01-12,0.0026998008104395324,0.003958151462634838,-0.003838673744945875,0.0026391371424113854,0.0016199089861002028
2022-01-13,-0.013874257865118124,-0.02533454019725489,0.008841533671933067,-0.003402771341298051,-0.003590849413240733
2022-01-14,0.00040896158269596104,0.006203267625806282,-0.01522474761865192,-0.002883829150556528,-0.0009287377152385391
2022-01-18,-0.017868484161775073,-0.025209290798803935,-0.014174845351345191,-0.0016516182679313014,-0.0048905426579933745
2022-01-19,-0.010437805068724305,-0.011044184454761507,0.006899881370978909,0.015755750605134237,-0.0009345117651726007
2022-01-20,-0.01112975311959434,-0.013073762654146497,0.00614828222224677,-0.0025020112544038944,-0.0018709438864520523
2022-01-21,-0.01982596947927185,-0.02812018470408645,0.011836232567512728,-0.003267771913809988,0.00011691933628696801
2022-01-24,0.004237886017449077,0.004567323459383983,-0.008249762064942032,0.005479160681096094,-0.001053588192619637
2022-01-25,-0.012283909006137576,-0.023454335748401167,-0.0016161052068406916,0.003192034576976311,-0.0029332434417723707
2022-01-26,-0.0025122802268839114,-0.001565888063342864,-0.012167517803036746,-0.01629856790431354,-0.003414184539818229
2022-01-27,-0.004950002324843526,-0.010121412985916066,0.018196650000612265,-0.01298211532059733,-0.004371928470334152
2022-01-28,0.024531887554356008,0.03088705680677013,0.0003493510417445507,-0.002987752337666492,0.002837945850348815
2022-01-31,0.01785087626604564,0.03147764809364614,-0.0051839605206848985,0.005907056331230696,0.00023625063143073552
2022-02-01,0.0067342373463531715,0.006780430406451192,-0.003324353548252846,0.0008325368758188378,0.003961677612176491
2022-02-02,0.009666938504628698,0.008092502262179835,0.0033805492738930784,0.00361943388995412,0.0015332082386266
2022-02-03,-0.023785381050488934,-0.041388542216880604,-0.007835859577897175,-0.0014224174555621005,-0.008996443087396715
2022-02-04,0.004691181072095668,0.012536172927765194,-0.014852414890249173,0.0015408910869810946,-0.003931827001700139
2022-02-07,-0.0032143478029340593,-0.008077179714632671,0.0006473308928852553,0.007375317353577323,-0.0007162379598998325
2022-02-08,0.008194005912131638,0.011172807367523078,-0.00670837126454463,0.0030522079460774463,-0.0010756778836363337
2022-02-09,0.014530348940708072,0.02096921770312396,0.0018800430237846252,0.003393414275398407,0.005248458934895834
2022-02-10,-0.018129373068577228,-0.02289250133391029,-0.01602018222768445,-0.0038037857675304026,-0.013293081901150694
2022-02-11,-0.019915535108923205,-0.032235685824522936,0.01471896021884511,0.018875607865561438,-0.0035025167471488187
2022-02-14,-0.0032745795433968754,0.0012381391806019135,-0.01251942124505544,0.005336451777182292,-0.0016949559684238536
2022-02-15,0.015998163005344044,0.024559959783508778,-0.011417672224075966,-0.009545260370239185,0.001694955968423928
2022-02-16,0.0011201365935518753,-0.0002527543044964145,0.005909425960009786,0.01023173130733765,0.005549668911410065
2022-02-17,-0.0215929250591274,-0.030195249904777118,0.007410917603761519,0.013575508168976262,-0.004219167845644991
2022-02-18,-0.00649609842723318,-0.011470651229947254,0.010471977521582474,-0.000733724019731723,0.0014484542202632328
2022-02-22,-0.010789533739547994,-0.010094683937818757,0.002601063573931652,0.002086858856896338,-0.0022947178799823504
2022-02-23,-0.01789802462530495,-0.025949050522539995,-0.013877522005684945,0.004497100140272996,-0.0018156645354057586
2022-02-24,0.014936874266221225,0.0330521252592082,0.0006587607427565222,-0.006471023453826176,0.007121633929318675
2022-02-25,0.02182423799286031,0.01538825107934689,0.0007305779296997309,-0.0033362372759372606,0.005637003394130313
2022-02-28,-0.0025617167454412364,0.0029745173993140214,0.021681862185050745,0.010311993951243732,0.0007173331319045387
2022-03-01,-0.015347521161119962,-0.015429827907906951,0.011495016019348976,0.01800043176575384,-0.002798958401705706
2022-03-02,0.01822909367045525,0.016640044059670796,-0.034780296286383794,-0.010460864384517259,0.0024032952489084834
2022-03-03,-0.004990826809031993,-0.014387911675425658,0.010133493407344157,0.005935763844875876,-0.003004648494310285
2022-03-04,-0.008157850883461487,-0.014597949357641813,0.017117126142305365,0.015803608419049087,-0.006520883798247253
2022-03-07,-0.02992229123796475,-0.0375784221202648,-0.007659129217405466,0.014753495270293054,-0.008761391383133593
2022-03-08,-0.007610759603641829,-0.0046586979631140215,-0.010110683291287944,0.026991429368426304,-0.0035508552356669975
2022-03-09,0.026457606821614393,0.035364872605900044,-0.009847479636846354,-0.030161495266205762,0.008305988973612745
2022-03-10,-0.004525611167785178,-0.011166865976243705,-0.014471273287832815,0.003116366878477797,-0.008428785749951984
2022-03-11,-0.012796644655058706,-0.020956198719676335,0.003340957614710182,-0.007052696024243029,-0.0072634117084806205
2022-03-14,-0.007334994881957399,-0.019391544715550345,-0.02362558732506894,-0.01518847505814139,-0.011932547447817833
2022-03-15,0.021752145166606764,0.03088494779910347,-0.0017472844821431392,-0.018882610033681094,0.0074744187181614895
2022-03-16,0.021931969713275996,0.03641560489568152,0.00975997231576447,0.006241285995487705,0.01392756987051073
2022-03-17,0.01243303854208954,0.012033451033299069,-0.007481564851099485,0.004876733952655098,0.006830834339629893
2022-03-18,0.010893244250910004,0.020261415029618646,0.012138545192282567,-0.008828710707897394,0.003277126608787856
2022-03-21,-0.0002922992514599104,-0.0027842428867014242,-0.02342874206503707,0.00761175501954624,-0.011577374845987603
2022-03-22,0.011633334324664322,0.01946232296016603,-0.012894581230551401,-0.007277189924242526,0.005134560936926205
2022-03-23,-0.012962009365501372,-0.014475598480712922,0.021678340665260955,0.013567209576051467,-0.0031755581865308825
2022-03-24,0.014961897890831188,0.021983069485706372,-0.007863424136857191,0.007234137513108609,0.0020777031713922903
2022-03-25,0.004871709329279778,-0.0008344985752304108,-0.01397018034382119,-0.004103860537691329,-0.00722967689946725
2022-03-28,0.007087935199394662,0.01535407403964002,0.00851327665991784,-0.018371517706821095,0.0062523539737425575
2022-03-29,0.012294839092669171,0.01706306929656148,0.007524098216965852,0.00044668806848975184,0.012267199870457032
2022-03-30,-0.006193992461546924,-0.011106866974565217,0.0077715440593176975,0.008006283379257595,-0.003022507491921214
2022-03-31,-0.015510960378904901,-0.0124720546442601,0.002425701111277825,0.00038752078804877134,-0.0036387346860729097
2022-04-01,0.0028302824513178684,-0.0019052820561130084,0.003799215191992821,-0.00638621587890147,-7.355178013888062e-05
2022-04-04,0.00852995587478353,0.02037972362287866,-0.006973880522467178,0.004835061682683925,0.007537179951705251
2022-04-05,-0.012711911071358644,-0.022454441696506046,-0.022851414820766552,-0.006284549046099261,-0.013043453177682978
2022-04-06,-0.010049595418016963,-0.021950730242798994,-0.008127090162720983,0.0023404756196963713,-0.007883519992475892
2022-04-07,0.0050263711702647,0.002375046942177902,-0.00756104212176127,0.0037777415804506904,-0.0016092087712002228
2022-04-08,-0.0026775965839705472,-0.014077789556873535,-0.010889642242263204,0.006246419748615932,-0.0060882871587548335
2022-04-11,-0.017240075879756987,-0.023941658302037195,-0.015951731643888405,0.004947206140849894,-0.0068777876775725335
2022-04-12,-0.0037119916577643152,-0.004233492074905792,-0.001381052620582465,0.007647435301758943,0.007625333391575259
2022-04-13,0.011388282086046012,0.020123587256230067,0.002030412743640282,0.004777109287769396,0.0059600262706333606
2022-04-14,-0.012529833665535178,-0.023132809340143026,-0.02024877925687454,-0.0033090194372706765,-0.006707571984636173
2022-04-18,0.00041105541998842773,0.0007681802566344029,-0.004981420034038262,0.0030924062818564585,-0.001621220741822895
2022-04-19,0.01601389309091603,0.022104604823075184,-0.007518664914362582,-0.015228268112133887,-0.000874435715498261
2022-04-20,-0.0007420073532790702,-0.014691938350090807,0.019925845649434153,0.0048830061930919995,0.0031188453675604676
2022-04-21,-0.015066458369549148,-0.020907974312464016,-0.0074257607010333486,-0.003563943502360224,-0.0068738607776575
2022-04-22,-0.027822609515099427,-0.02653507594626152,-0.006314080799260397,-0.009769661352400816,-0.006037495530440471
2022-04-25,0.0057809509551487925,0.01276408140865547,0.009951335755877283,-0.018134432520229594,0.008417488295793873
2022-04-26,-0.02938849443211657,-0.038475827259883105,0.010016397227236117,0.0015238553873300224,-0.005897677964707887
2022-04-27,0.002807807053083194,-0.0011987713288750142,-0.012908642259591842,-0.007585723242633687,-0.0049195068893197955
2022-04-28,0.024946000005947364,0.03489971750602901,0.0014885812504874286,0.0053838047894630165,0.005548686648693659
2022-04-29,-0.03765599769047314,-0.04604254474165129,-0.01305795271511043,-0.00011298334784093811,-0.012402003701342925
2022-05-02,0.006001137788317352,0.01655802466967412,-0.017485765863361993,-0.01871452290294498,6.407840373296804e-05
2022-05-03,0.004573793146635509,0.0010669765979169465,0.006719432025317798,0.0026457593569150124,0.00522664018273713
2022-05-04,0.029998511374207004,0.03325342365833257,0.0054944384963545945,0.009774616775434711,0.010121961838710487
2022-05-05,-0.0361899149400082,-0.05167685071436886,-0.027780717884497274,-0.0038184194446891804,-0.017908813071277268
2022-05-06,-0.005986848080991776,-0.01205311624369317,-0.014845006417805492,0.0016545049194706565,-0.005654715282128289
2022-05-09,-0.03254111856651873,-0.03991299983786358,0.008758818082704846,-0.014585347642546313,-0.01062493304724804
2022-05-10,0.002307896457208771,0.012075543844758797,0.009029207966816772,-0.00848106565352078,0.005715135998015722
2022-05-11,-0.016013458280681642,-0.030106871038196144,0.019088379929045485,0.008133958004822058,-0.005975385793651655
2022-05-12,-0.0010447143092842497,-0.002367072059094439,-0.0018672926931652927,-0.015452706170676834,-0.00039091973687681194
2022-05-13,0.0236265715975923,0.03638975864262992,-0.014890692616571869,-0.008142627698810948,0.0011719156549159673
2022-05-16,-0.004065687472893187,-0.011659534438097627,-0.0010354679668333612,0.009493279652076629,-0.0014330425734073692
2022-05-17,0.020361779030162612,0.02557155942025387,-0.01215730094784385,-0.006299094085683991,-0.0009126144228939351
2022-05-18,-0.04114679284523096,-0.05033604124597924,0.021093718922719797,0.000531343704844183,-0.008255446425737112
2022-05-19,-0.006143393708627686,-0.00537301740532878,0.002392483103757613,0.014590277160260899,0.006687946435575145
2022-05-20,0.0004364310395285249,-0.0031124867289827355,0.011286203119945727,0.000697767757192036,-0.0006534475686367469
2022-05-23,0.01853715038235569,0.016490697236593292,-0.016591549546108454,0.004639589893868967,0.003915902688807392
2022-05-24,-0.00766313469505423,-0.02149132931753055,0.019540360849281967,0.007493711725538028,0.005974865176902825
2022-05-25,0.008796055389732564,0.01389801172049995,0.003946449872094779,-0.006048248796558386,0.015037818240433282
2022-05-26,0.019784323363236912,0.027330137276365393,-0.004535927810956788,-0.001850609639927292,0.013809105793521563
2022-05-27,0.024252819416591506,0.03211852899529144,0.0024385734846438752,0.0005208853826908474,0.008893484405706656
2022-05-31,-0.0056266392150403,-0.002656475308448334,-0.02138945639506375,-0.009942270255165302,-0.00864192438936328
2022-06-01,-0.008121660652444433,-0.007423413538229697,-0.0011433483268446084,0.0063488366174163004,-0.003706867350580518
2022-06-02,0.0188642671175478,0.027017407041749042,0.0005159294993216898,0.012234040087981134,0.004173634288888026
2022-06-03,-0.01654753231787067,-0.02636398680633917,-0.0021524884480970978,-0.010203900438868029,-0.007474293389177225
2022-06-06,0.003040301001616158,0.0033256444700334705,-0.018615394525446364,-0.004413447852864014,-0.0075307683189998415
2022-06-07,0.009546453520730084,0.008588527150919267,0.01074205458277659,0.006497267812168451,0.002303696690218039
2022-06-08,-0.010931676831993387,-0.007222046437669974,-0.008899828339009529,-0.0009256257836888652,-0.008601839259298315
2022-06-09,-0.024070281078071642,-0.027150233310624255,0.003324566947007405,-0.0031883338247287547,-0.008025545834611143
2022-06-10,-0.029424287905304953,-0.035907625153575005,-0.0062212235960718764,0.013323135228160962,-0.017172984315022292
2022-06-13,-0.038707854369182976,-0.0476117820958391,-0.031881774615613465,-0.02676735882447253,-0.03402486883701799
2022-06-14,-0.0030178075665065365,0.0018138801928000614,-0.01269395413856524,-0.008035407203286724,0.006545342547650215
2022-06-15,0.014155802122713964,0.0246650331008056,0.0184847159530698,0.012966509676610984,0.01924833381622913
2022-06-16,-0.0336563425156983,-0.04118290112237918,0.007908260785083113,0.011180446816136464,-0.015992024491690855
2022-06-17,0.0021535204848834796,0.012086033044372965,0.0032170456834640757,-0.008256810144045654,0.003110420760309597
2022-06-21,0.024861839220869857,0.024916587035771563,-0.017097611972383117,-0.0037437854344901486,-0.0006750787073594877
2022-06-22,-0.0018146883940695312,-0.0014593677846810888,0.027129243638636513,0.003977268335422712,-0.00027014585283663547
2022-06-23,0.009754962218315524,0.014782732046015854,0.008181314853950987,-0.006148118298448717,0.007138312856422649
2022-06-24,0.031298899881094765,0.03368991726073532,-0.013939481403073052,-0.0009989609969459391,0.007088307742384881
2022-06-27,-0.003826887959757831,-0.007358749061928849,-0.008565513703144659,-0.0011176944418580068,-0.006149210226185573
2022-06-28,-0.02064450500148843,-0.030940561634952703,0.004648466646272878,-0.0016493806069405818,-0.011055840280366467
2022-06-29,-0.0008147122287944156,0.0009166087576783311,0.015487819746452915,-0.0007666517068580592,-0.0014925148493818885
2022-06-30,-0.008157573817275504,-0.01248052252052899,0.008743673896451329,-0.006095587698335223,-0.0005431337025020624
2022-07-01,0.01052107967826064,0.006578729408743361,0.010214412838455816,-0.0008313996785857856,0.009493627795003238
2022-07-05,0.0018868922698425613,0.01697483296515329,0.007826506067015944,-0.021437799680384485,-0.000946919233759551
2022-07-06,0.0033713754958568003,0.006391609543457103,-0.01693357197997107,-0.01596901758740465,-0.003795672293365098
2022-07-07,0.014866211035896066,0.02117311726001531,-0.008838995150289197,0.0005548992912700342,0.016166615739453764
2022-07-08,-0.0008228130067925024,0.0012534915044692197,-0.011138024068952007,0.00043143823725389326,0.0008012296450132916
2022-07-11,-0.011489650134288182,-0.021595999656872547,0.017097566048636798,-0.0053749265251639535,-0.005623909772394731
2022-07-12,-0.008888147944568584,-0.009734436718532198,0.00592447081802667,-0.0037236489059839332,0.004020807998612744
2022-07-13,-0.0052656149666869476,-0.0020634236165639115,0.011400883643489571,0.004776265963686179,-0.0010706007549246691
2022-07-14,-0.0024314225139397717,0.0035645228939223794,-0.008192302898155696,-0.014146649261641277,-0.0018761825076151362
2022-07-15,0.018925042699268806,0.01797689743183681,0.005612519419247974,-0.0020104758163567997,0.012662390814802837
2022-07-18,-0.008291343868407072,-0.008498722142360597,-0.010473097943407601,0.000942949789432323,-0.009715607552263068
2022-07-19,0.026660684432314515,0.030289871376325432,-0.005408933069220343,0.002384623832616704,0.013153464192586745
2022-07-20,0.006352841026266357,0.015732123514787057,0.0026209501204254933,-0.009446509339211243,0.004346019454076023
2022-07-21,0.010131679100703611,0.014252845732921264,0.01712841914243245,0.01401179660226555,0.011759066418701947
2022-07-22,-0.0093211664181215,-0.017690735010594,0.016671120615844272,0.0024926409954947677,-0.0012996845907307525
2022-07-25,0.0012140490733048403,-0.005711797972023244,-0.009833324896660795,-0.0027423043036363935,-0.00025997425414878427
2022-07-26,-0.011901295001656851,-0.01984491993913745,0.0007665268925426592,-0.001186514317386386,-0.007049910693861784
2022-07-27,0.025634697600174897,0.04139117570666443,-0.005633656181915348,0.010133467249785824,0.01094479157394567
2022-07-28,0.012464471127852306,0.00973083207598199,0.00792956481510072,0.01211168004371747,0.010185164509021793
2022-07-29,0.014473508915465285,0.018072605816422796,-0.002721658803853874,0.0028071459585694595,0.0029456075070605253
2022-08-01,-0.002965703456307608,-0.000602632074044582,0.023798151402735394,0.005651232868696488,0.00030825931553079677
2022-08-02,-0.0066191507682240155,-0.0029860531604263617,-0.021386736264264513,-0.005955990148902209,-0.004631823140656473
2022-08-03,0.015538130967073037,0.026868619642879153,0.01562249740963516,0.002435276067987767,0.00873075406895893
2022-08-04,-0.0006757714694540329,0.004665611547415575,-0.0003354386603752569,0.016404693683584038,0.0026804661030292755
2022-08-05,-0.0016918586098879018,-0.00820260880971936,-0.02409160146957453,-0.011309781450742627,-0.005112552260342396
2022-08-08,-0.001161303659946256,-0.0032374451673161755,0.016012600395960835,0.008434348290836127,0.0008968382886794877
2022-08-09,-0.003978981315815491,-0.011383561899336207,-0.0038942126335532934,0.003054867797077557,-0.007452831212095813
2022-08-10,0.02078639789589516,0.02752912816494028,-0.006553281613118754,-0.0025151110588634198,0.014850776124988118
2022-08-11,0.0,-0.005692609053215707,-0.02358504997885519,-0.002641706914863643,-0.00573505292560601
2022-08-12,0.016787379145825385,0.019283464665958205,0.010089675495338353,0.009155976822720392,0.0089075598242053
2022-08-15,0.004112145263166719,0.008048924847070841,-0.0008659768889452815,-0.012950528089989187,-0.0017752251809341492
2022-08-16,0.00195676851174703,-0.002344796692325491,0.004149355014141511,-0.0017516299628300418,-0.004706707037832842
2022-08-17,-0.007123161027889798,-0.01147176089048823,-0.010492389591773385,-0.006489345947105167,-0.010381209399572051
2022-08-18,0.0029020913447236063,0.0024024312268467072,0.0014808458002900974,-0.0026198444873023344,0.0015444928378334905
2022-08-19,-0.013529007250835324,-0.019689951873088942,-0.01623351438657195,-0.007347552958114958,-0.010213744165160792
2022-08-22,-0.021042430813054295,-0.02667994258709872,-0.003367064880673766,-0.00665930336783302,-0.011370524414635466
2022-08-23,-0.0024222292722010695,-0.0008272660327200086,-0.005518531329471802,0.006966551217581505,0.002494088057680851
2022-08-24,0.0031960115033753634,0.002893038200071936,-0.007345980994287974,0.002944580504679446,0.0011791686031720958
2022-08-25,0.014018859994851673,0.017527251416238895,0.013840647026182557,0.0030581063588208724,0.009385142518731881
2022-08-26,-0.034435270567048766,-0.0418518905890262,0.007508700451587318,-0.012227153201929956,-0.01661339830946556
2022-08-29,-0.0066339888123932485,-0.009904214324021898,-0.008307560814325817,0.0006180465249853886,-0.003833016568861117
2022-08-30,-0.011038732512593909,-0.011198822815533426,0.0024818888726055423,-0.008375556136480044,-0.007709937527119517
2022-08-31,-0.00763790582739676,-0.0058305651486064555,-0.00960689021849813,-0.0077553096129762645,-0.005485818477308445
2022-09-01,0.003132917844919361,0.00043421547453522123,-0.018477752152873617,-0.00882902347465035,0.002639161169922195
2022-09-02,-0.010600429427912237,-0.01422893085560574,0.005640896667936147,0.00876617372318804,-0.0006729082408804528
2022-09-06,-0.0037804167764924263,-0.0072082076721783905,-0.025080515535407473,-0.005856578259356107,-0.002694403291581737
2022-09-07,0.017805769281242917,0.020000014135880616,0.01569188076267934,0.010117286090114818,0.014334202727154719
2022-09-08,0.006514873850532809,0.005170989939850966,-0.01031077515659401,-0.006020378897494643,0.004379903428494873
2022-09-09,0.015415768219549104,0.0216265956091318,0.0022184191370682275,0.005269846503477033,0.003965593688327891
2022-09-12,0.010690383001142972,0.011815784672683958,-0.008251145662756072,0.005055386193321507,0.0030286791225609747
2022-09-13,-0.04445621390704775,-0.05639787993111681,0.0023244730307929585,-0.013096728906648173,-0.02301397567495693
2022-09-14,0.00380858408928555,0.007901918127893306,0.0034308226883178077,-0.003855034555311845,0.0014793577418833399
2022-09-15,-0.011418170388663754,-0.01679386233854888,-0.0006481364974412829,-0.018855801737618274,-0.006335493577125288
2022-09-16,-0.007658349390984774,-0.00613383244854628,-0.008370475345787245,0.005533767627080334,0.003374847794977463
2022-09-19,0.007725026707295526,0.007757632429840936,0.0023319784770846697,0.0007697907679810017,0.003767096598223788
2022-09-20,-0.01154492616014757,-0.008003060069795984,-0.010020274667283887,-0.005722932055293624,-0.010257011690561774
2022-09-21,-0.017597529654781785,-0.018068332268585726,0.016614497023897896,0.004632228320962459,-0.0029884043275515957
2022-09-22,-0.008435251106477557,-0.01238402795928848,-0.025880835908172646,-0.0005778441890031698,-0.006004730230353797
2022-09-23,-0.016896996518026543,-0.016415736410609085,0.004076287975524754,-0.017427816406674814,-0.01281102343385916
2022-09-26,-0.009941747409720045,-0.004146359656398626,-0.01929516690813181,-0.01170141432179742,-0.01185414937708733
2022-09-27,-0.0025560402963477127,0.00040104331008122926,-0.02668402591127735,0.0020477436877313054,-0.002106646213578046
2022-09-28,0.019485199299010263,0.019696578189048516,0.03293368752364012,0.020573557832177892,0.0176970065181368
2022-09-29,-0.021110080274709175,-0.029251229434709192,-0.005189533765087806,-0.0001939471718055397,-0.009436208801829323
2022-09-30,-0.015584568201941285,-0.017102245223716134,-0.012994960782796324,6.462035224685361e-05,-0.00461202537159644
2022-10-03,0.026058681026733428,0.023189655979361207,0.015764833599445863,0.024019005945363412,0.013020544228434707
2022-10-04,0.03051625537927195,0.030956711387887987,-0.0027969240954614596,0.014226444596111972,0.021307890267321862
2022-10-05,-0.0023309975319817503,-0.0005320028881550348,-0.009607507866422949,-0.005553659432976476,-0.003952239871165043
2022-10-06,-0.010369182529172573,-0.007904278897500122,-0.00557387739046958,-0.0011269264553861384,-0.0030084887380411518
2022-10-07,-0.02829018814290974,-0.038848680614788945,-0.00975519508121467,-0.011023386142689101,-0.012265334246850272
2022-10-10,-0.0076647844026054715,-0.010046718505395243,-0.01566816035606193,-0.015318203217156916,-0.012277000592083765
2022-10-11,-0.006353316888046651,-0.013833517253269863,0.004416134790295023,-0.002060212330939929,0.0030836627336242664
2022-10-12,-0.0033039489313848617,-0.00034280834352007485,0.00489452445618173,0.005335071671709423,0.0016775388511615008
2022-10-13,0.02604895902970633,0.02318170682564922,-0.009612323384233882,-0.006947611087114204,0.002233022575636439
2022-10-14,-0.023052337210370248,-0.030518213572895792,-0.008284917154704651,-0.012537160793022467,-0.0032112280063419443
2022-10-17,0.025372414870533752,0.03248774203732003,-0.004881497847013051,0.0028720806307473926,0.012231060149994527
2022-10-18,0.011680994836156328,0.007877190612314566,0.002342295857319974,0.002148660090392182,0.007020533918560394
2022-10-19,-0.007111526595298722,-0.0036535993223762086,-0.01837351427909552,-0.013488925988338462,-0.009649349824225875
2022-10-20,-0.008420758662319724,-0.0051149727010529385,-0.017241246184362145,-0.0015834633753089122,-0.005555403951771067
2022-10-21,0.024010850816993334,0.02317740959887413,-0.018187034002297472,0.01767059741452654,0.009564647473516444
2022-10-24,0.012162337631708963,0.01094091682027609,-0.00829846425092,-0.0032488658845126403,0.0006891339689228846
2022-10-25,0.015842202144595578,0.020475188179884425,0.028696541752091305,0.002275353560635257,0.009603743351285839
2022-10-26,-0.0075624653952207285,-0.02234431023020313,0.014304536231045483,0.006343446354353355,0.0027271084762151604
2022-10-27,-0.00535425997428527,-0.018373669985073254,0.010416298927939082,-0.0015497241473593686,0.007326141778729993
2022-10-28,0.02351210992036337,0.030141679383039688,-0.006897678229501019,-0.01026317410117862,0.007675198708728983
2022-10-31,-0.007249572554405675,-0.011695830602288897,-0.0071537556259971685,-0.008194886192774814,-0.015138163495545526
2022-11-01,-0.004385386993084765,-0.01027032493443505,0.009302265069271043,0.010151726172797497,0.0059972810816340165
2022-11-02,-0.025416548143237412,-0.03487844850722339,-0.004349357714792072,-0.006996970202892216,-0.009145564357954793
2022-11-03,-0.010350335734265038,-0.019728006190243976,-0.005411571545228793,-0.003813297433937162,-0.007157072946221786
2022-11-04,0.014290649005802366,0.01595707217007799,-0.016943284563972837,0.0302345832528433,0.006882771374982708
2022-11-07,0.009520075110711313,0.01093414840255468,-0.010027193019923634,-0.003970260739379374,-0.00013770665417943455
2022-11-08,0.0053809344997055135,0.007261018980222439,0.010875729104686444,0.022836328940686813,-0.0009603847027795028
2022-11-09,-0.02081723121760622,-0.02334675969146524,0.0032823312367175122,-0.005029894759161607,-0.012019538877726907
2022-11-10,0.05349725103785508,0.07119277168258914,0.03775155235089152,0.029990153003992607,0.030657971019920262
2022-11-11,0.009631871339692235,0.018258541999954803,-0.0036707096080610033,0.00658459794711783,0.0034982728364230543
2022-11-14,-0.008543331720313867,-0.008789567245759243,-0.0024549515076122425,0.0021852662272774694,-0.007414489468943402
2022-11-15,0.008493162479774484,0.013743724697571106,0.01605095207046963,0.0035106980811025834,0.008757178525927889
2022-11-16,-0.007657986624932428,-0.013743724697571168,0.021632473514935524,-0.0022987420952167376,-0.0021488326392176756
2022-11-17,-0.00306439593440059,-0.0022094341265686875,-0.01060794492138513,-0.007293959961673216,-0.004311243006153587
2022-11-18,0.004529938371373526,3.477940122835057e-05,-0.006901472593326944,-0.006917507382313755,0.0021583010627766862
2022-11-21,-0.003642802001592239,-0.010340340838308183,0.004206763755746039,-0.0056056352070885974,-0.00040454140213455364
2022-11-22,0.013367392212275685,0.014300344401474763,0.014091482007184008,0.0011730356909015207,0.007251291967382083
2022-11-23,0.006281833039059202,0.009986451676574389,0.017291662484026048,0.006212503317279542,0.00560382123000242
2022-11-25,-0.00022374718147736278,-0.006600072133105984,-0.003396167733198341,0.000858102340972588,-0.0019974779023223094
2022-11-28,-0.016085614795380617,-0.01478195191195583,0.0028146625056207713,-0.007934893665371402,-0.010588009209482807
2022-11-29,-0.00171903901954615,-0.007598518505419929,-0.011795254181582811,0.004928261563008794,0.00430216026221604
2022-11-30,0.031014567459016252,0.044577607471948284,0.007327399737204193,0.012700921015012894,0.014913742748242538
2022-12-01,-0.0007360216753549973,0.0012263398872695921,0.03144634102290099,0.01821784239630758,0.0036967254199815236
2022-12-02,-0.0011545753268856777,-0.003991436136434436,0.012497030977464333,-0.0034616677176241193,-0.0007941193661568207
2022-12-05,-0.01815284503662114,-0.016925805861483033,-0.014105789305124785,-0.01730780530272015,-0.009574791303471435
2022-12-06,-0.014519780570254078,-0.02093816622572067,0.012797761080944726,0.0027336344458788004,-0.0036141142541767294
2022-12-07,-0.0017024552232785053,-0.004091108244526013,0.023289102492724704,0.008998493556537802,0.005483646009308196
2022-12-08,0.0078032535206904105,0.011765375079188584,-0.0027439823199744994,0.0008413425277820795,0.0007997490703915348
2022-12-09,-0.0074982779410994824,-0.006397108338329326,-0.02635891427791469,0.0035378943750204003,0.0
2022-12-12,0.014314296352457302,0.012473586377505695,0.0031925101401831437,-0.008294841833501867,0.003857003014327532
2022-12-13,0.007541322412743577,0.010692408100010087,0.009609526767882064,0.016936889733695327,0.01030111489769825
2022-12-14,-0.006414020625180455,-0.00744124203678834,0.004262058895588331,-0.0024359858905979824,-0.00566575790646226
2022-12-15,-0.02476569568652416,-0.034153316922911216,0.00389406930965165,-0.016494600382901816,-0.0037793798350729247
2022-12-16,-0.011876642494606083,-0.00958024711557987,-0.011233370445996264,0.008671019495160068,-0.005347761747531439
2022-12-19,-0.008515607134664985,-0.014153137380494042,-0.016947810140115538,-0.0028218082489996433,-0.0051066703369468764
2022-12-20,0.001367295520571598,-0.0007788635541496052,-0.017916802837242334,0.016458298941440037,-0.002563469500320334
2022-12-21,0.01484176678119801,0.014402036023011659,0.002510282297700469,-0.0016573862871153066,0.008474158236701848
2022-12-22,-0.014368768425604181,-0.024769463721508723,-0.00019260483185802552,-0.012158980168932585,-0.006180147447828478
2022-12-23,0.005735725189943319,0.002246681890358495,-0.014769243248735749,0.002993835039254722,0.002557026967144535
2022-12-27,-0.003951241025856166,-0.014239210966200285,-0.019970875378940243,0.008394677302769623,-0.010404505559179966
2022-12-28,-0.01250577595653851,-0.013290533090076646,-0.005909207395277879,-0.004515989032750605,-0.013538632102002209
2022-12-29,0.017840284775555895,0.02408277252578537,0.011286946063653597,0.005582639597805041,0.012859323593537256
2022-12-30,-0.0026376777372808767,-0.0006006269780378635,-0.011186286807909824,0.004667758029330661,0.000815011368310241
2023-01-03,-0.004218644356986648,-0.006782854273431568,0.01890371048208865,0.008335816871946341,0.0018995228410109413
2023-01-04,0.0076903176303245455,0.004752777441054401,0.01360712995009255,0.009367889939565922,0.011456396086886153
2023-01-05,-0.011478911662350993,-0.015778083065393807,0.004172241640302816,-0.01252963086748756,-0.002012402751343482
2023-01-06,0.02267314425352102,0.027227429008431354,0.0182293344103613,0.01853466381119925,0.014133977809577977
2023-01-09,-0.0005670527659447566,0.006452302780119134,0.005310016857354549,0.0022426010679794787,0.003568343444731931
2023-01-10,0.00698831706423302,0.008428750856186766,-0.01668836626602644,0.003669304474491391,-0.0011882432593047422
2023-01-11,0.01256847388245539,0.017152423589909666,0.01612075266503875,-0.0006870298860052756,0.00658279896072568
2023-01-12,0.003634273788272597,0.005389811210710887,0.019490775154044147,0.011501603213231942,0.005625938228505455
2023-01-13,0.003872129322631112,0.006856975309227642,-0.009416737466619573,0.011930333702592914,0.0
2023-01-17,-0.001833559251420656,0.002026554489190364,-0.006484943892715803,-0.006566591290624395,-0.003398036881703553
2023-01-18,-0.0159142986542055,-0.013085170555654722,0.02394300543253164,-0.0028758838411488395,0.0011777638500467824
2023-01-19,-0.007306370538244966,-0.009873182829394422,-0.006279353353886596,0.015743931377470842,-0.005902426511981551
2023-01-20,0.01845771359544283,0.02699951388971264,-0.01634423816498206,-0.0033409804213138158,0.0019718491655465304
2023-01-23,0.01192705667543183,0.021972383466727818,-0.004719379439503359,0.0018946378029897782,-0.0001313648942558374
2023-01-24,-0.001073607234507915,-0.0020439727301360183,0.014277957056356481,0.0036119840879409123,0.000656277043842048
2023-01-25,0.00037464693442142654,-0.0022217100390109898,0.002422303980872662,0.004593393795208086,-0.00013117096034979863
2023-01-26,0.010930321425506108,0.01931003465123488,-0.004663126273200301,-0.009096515003608066,0.0024899965514538474
2023-01-27,0.002295331474938397,0.009905000394445118,-0.0025270457588197864,-0.0013939615756237058,-0.0030151026349462093
2023-01-30,-0.012626365835158197,-0.02042606665762077,-0.0036612747118856103,-0.002570014931290955,-0.005530451598345459
2023-01-31,0.014596208840214021,0.014874966325218356,0.007962960467204726,0.0036296165072691286,0.007759876306215797
2023-02-01,0.010571675244282269,0.021158062623125775,0.011949426079962643,0.012518134528387544,0.010450397767325597
2023-02-02,0.014452208596151683,0.03526082156065256,0.001293119629696181,-0.0209702840085377,0.005716054993224025
2023-02-03,-0.010686079505278943,-0.017931944747814475,-0.015068507853544645,-0.025274496401227434,-0.010547968328530997
2023-02-06,-0.006130012871479403,-0.008495048621387577,-0.007431327495188534,0.002073259184240806,-0.0064350634459254
2023-02-07,0.012993746300397678,0.02050689719395951,-0.00805840236137594,0.0009200023760844002,0.003551373766878856
2023-02-08,-0.010994899520258413,-0.01794105641991303,0.004748329463267969,0.002468544755507998,-0.00421027840816883
2023-02-09,-0.008706942255375926,-0.008877325542670662,-0.009518974182099946,-0.007943887464013586,-0.006481150436752407
2023-02-10,0.0023308473857916352,-0.0065848536164569895,-0.01125227116666959,0.0019053779351280687,-0.0077260889838853455
2023-02-13,0.011670549129895926,0.01588928232741759,0.008379618559946725,-0.005089097798950408,0.0025372667744258644
2023-02-14,-0.0004601594344461364,0.00736175013693229,-0.002305066625657657,0.000753454984742333,0.00026698600643739904
2023-02-15,0.0032420286599193463,0.007631942429981188,-0.009368611699080256,-0.010014646847400324,-0.0016017836126925424
2023-02-16,-0.01386450061211181,-0.018942355503653432,-0.014269420240473228,-0.0008195726363130796,-0.008045908356280072
2023-02-17,-0.002501355298676246,-0.007080854015517446,0.007746463428193748,0.002982339072148569,0.003897255191381248
2023-02-21,-0.020264904908968207,-0.023959771698281524,-0.019628789016543007,-0.0037440046605545256,-0.015544051227670575
2023-02-22,-0.0013790823900453521,0.0007480226184205092,0.009122472360386595,-0.0056423768979153,0.006517413023749402
2023-02-23,0.0053054935637903205,0.008695883538549677,0.009724447189904901,-0.0005305918526508475,0.009830767414947192
2023-02-24,-0.010740017424966967,-0.016885744442151556,-0.013086251954420132,-0.0072206822499255125,-0.00604889853952073
2023-02-27,0.003400056974972351,0.007135706252510167,0.0027693966265527033,0.003912670406128105,0.006718978061138409
2023-02-28,-0.003702717080259121,-0.0012939574383524861,0.004532765250871033,0.004545621851780495,-0.0018767067177200385
2023-03-01,-0.003843319670057591,-0.008071621822303197,-0.010801148060892963,0.005755555600934512,-0.0028387385917567945
2023-03-02,0.007747208688129225,0.008242151094182613,-0.008906872604049655,-0.000585735153896139,0.0012179530865670083
2023-03-03,0.01591044121067778,0.02046288999105381,0.02393746656960542,0.010666001055863707,0.01022319796322443
2023-03-06,0.0006926386512637827,0.0011338319970530415,-0.0077836274676532325,-0.0050565936951402655,0.0
2023-03-07,-0.015447427194161934,-0.012341639612360289,0.0061135997802877024,-0.017635068390636166,-0.007118721441909876
2023-03-08,0.001630767959604518,0.004981829015693586,0.0009824363063267601,-0.0004745630282821619,-0.004728786370021683
2023-03-09,-0.018622131879483826,-0.017477690023234186,0.0024525258881887427,0.00980112770009771,-0.005567824643505791
2023-03-10,-0.014534692175629318,-0.014143440687378488,0.03390449900601797,0.021333667247723984,0.00013605588383299862
2023-03-13,-0.001426215860333761,0.0073892648478372965,0.0022706024148234174,0.022688861946558777,-0.005461369586077941
2023-03-14,0.016395032903757403,0.022719773050737625,-0.016577971518428856,-0.005807897981361377,0.007229822262919783
2023-03-15,-0.006273879224164042,0.005232140389420956,0.01912598099404423,0.007773838437142398,-0.003267242785244823
2023-03-16,0.01739281969505826,0.02601935157778589,-0.007853760113242085,0.0020180543660701534,0.006524356018725967
2023-03-17,-0.011761616850319383,-0.004737286705980211,0.014897669514401572,0.028704276731304653,-0.005979373323497307
2023-03-20,0.009569521848237547,0.003542707533065138,-0.008836306940462182,0.0003807952240648717,-0.0027293047473006694
2023-03-21,0.013045429424880874,0.01418124503936076,-0.008628983003675447,-0.01905552456933767,0.010874144330609441
2023-03-22,-0.017193528864875813,-0.013691244129492668,0.013245083857390408,0.016877382247649345,0.0009457559005020233
2023-03-23,0.002699728959746025,0.011788350148395247,0.0,0.012460224063675791,-0.003924570308019977
2023-03-24,0.006540474616576284,0.0036738318608424345,0.00422020608674723,-0.011316136891165252,-0.0020360452909769554
2023-03-27,0.0018680658556869687,-0.006875198556412577,-0.02377129422020381,-0.009299831745516636,-0.0024486235537775148
2023-03-28,-0.0022470773860813857,-0.0053255201890656965,0.0018194279171977257,0.008155744573006158,-0.0005451891493701982
2023-03-29,0.014430267137633993,0.018069750956466245,-0.002011076918485543,-0.0049731154716589265,0.012459815099674091
2023-03-30,0.0058381092815624515,0.00942071270759079,0.004590734251066445,0.008998964139577773,0.005904371965438985
2023-03-31,0.013996255889410005,0.01649395311939709,0.014869750089073952,-0.0052258772770236855,0.01077956475505539
2023-04-03,0.0038032827176220953,-0.0024334052154648144,0.004692299905574058,0.00717858251921089,-0.0007718946897696575
2023-04-04,-0.005563606604149566,-0.0033790909297603906,0.0049593903830336865,0.018469345695108493,-0.0029317616546502855
2023-04-05,-0.0026215986780591515,-0.009921259282229157,0.010400188094785543,-0.0007982432900847153,-0.0056208543612344085
2023-04-06,0.003893332350983709,0.006719213930003506,0.0025834572733474423,-0.007159660374899705,0.00441873360733376
2023-04-10,0.0010257327442978552,-0.0005659080638060754,-0.016256233769894227,-0.007427401530065852,-0.0009351675952853211
2023-04-11,0.0002683464177714451,-0.006438472427965816,0.002058220668251899,0.00630066529229045,0.002137288349185816
2023-04-12,-0.004083860930623847,-0.008872985766963565,-0.001028663287355881,0.0048732452945133,-0.000267075687751229
2023-04-13,0.013195043649142361,0.019392987228486362,-0.00788926222672486,0.013425150587981827,0.00678541819170965
2023-04-14,-0.002445601923936326,-0.0018818556082088962,-0.009188791872746233,-0.017869017219899228,-0.001858176605837878
2023-04-17,0.0035816976032808385,0.0008472196055000011,-0.011966956154852815,-0.00446370276447651,-0.0026600868937752768
2023-04-18,0.0006519053837329548,6.247538813402004e-05,0.0035570865460040845,0.0038732698004284223,0.0006658258343515074
2023-04-19,-0.000168843431364295,-0.0004704184692310999,-0.0009600979375306732,-0.004789973842758077,-0.004001495813521476
2023-04-20,-0.005471956364530594,-0.007653583004794842,0.008513067666526097,0.003930524556986942,-0.0009354179288334437
2023-04-21,0.000776573316420413,0.0010429077837212717,-0.005635534800893826,-0.009936876904451757,0.0030714330616979585
2023-04-24,0.001042501643697345,-0.0020867073321334017,0.009628105787509965,0.0030347260178608367,0.00279635641389977
2023-04-25,-0.016001117534867517,-0.019044102868538783,0.014597199248869427,0.005073426510561733,-0.0015967015675943837
2023-04-26,-0.004244605163504327,0.006046318664882247,-0.010715237259758151,-0.005452222698837164,-0.0038699798761943328
2023-04-27,0.0197124352172856,0.02682800513559621,-0.009971862122453459,5.4098929279836664e-05,0.003337199801861001
2023-04-28,0.008498965667892835,0.006874723342587882,0.016001601017743675,0.0002706158931134578,0.004255309383546818
2023-05-01,-0.001010139005488384,-0.0011475980584557091,-0.029258444763742,-0.004501468248394752,-0.004595379952872996
2023-05-02,-0.011302902588819878,-0.008759926589694348,0.024614626809378874,0.01911282169964576,-0.0009374958666623376
2023-05-03,-0.006887775063878813,-0.006565369512982611,0.005566176572195958,0.00844333039400089,-0.0005362498912742502
2023-05-04,-0.007108143895094359,-0.003535997074178496,-0.009927420963643937,0.007008337579460111,-0.002954086133166619
2023-05-05,0.018343282366474797,0.021031697688136362,-0.003331525934901092,-0.015771672012865213,0.005364886857422204
2023-05-08,0.0002666915790273822,0.002474323192259671,-0.014113887430267556,0.0012261535425393925,-0.00281267590503053
2023-05-09,-0.004395143703912144,-0.006353211206584586,-0.003584141469905535,0.007061173494320752,-0.002552210952391511
2023-05-10,0.00466160976976919,0.010822927083678687,0.009657515606801718,-0.0014294640409972018,0.006033041611481046
2023-05-11,-0.0017454034219420284,0.0032548547350316134,0.010516339381464618,-0.008619799546280105,-0.0016052097203777878
2023-05-12,-0.0013112095809888725,-0.003593219370481411,-0.008404256030048934,-0.001711544099310757,-0.003621625597030886
2023-05-15,0.003444024189864763,0.005400238386964916,-0.01041164971143759,0.0021389727993926496,-0.00026855862614212866
2023-05-16,-0.006705077240054304,0.0011316435282015048,-0.003008869850904316,-0.01257816833072297,-0.007013901010959639
2023-05-17,0.012065926326332395,0.012031296091847454,-0.0029202060254575808,-0.003467895133703326,0.002703532567135025
2023-05-18,0.009587063571981188,0.018402985813313264,-0.007436420654236234,-0.013057794413406836,0.0005399313166408628
2023-05-19,-0.0014561779555777852,-0.0022558071213422573,-0.007096506261173925,0.009850156652287684,0.0010788629922272377
2023-05-22,0.00040597087562428404,0.003352306448997486,-0.00356744632125053,-0.002344243508491738,0.004437483535047042
2023-05-23,-0.011286078889596395,-0.012757146254854208,0.0028748399123689713,0.0012000108481294142,-0.005246710567251323
2023-05-24,-0.007271349100629059,-0.00514288473949119,-0.0049616260518318194,-0.008101176111367243,-0.007038267978701215
2023-05-25,0.008622691718194152,0.02404168901644908,-0.002489592949760051,-0.00966457904681634,-0.0006795294512283745
2023-05-26,0.012867471997938786,0.02522925711602904,0.008044737002000521,0.003987606250000357,0.006097754634579849
2023-05-30,0.0003808750110629808,0.00452491234493303,0.009941789284337177,0.006171471778321201,0.004314044199917951
2023-05-31,-0.005560278065200731,-0.005702278817655253,0.00867904123490053,0.001537018842589403,-0.0030983881113497307
2023-06-01,0.009455754616223798,0.01148594308279394,0.003915722975098158,0.007867103377943253,0.005988014951521028
2023-06-02,0.014357519004507586,0.0074717056907772925,-0.01101870415444331,-0.014857275420164701,0.005108044443816719
2023-06-05,-0.0019178157621873519,0.0007046704711470393,-0.001864497117237336,0.0060023657211361265,-0.0008045709636360863
2023-06-06,0.0021749794345032663,-0.0001690159848676026,0.005876950117608503,0.0010974372841257363,0.0016088063934096186
2023-06-07,-0.0034636647638110196,-0.01711095450088388,-0.014955395785880414,-0.012083252758880945,-0.005507802921884192
2023-06-08,0.006030333749329617,0.012336641193117096,0.01162901907521359,0.013124733073092816,0.006311640900811046
2023-06-09,0.0017925786453931755,0.0038154600248474263,-0.0013727096663023227,-0.002688130119841765,0.00026738787120870544
2023-06-12,0.009031178960337305,0.0167560344215741,0.002939118762596837,-0.0008792504640156504,-0.0010712258501354719
2023-06-13,0.006571088002398996,0.007654635288722942,-0.009929350414080234,-0.00739483312084137,0.0012052349752070027
2023-06-14,0.0011901180040137863,0.007241231608614928,0.007971213298382318,0.0005537743402144653,0.00040142240965331894
2023-06-15,0.01232145003764991,0.011845356967211626,0.00956003671795914,0.007005982383036308,0.004803923305616971
2023-06-16,-0.00341195651507229,-0.006312724881864897,-0.003890798351095827,-0.0015404017609150433,-0.0025327725223035133
2023-06-20,-0.00520167488721319,-0.001432644928881703,0.006895854868855378,-0.010404681043488588,-0.002672573192966867
2023-06-21,-0.005136948029839585,-0.013721512639979621,0.002416872054588446,-0.0014474699268161662,-0.0025454466374190093
2023-06-22,0.003603193858395776,0.01172985901396764,-0.012143628651647588,-0.009966480697039254,-0.0029563915698564034
2023-06-23,-0.0075886508231617815,-0.009962819395109315,0.00992057613164415,0.0027534519339434175,-0.001750643045582478
2023-06-26,-0.0040941410084767505,-0.013496115410230164,0.0010641068925447826,0.0017380933759117798,0.0005394433557668029
2023-06-27,0.010903710471388892,0.017048022663336947,-0.0026141006507540434,-0.00460411859047838,0.0033617153193250446
2023-06-28,0.0005043434309286366,0.001949710994658393,0.004255805185677088,-0.002310076023493695,0.005757009266897975
2023-06-29,0.003933494451385694,-0.0020047308376982295,-0.01821293591033706,-0.0010723394318449203,-0.002673349713928998
2023-06-30,0.011731560166956366,0.01530256407005801,0.011725665298096433,0.006641221688667137,0.0048071927998339994
2023-07-03,0.0011499154402922526,0.0023521261783527765,-0.005685338989075938,0.001121247777740352,-0.0015679025683492092
2023-07-05,-0.0014883903133051735,-2.6945669347815727e-05,-0.00954784512688364,-0.003536277643963551,-0.0030906488045221265
2023-07-06,-0.007861274301435643,-0.007644885639709719,-0.014243834972367586,-0.002984649764026069,-0.0072921232729838675
2023-07-07,-0.0025280587006391003,-0.003325781406240484,-0.006037340373331911,0.007473004815488796,0.0009482873574663508
2023-07-10,0.00252805870063904,0.0003274597793210036,0.0013108770021339937,0.0007833887164984092,0.004997483010239047
2023-07-11,0.006348273174623541,0.004928621699886825,0.00512796965688344,0.003740607755698653,0.005375003240573894
2023-07-12,0.008013586934482654,0.012550902538020643,0.011069385948059734,0.013450555215707776,0.007742538445828209
2023-07-13,0.007905732271368577,0.016836203645343516,0.010457992297988382,0.0007144446386035077,0.005966470923209561
2023-07-14,-0.0006230728786995484,-0.0002109572930811874,-0.005906260910323136,-0.0031917364290746223,-0.007296442653554163
2023-07-17,0.0034661304472519013,0.009295195838048078,0.0004936236778836039,0.0007163001287566721,0.00186195697068489
2023-07-18,0.007403103565970189,0.008147389681155203,0.004528961848313793,0.011391151915954547,0.0027870330851079866
2023-07-19,0.00222124561557159,-0.00023338588382458653,0.01123325911786369,0.00016334311378929522,0.0007949230178522454
2023-07-20,-0.006656471627087641,-0.023321897748585785,-0.012216285866846676,-0.005076251540707524,-0.004379671266941585
2023-07-21,0.0,-0.0030037208411644134,0.00029464834200429836,-0.003069238517008006,0.0025241327052593324
2023-07-24,0.004457319581421068,0.0015960186851890947,-0.003643357524623369,-0.0042906650791519445,-0.0017264175412780383
2023-07-25,0.0027263440290199357,0.006754988821540717,-0.001876472348247398,0.0055524167407640206,-0.0006647491723120007
2023-07-26,0.00015366260852858068,-0.003332187165546641,0.0009880877599708923,0.0048672507195615744,0.003981699100191811
2023-07-27,-0.006652136517830444,-0.0023867496913633217,-0.019644641091038497,-0.015836715414990758,-0.007979747532911521
2023-07-28,0.009742819568903225,0.018050837941495167,0.005122807170748331,0.007949707574281263,0.005725919812865524
2023-07-31,0.001902333636119585,0.0005213689252898943,0.0024015689576695155,0.002690787072192315,0.002386859926127067
2023-08-01,-0.002865781116818514,-0.0023224004293683352,-0.016522346533594766,-0.010418766955581948,-0.004963546172722784
2023-08-02,-0.014008503463756185,-0.022188420917975248,-0.010756892804774898,-0.004776993918500052,-0.004288711469359555
2023-08-03,-0.002869834495164597,-0.0016040350833014607,-0.0233418242669867,-0.00033420291832367705,-0.0032291122319230256
2023-08-04,-0.0045331979509625146,-0.004692663473014525,0.017557473961427428,0.003613876354074006,0.005911942638469446
2023-08-07,0.008690687305289841,0.008431251806179228,-0.00989003056880427,-0.002277988932518744,0.001873523381952091
2023-08-08,-0.004358016400076229,-0.008538782465784541,0.011546028833159389,-0.006361270240024672,0.002136845239448002
2023-08-09,-0.006707800338932264,-0.01105559134774755,0.005157715203143662,-0.00476956334967285,0.00013360077647007118
2023-08-10,0.0003589188212813554,0.0018464833235002135,-0.016599516486475948,-0.0010691758408616784,-0.00026709664147294245
2023-08-11,-0.0005832817986266234,-0.006395930344211734,-0.0023040262748097633,0.0,-0.0014685868961236115
2023-08-14,0.005504811892442919,0.011159607198439114,-0.0022043734843500595,-0.003045220530389694,-0.00013383288202903582
2023-08-15,-0.011717224685945103,-0.010668160832734662,-0.0061135825013605115,-0.0026580037072091345,-0.00321287182687983
2023-08-16,-0.0073652971654093275,-0.010645411308884271,-0.00785526716466606,-0.005792775189194925,-0.0030882832154207765
2023-08-17,-0.007649050594618411,-0.010983313795518998,-0.004271451022785037,-0.0015390561619561794,-0.004178348871804393
2023-08-18,0.0004812886228052013,-0.001255524744131105,0.003525409486066665,0.0001711135895520659,0.0006751612863089753
2023-08-21,0.006485089963696218,0.01598303516057162,-0.013420044501211488,0.00273392964256731,-0.00026979866756450717
2023-08-22,-0.0027121652006541455,-0.001429771095157469,0.007644772293192082,0.0016481975934526548,0.0005395866323743523
2023-08-23,0.01107614248892773,0.01564538265619075,0.0244753079225346,0.010113328144583607,0.008063426143319067
2023-08-24,-0.013955869994926831,-0.021607324713645074,-0.006615829001316341,-0.0002248455933195227,-0.0055030735767607935
2023-08-25,0.007024980473291923,0.0077213636551843575,0.0032606611909793332,-0.0012941233726573686,0.0041638818401869586
2023-08-28,0.0063212943808950185,0.007498986153791331,0.001049568149922955,0.002867238875764686,0.003745546063682587
2023-08-29,0.0143513183270227,0.021604668687186374,0.010332731732172643,0.00972069237763269,0.006256596355130213
2023-08-30,0.0041103876516515,0.005561363334560697,-0.0010386827997418764,0.002498750315822613,-0.0003981780810948172
2023-08-31,-0.0014645458399162752,0.002993932104096909,0.004459667498019118,-0.001665111347163996,-0.0006642881831632678
2023-09-01,0.0018635506702960032,-0.0010588013317120502,-0.01570153883790881,0.0004997991755412262,0.0018803035574239024
2023-09-05,-0.0043312440796998315,0.001270361365743969,-0.014121047148763732,-0.008195174622491511,-0.006548488498482891
2023-09-06,-0.006745293052271318,-0.00884672827674302,0.002456281914375996,-0.004544556063018457,-0.0024168413544209543
2023-09-07,-0.00307496356359482,-0.007177292423915783,0.002769597769214197,0.0010678794784509471,0.0033549342316926923
2023-09-08,0.001505092453186709,0.001396521996151328,0.0038218678556174836,0.0003369702787594387,-0.0004019320520260586
2023-09-11,0.006555122916874166,0.011713937354136722,-0.007231822910383552,0.0018513951035425602,0.0017401725068756904
2023-09-12,-0.005500768353065188,-0.01115055459071557,0.0057472146084416595,-0.005169992663578624,-0.0016065452998340044
2023-09-13,0.0011652638861910725,0.0038020921374157936,-0.00021213504866252482,-0.002312682045193072,0.0026765105175464658
2023-09-14,0.008585380051213358,0.00814391233424259,-0.007244241457697065,0.0005080950731221542,0.0012020537498007142
2023-09-15,-0.012121366551639114,-0.01727130776496101,-0.006113003613391251,0.00658210689497754,-0.0037445255281105734
2023-09-18,0.0005862174707846539,0.0010418091439091163,0.005685140013498069,0.00587038313631886,0.0006695565341207107
2023-09-19,-0.002075996143751742,-0.0021335424784356747,-0.00740764152519871,-0.0009480950413542692,-0.003084269133207371
2023-09-20,-0.00923595436177456,-0.014515076126403967,0.0031201212046722297,0.0007251297423292754,-0.0008059555268581875
2023-09-21,-0.016666401395348654,-0.018494694116128665,-0.026009447586722915,-0.0072748111459232075,-0.007148907958973672
2023-09-22,-0.0022509683993930506,0.00013988872321544444,0.008016197680874344,0.0031961900557462815,0.0017582582438532028
2023-09-25,0.0041962484381604945,0.004738223541960971,-0.024916618544554323,-0.005163898932470834,-0.001352555936589495
2023-09-26,-0.014800186886647974,-0.015129802848728408,-0.003482511865502964,-0.008023084937964609,-0.00433907017513119
2023-09-27,0.0003989260103110064,0.0023402801292704265,-0.005189404466452198,-0.012443751217319037,-0.0013603436910609088
2023-09-28,0.0057808667736860995,0.008330497757999218,0.0030493376371240164,-0.005009715204337903,0.004751547436695101
2023-09-29,-0.0024299382927664825,0.000726071500798718,0.00011317775490552872,-0.010328505518099336,-0.001490310559379104
2023-10-02,-0.00039773931777633127,0.008310947057203161,-0.016882639100755298,-0.0105542058560987,-0.006086898014722081
2023-10-03,-0.013476562853079806,-0.01770545466361233,-0.021745933697709146,-0.002892421000056923,-0.01020409615292805
2023-10-04,0.007255818737988009,0.013516901413946306,0.014009290887317444,-0.00011826350756014561,0.005114969260787731
2023-10-05,-0.0003769738347442072,-0.0029507680021997602,-0.004997615990738785,-0.0018344684108627424,0.0009647742664176944
2023-10-06,0.011802811789799873,0.01661646766145841,-0.012190756480363545,0.005139851922273756,0.0013765289046944514
2023-10-09,0.006381849726686768,0.00508730735302297,0.0231984489468481,0.018218478536943455,0.00740164741110243
2023-10-10,0.005191309293596146,0.005522360453991647,-0.0013838228335883572,-0.0016795054754092334,-0.0002734483873880162
2023-10-11,0.0040879393990297,0.007110198465419376,0.02067094391666227,0.007276507826110017,-0.00013631669269407285
2023-10-12,-0.006115170735871591,-0.0034809847779911415,-0.027502573431573786,-0.0030543103873241243,-0.005342407308793103
2023-10-13,-0.0049932116382186385,-0.012649698892396139,0.017734466154409753,0.03164231938177581,-0.0008241156891729223
2023-10-16,0.010466476553466119,0.011243016103873994,-0.016225285338496605,-0.004876800474351656,-0.00027487709910873194
2023-10-17,-4.586618656993513e-05,-0.003280899578391499,-0.011082071357856703,0.0018525567250013085,-0.004685829435367496
2023-10-18,-0.013414735076728228,-0.013204893514408362,-0.008836422323857345,0.014367113783494704,-0.004846843901488226
2023-10-19,-0.008825178030904227,-0.009400680195228132,-0.020686005134137375,0.012199301049654077,-0.003615665327716064
2023-10-20,-0.012364188597192856,-0.015030258374015337,0.005662192556428168,0.0027271753020748097,0.0020877945869242904
2023-10-23,-0.0017347548984836237,0.0030128516582001497,0.011942512130665326,-0.0033827788768209456,0.004023445647879907
2023-10-24,0.0075112446015656266,0.009681127686494734,0.01309008897450345,-0.00010933686369138149,0.005110087291127865
2023-10-25,-0.01445633975513417,-0.024780286105596603,-0.022512922629071282,0.004199991317574014,-0.0053872973437258205
2023-10-26,-0.012046839810677185,-0.0192513145975874,0.015222488127552813,0.00157720800379265,0.0034566913925283015
2023-10-27,-0.0045429454855412,0.004789688964457441,-0.004258125742648946,0.011562693424814757,-0.0012427961874563523
2023-10-30,0.011884683924333473,0.011202278799598717,-0.004514147930843551,-0.0056565149769635704,0.0002762824732080374
2023-10-31,0.006260667186479181,0.004770850133728616,-0.004893272963677602,-0.005471503988171267,0.002621385523118278
2023-11-01,0.0106083010053052,0.017207865293841454,0.021450678387415007,-0.0031556165767174377,0.009486510311287432
2023-11-02,0.01898306406826905,0.01799081447252067,0.02254038534471027,0.0033185604405963163,0.01119039886334682
2023-11-03,0.009081969868616053,0.011680200873713282,0.006755589198137285,0.0036323164276059108,0.009723129184429153
2023-11-06,0.002297882411294436,0.004070998316873196,-0.009746941091341289,-0.00782308105070571,-0.004040172418271157
2023-11-07,0.00284202568684417,0.009408193760532918,0.014642320204760837,-0.004153745714032089,0.00013508445182608942
2023-11-08,0.0007321517177676369,0.0006437847337343406,0.016890274590410887,-0.010017653470627112,0.0005399110548889317
2023-11-09,-0.007829369020164683,-0.0077253970276305395,-0.023270338565939772,0.003975057413790778,-0.006222774160751328
2023-11-10,0.015484304172295509,0.022233342176073038,0.005584864421837577,-0.010969699953245399,0.004873000086194529
2023-11-13,-0.0009538481595632905,-0.0031234237662650524,-0.002275812664917666,0.005555261386915847,-0.0009453943698477192
2023-11-14,0.01921520222860714,0.02129813434390262,0.022414611536438474,0.008879636186604733,0.010085114267896154
2023-11-15,0.0021146755594952404,0.00075236472237076,-0.0141336885982012,-0.0026390807860946154,-0.003216203448318087
2023-11-16,0.0012224965760293822,0.0008553042070599839,0.012350084620150964,0.011222864579353571,0.0013413218310152706
2023-11-17,0.0012429757604545983,0.00023318904130049955,0.004675528417512622,-0.00010890827769753537,0.002276544244160025
2023-11-20,0.007668101593983641,0.012101469410016434,0.006089716627874868,-0.0016347162383040547,0.0010687588201407868
2023-11-21,-0.002181711297773988,-0.005826551475790358,-0.000441713060079227,0.010740019593542038,0.0013355379968297658
2023-11-22,0.0038533528963346697,0.004084487295503447,0.0035274927250988778,-0.004271361889171939,0.0017327949235585104
2023-11-24,0.0006151386306772138,-0.0014109318044413933,-0.011844741860351463,0.005188115339681599,-0.0010661472251860084
2023-11-27,-0.0018025470650987,-0.0008731641776861229,0.016566081140841512,0.006715220224108336,0.0014655690973565524
2023-11-28,0.0009896049152664,0.002617447245791453,0.0019693071940514745,0.013243765854618068,0.004384224141853424
2023-11-29,-0.0007036184451832342,-0.0009744298896254527,0.012492909774607274,0.0014783465644929395,0.005420046045875328
2023-11-30,0.0039295199900844895,-0.0025171042633377974,-0.011618842522281564,-0.004176660491012712,-0.0018477178433480308
2023-12-01,0.005898563840529846,0.0028506692642374628,0.018658805564451576,0.0171240372669512,0.008245664135981863
2023-12-04,-0.005263319354190104,-0.009326860333512254,-0.003986607460304828,-0.021850417580745678,-0.0025033405289066656
2023-12-05,-0.0001970108478410184,0.0025077928765607272,0.021257850426720806,-0.003786606077863042,0.000923156508941876
2023-12-06,-0.004037801254329234,-0.005800818627572109,0.013230196602850759,0.003680115406357525,0.00013182694030403912
2023-12-07,0.007601413274435707,0.013875607832842616,-0.005753492183295668,0.001648967455985853,0.0017115773737798568
2023-12-08,0.004289866724603606,0.004446679426006381,-0.008216498328306858,-0.013430173514668298,-0.001975010847830898
2023-12-11,0.003882155178491339,0.008506039617039439,-0.0021179436309584384,-0.011104320560253362,-0.0006596012898352812
2023-12-12,0.004556716934339536,0.00793250090996704,0.0029635207690339557,-0.0005447904909059331,0.002239993121771392
2023-12-13,0.01369592869024276,0.012637188169086627,0.023191147373507887,0.02231176448891427,0.015151626515577285
2023-12-14,0.0032043264568792085,-0.0008673052443889644,0.025680555274789695,0.005845435089187853,0.004406841960677463
2023-12-15,-0.0016479519321262596,0.004822195083151205,0.0011101272275917638,-0.009208782757507668,-0.002207643273464866
2023-12-18,0.0056093267001376896,0.006279170165585784,-0.007999820099719515,0.004535187656823467,0.0006496071737941607
2023-12-19,0.006062407791120186,0.005096568322613985,0.005374091520829516,0.006790830606181505,0.0028541989903900235
2023-12-20,-0.013954201452992544,-0.014971375025772967,0.0067521739611424835,-0.005460866362358439,0.0001292682049679175
2023-12-21,0.009437330807369283,0.011568270471577399,-0.006348107160061621,0.007045755720440373,0.0045226862816689336
2023-12-22,0.002007503566394442,0.0014950004536038511,-0.004558788636690791,0.004424614031362936,-0.0011607296798141651
2023-12-26,0.004213816713115352,0.0061031125881459295,0.0028390502568215914,0.007591842151508473,0.001933878729728468
2023-12-27,0.0018064525995770495,0.002033519761556217,0.01756454025965098,0.0045275772625212145,0.004114547880506273
2023-12-28,0.0003777851157855975,-0.0004861442222232346,-0.0072892482038543795,-0.005832413160524644,-0.0032127178951702985
2023-12-29,-0.0028993655151905353,-0.004337127197860565,-0.00906077122970152,-0.001568069797763166,-0.0038693996164857174
2024-01-02,-0.005612007904142213,-0.017066967476026058,-0.005781261408036919,-0.0023566846852945507,-0.0033647413112566256
2024-01-03,-0.008200219199086787,-0.010637928983671977,0.004161630273839788,-0.008371755159892112,-0.002726570847180665
2024-01-04,-0.003226272357632853,-0.0051598462453419655,-0.015311292498570576,0.0010041086074332737,-0.0039073900203262174
2024-01-05,0.001368625559355152,0.0011852476950400363,-0.00961143391322136,0.00015844285681933427,0.0007825131035244261
2024-01-08,0.014175064992612655,0.020457370912766018,0.009817443849845288,-0.00784697829301582,0.0055920445261322
2024-01-09,-0.0015181956587313015,0.001973600986391457,-0.006396173362039547,0.0003193058065587502,0.0015549461925802915
2024-01-10,0.005639477135200034,0.006754850236924424,-0.004668390287545206,-0.0022906686849215973,0.0018111305913711534
2024-01-11,-0.0004407401529161399,0.00207861837494915,0.005599298967674747,0.001971362878362661,0.0032256373963053544
2024-01-12,0.0006926083780360712,0.0005128005159625676,-0.0019668422945040807,0.009746417465784744,0.0010306294766464527
2024-01-16,-0.0036781210599391607,-9.77460169937724e-05,-0.01776974215272201,-0.009533481464917172,-0.006326464808229553
2024-01-17,-0.0055740690592495454,-0.005656711538302576,-0.001583197973992566,-0.011077075533253638,-0.0042832205465654525
2024-01-18,0.008853363949702231,0.014094412512965311,-0.009338691516084786,0.0081991767942437,0.0020789583381996494
2024-01-19,0.012389153384089342,0.01963688846216086,0.0031931660643773328,0.0029842685447011067,0.0016862749892658571
2024-01-22,0.002112048423256282,0.0013050746815853264,0.005934466630862572,-0.003785111631635069,0.0007770545630066531
2024-01-23,0.002912369988116424,0.004140909456575611,-0.007955584324208356,0.0038915513093621982,-0.0011660410847129632
2024-01-24,0.0010924555139137065,0.005533837745239603,-0.005874487185029284,-0.008281084265806402,-0.0005184573548808639
2024-01-25,0.005424234196992833,0.0012204706171749598,0.00651322438641367,0.003962127078988696,0.007623096412606318
2024-01-26,-0.0012712611023762968,-0.005975355327495335,-0.0019176199664363563,-0.0006949345993064864,-0.0007731455179113393
2024-01-29,0.00788818735147232,0.010188345811200062,0.011450402555270406,0.007033690942252051,0.0021876440204385375
2024-01-30,-0.0007737233277854531,-0.006678717210924892,0.009025499784436083,0.0013795741766668092,-0.0012856990112169646
2024-01-31,-0.0164520556773337,-0.019780644908133527,0.009772144107803022,-0.0007426235867567754,-0.002835458818276706
2024-02-01,0.013003332415689163,0.011706694474208051,0.019426175576683226,0.010346957700093572,0.005742487903256539
2024-02-02,0.010472319243649894,0.016759364263635845,-0.022336705237386952,-0.009498266920115546,-0.004524058879795653
2024-02-05,-0.0036478302308475597,-0.0013061816780661224,-0.020400183859167392,-0.005529246178959096,-0.004674795833359196
2024-02-06,0.0028992181702867793,-0.002009249673395911,0.009726427496664867,0.0052110917695982265,0.0036377491943438227
2024-02-07,0.0083056916821915,0.010237632543456623,-0.00485111694300528,-0.0002652330017039186,0.0016848429600929903
2024-02-08,0.00044167427019696476,0.0018502509625148791,-0.0058318631661266945,-0.0009022539588233346,-0.0005179952577992661
2024-02-09,0.005762631004701294,0.00979482680320979,-0.0020220845558737667,-0.003883683822386861,0.0020701421789318616
2024-02-12,-0.0004388841896098496,-0.003920193636917983,0.001171097345301756,-0.0026153866387210066,-0.002199943242210346
2024-02-13,-0.013868757496898698,-0.01572003959220295,-0.017283422561028765,-0.01388463719494907,-0.008064654453478193
2024-02-14,0.00904641798387429,0.010838322214433475,0.00507674283860965,-0.0005962900909107332,0.003910347975521236
2024-02-15,0.0068761022958933075,0.002973415760328454,0.005157600313778741,0.00670130851432818,0.0035060902447734926
2024-02-16,-0.004992350795884514,-0.009109105336683337,-0.005804693719422805,0.0036558786728406838,-0.0029855233098541826
2024-02-20,-0.0055206346372021434,-0.007576609358788197,0.0008623601913959873,0.006045896751115412,0.0020779398181571406
2024-02-21,0.0009054382142109905,-0.004009997649550342,-0.007134513575722442,5.331114505738622e-05,-0.001818338365299655
2024-02-22,0.020484231804111647,0.028855455743604045,0.004869911414287894,0.0004266309391015458,0.0047981357216684666
2024-02-23,0.0006893940158440218,-0.002949216502099853,0.013297913425580683,0.005635602023986148,0.0006465284489827123
2024-02-26,-0.0036691505157250095,-0.0005267897893126889,-0.0029873559583899756,-0.002229172292928307,-0.003237177849668465
2024-02-27,0.0018560286103221576,0.002402473285715605,-0.007076860845758681,-0.0010632481058260926,0.0012964528324756245
2024-02-28,-0.0013226261864671613,-0.0053387153376943065,0.0063284880824257175,0.001806857807827473,-0.00012980106327840912
2024-02-29,0.0035885463905625955,0.008532872792637385,0.007032645650274382,0.0051370494877010335,0.001811987955656625
2024-03-01,0.009344462556176766,0.014944696015524785,0.006211704518701742,0.018734204946424127,0.003738422082936619
2024-03-04,-0.0010729948912882857,-0.0035745185743560667,-0.0040305730524444324,0.016045575240364,-0.0002589058148482939
2024-03-05,-0.010044432517765654,-0.018112736301521083,0.014141369523033517,0.006002093012312608,-0.0007781564440984524
2024-03-06,0.005054426853977514,0.006264085175899689,0.005850800923365087,0.008181839163568716,0.002461340858067647
2024-03-07,0.009877611814404257,0.015063977850666935,-0.0009380048359809676,0.005667751261581818,0.0011636241023188513
2024-03-08,-0.006020384492661906,-0.01453994718164715,-0.0017742901118671139,0.008417025116951235,0.000258514084748813
2024-03-11,-0.0008600273190410434,-0.0037197192551434066,-0.0005224602066084958,0.0018333385345244608,-0.0001290765754598838
2024-03-12,0.010699737813865927,0.014233167916104102,-0.008396251653702662,-0.011000916093968595,0.0009041034557802098
2024-03-13,-0.0015687487869144655,-0.0077157456721320405,-0.004860111286194024,0.006982966028737541,0.00038728830648202916
2024-03-14,-0.0019786784691064865,-0.0025244751578133427,-0.015476052648316772,-0.004183879789555109,-0.004786226320075528
2024-03-15,-0.006890366912320367,-0.011957924717260432,-0.0003226949868389445,-0.003199519647615261,-0.0006482396225606582
2024-03-18,0.0059255328237336775,0.009492154088521566,-0.0030171282177499357,0.0016010012977577042,0.0023321814581621298
2024-03-19,0.0055417819770358446,0.0024884011218203423,0.002801940360858926,-0.0011504677080451668,0.004005107178032695
2024-03-20,0.00920676874892154,0.0117869533413138,-0.0003230523201130653,0.011841472011166752,0.003346679729751433
2024-03-21,0.0032993402418128328,0.004720965170750447,0.0021506747976480934,-0.0010391759354036452,-0.0005138467660421538
2024-03-22,-0.0018978082082273396,0.001143329612706912,0.009515181191386906,-0.008053310017860683,-0.0010292863166835443
2024-03-25,-0.002766404610873851,-0.003635777812684192,-0.005013417216107181,0.0031893153617754324,-0.0015455180231912283
2024-03-26,-0.0018487929956402256,-0.0032429838222782542,0.002776597693295771,0.0032287432792988957,-0.0011608513173934378
2024-03-27,0.008368785113357945,0.0034002906682344906,0.009868923585814345,0.007214572450621008,0.005277202454348186
2024-03-28,-0.0001910511835894964,-0.0018451674863540382,-0.000844930371454344,0.01281752820240996,-0.0021847408624001284
2024-04-01,-0.0017413824297971537,0.0021149574917077845,-0.018816978806314062,0.01015632882706488,-0.004081438808106234
2024-04-02,-0.006378458718476617,-0.008667695681868733,-0.005525725727894286,0.014664311961913869,-0.0016895759892000702
2024-04-03,0.0010977538125094132,0.0022417304914626136,-0.00021740732382429109,0.008734121015036823,0.0007804504852895924
2024-04-04,-0.012281081507416292,-0.015408623180911095,0.007146666279583595,-0.005751211782367559,-0.0007804504852896755
2024-04-05,0.010392583545809284,0.011714909204127415,-0.01401646622688844,0.01696939930469014,-0.0009108935513242838
2024-04-08,0.0005592740501003865,0.00029512675065834483,-0.00010951742233549046,0.006209168519561672,0.002340508684621915
2024-04-09,0.0011560890879262421,0.0036926959494569945,0.009258864435684718,0.005482001328254476,0.0020758505862166457
2024-04-10,-0.010063512016592073,-0.008766803391740473,-0.022034420160630785,-0.009508923035404604,-0.008851962770596213
2024-04-11,0.0075186284801341385,0.015842074403660197,-0.004554688985840183,0.01924683287449554,-0.0009155476734111774
2024-04-12,-0.013899304162606005,-0.016070269330237145,0.005329967213074599,-0.013327746093360097,-0.0005235632186855817
2024-04-15,-0.012607358004243396,-0.016587920360473064,-0.015626764661602562,0.01854610800435578,-0.005778174650928833
2024-04-16,-0.0018254350528289713,9.295443410471724e-05,-0.0066595664989988245,0.0012212692273934644,-0.003298254811641075
2024-04-17,-0.0059357906942948055,-0.012276544825331302,0.011037399803020265,-0.007395532411290297,0.001320840798231259
2024-04-18,-0.002059851381457263,-0.005722574089952957,-0.00505293999388393,0.0034096367107846366,0.0007914115886554952
2024-04-19,-0.008766624545691905,-0.020906293475862543,0.0035958224740649997,0.0031266420969041134,0.001844233697755314
2024-04-22,0.009166950974915405,0.010006569078885714,-0.0016838364358064825,-0.025012716627157542,0.005512728217042066
2024-04-23,0.011796885816956816,0.014812683256596237,0.0003368222713585389,-0.0024616906480957905,0.004049077243759051
2024-04-24,-0.00047488745311132413,0.0033819104300483204,-0.007100953676748062,-0.0018618228395408355,-0.002218580202942476
2024-04-25,-0.00380611695836487,-0.0048414484070889,-0.007038685199374906,0.005945756955740473,-0.0020925677944803925
2024-04-26,0.009429420061417565,0.015313582694154367,0.005226655248387054,0.0032366836371748075,0.003137442526795103
2024-04-29,0.003535125395636542,0.0040521168412689145,0.008351327151545322,-0.002033283758808563,0.0029972722562388874
2024-04-30,-0.015968078457266277,-0.019036205633323457,-0.008577905310100808,-0.02013850411793736,-0.00731372579464496
2024-05-01,-0.003252423155509701,-0.007256826133333521,0.0073436180971311535,0.009021337418355644,0.005257140867292547
2024-05-02,0.009310033069841045,0.01268263970852024,0.004282298286234049,-0.003091862325121168,0.006141538619493469
2024-05-03,0.012319124622869087,0.01989923091314255,0.010068181103356518,-0.0007979449099420573,0.004160350829648802
2024-05-06,0.010273735418621466,0.010893738443050771,0.0038881277954521216,0.010463427933373832,0.0011668551595453373
2024-05-07,0.001102878991610548,0.00015905864841903557,0.00607960124504918,-0.00461094049941965,0.00012936413219840893
2024-05-08,9.67166755003262e-05,-0.000590716095710415,-0.006079601245049263,-0.0029453952906236033,-0.002334542781357987
2024-05-09,0.005745239721496798,0.002179281678774509,0.004866671723340731,0.01565541986116323,0.0002595108041926366
2024-05-10,0.0012875786313032444,0.0023551508525915233,-0.005643013600118275,0.008079783894319735,-0.001559333099675131
2024-05-13,0.00013408905372972414,0.0023048183722069212,0.002548671413056858,-0.011265319955387511,-0.00026014446393901044
2024-05-14,0.004577662360779768,0.0064116586085337865,0.005628876591645189,0.008426442720749588,0.00155996675942136
2024-05-15,0.012307092315625457,0.015509361091889114,0.013554936854826352,0.012757032448187955,0.005826737097562882
2024-05-16,-0.002059530714415469,-0.002033533386179448,-0.000977276086363238,-0.003900942141432421,-0.002326508585990228
2024-05-17,0.001436277513148893,-0.0004867010724159305,-0.006761452692954933,0.016363162829441925,0.00012942416273929673
2024-05-20,0.001151521777463633,0.0069484172831885595,-0.0029587397290706955,0.004015863208074463,0.0005171882198873347
2024-05-21,0.002449507972636948,0.0019546518581225634,0.005144772031950313,-0.0014706294501547247,-0.0007759395465784693
2024-05-22,-0.0028834859400077065,-0.00019762051532149025,0.0012003162834564062,-0.018544867564565665,-0.002202834693425082
2024-05-23,-0.007331078815952158,-0.004508511461476713,-0.006454546777447889,-0.02014614803918644,-0.003508758699797399
2024-05-24,0.006594664059336889,0.009411960275546631,0.0029585994863810484,0.0009266841017383871,0.003508758699797404
2024-05-28,0.0006985809765366477,0.003770724093672811,-0.014439338754079769,0.01045829379441463,-0.004029542904308542
2024-05-29,-0.007027157449081066,-0.007073369622175024,-0.012175488297571244,-0.009347362870368763,-0.002999755212316591
2024-05-30,-0.006655968396675073,-0.010771141543557523,0.009618883757496945,0.0018949634848045166,0.0040416242641118936
2024-05-31,0.009066997915253972,-0.0018621343721187712,0.006766699105203207,-0.005881436093592545,0.003506706129987176
2024-06-03,0.0008150262071225678,0.005354979273046123,0.016045271811557692,0.008878251926791354,0.0030948046348091406
2024-06-04,0.0011173031300008274,0.0027327828880143513,0.011613293278249137,-0.00901759641821021,-0.0005193600932447244
2024-06-05,0.011815008786233077,0.019959287470756874,0.0073111292404390675,0.011775993219294973,0.0032426318965478205
2024-06-06,-1.880423626595695e-05,-0.0003453141452329088,-0.0015008078552334065,0.0073641743967564136,-0.0016847927552388763
2024-06-07,-0.0012162095326724955,-0.0008851784072165492,-0.018516114765200178,-0.036335512840658196,-0.0025980518441922535
2024-06-10,0.0030847965706501074,0.0040311597592624536,-0.00668916282276733,0.009126408480625946,0.000910074776387694
2024-06-11,0.002405558488380631,0.006839256499367056,0.010289230719490207,0.0028525382508942246,0.0012988015005074014
2024-06-12,0.00817936499960239,0.013012625637892017,0.007485742959463331,0.002658183908153708,0.0040147611323466765
2024-06-13,0.0020116102210820737,0.005405596968750799,0.014592733006208508,-0.008183543017197694,-0.00012957814530071602
2024-06-14,0.0006082054652677573,0.005167952105348033,0.008379662948456896,0.012876289526632455,-0.0038851829870459663
2024-06-17,0.007927290294025032,0.012175353246541162,-0.009979019153890233,-0.005205175700450875,0.0006488821593078803
2024-06-18,0.002537604855504237,0.00030922967324221654,0.009133751451238747,0.0039992641040523845,0.0031072713491858933
2024-06-20,-0.002720356217387022,-0.007737868679211012,-0.006682737631520267,0.012407060942233438,-0.0006467552193672357
2024-06-21,-0.001341504872828339,-0.00268294474196947,0.0,-0.015614512577113812,0.0011635645062569346
2024-06-24,-0.0032560550896678594,-0.011449851517245507,0.004036214037388163,0.0039497558204108826,-0.0010342252548218745
2024-06-25,0.0038435729231403224,0.01137064858970926,0.0016946532606506638,-0.004974590412272679,0.0012926992796497918
2024-06-26,0.001247373534296087,0.0020629594740297023,-0.014388860485798138,-0.009271011435783051,-0.002198652044044686
2024-06-27,0.0015752311348994628,0.0025780330289420497,0.003964152521347777,0.011273144249924162,0.0011646942132711561
2024-06-28,-0.003942740168790153,-0.00520448021558211,-0.018780841708546596,9.297215668029186e-05,-0.0024600138600551725
2024-07-01,0.002055725347918134,0.005847999374378517,-0.01740937643477951,0.0026012036358740546,-0.00019552025063474055
2024-07-02,0.0067072905673720455,0.01044496325564403,0.007755185370310562,-4.643502198142268e-05,0.002733810854992019
2024-07-03,0.004452721177596329,0.008302454292898474,0.013047814488175935,0.01120993363706169,0.0035039534891185484
2024-07-05,0.0057498164427675375,0.01037285787176644,0.00824459195624151,0.013396660734694752,0.0029741093396749006
2024-07-08,0.0011533612036278053,0.002375496711102957,0.002158340949141412,-0.012479622087256387,-0.0002582869028843625
2024-07-09,0.0009718578050909932,0.0008641337110774532,-0.0044295417594827,0.00169431118809057,-0.0011634549622210801
2024-07-10,0.009846761371987943,0.01037260151714992,0.003135532441670695,0.003653653384415314,0.002325445589540213
2024-07-11,-0.00866005381984229,-0.0221741756596389,0.00966800942986528,0.017578001160184497,0.003606558291463534
2024-07-12,0.0062878342742629795,0.005857559418358385,0.004267041872587661,-0.0006272936376368344,0.00256794943544136
2024-07-15,0.002746295996418291,0.002684287895818273,-0.0115632533087219,0.0032219172131206842,0.00012787307153358168
2024-07-16,0.005912602733104083,0.0003828821793287994,0.0140085582856214,0.01972987782004887,0.0038395009028622177
2024-07-17,-0.014120237487667388,-0.029794420725625118,0.00021227907135441324,-0.0046540195707980275,-0.0011501473927919515
2024-07-18,-0.007714736889777899,-0.004743802821987498,-0.007673551283112331,-0.006401633154546632,-0.0020483377497734377
2024-07-19,-0.006662959678932836,-0.008903152595045545,-0.005901695447049571,-0.018100662230646155,-0.0007688888318304782
2024-07-22,0.010257343048803222,0.014788005388666526,-0.002909626817638463,0.0003156824791686295,0.003712258192967425
2024-07-23,-0.0015696808173274184,-0.003530916304936307,-0.0014043575936606735,0.003510507096461622,0.00012739928386827442
2024-07-24,-0.022923222561479887,-0.03652952872150775,-0.010867229086540552,-0.0035105070964615765,-0.0031983367335300587
2024-07-25,-0.005223905898022138,-0.01108891102325629,0.008161610157469936,-0.015768400613655725,0.0001275680885249892
2024-07-26,0.011137192561681794,0.010203823450448858,0.007772778981941623,0.010479424389843233,0.003198485142565251
2024-07-29,0.0005875933781480398,0.002006716503699726,0.0053623885023499065,-0.0014060442276131696,-0.0008943582141944767
2024-07-30,-0.005079483585727204,-0.013826635350504617,0.0038436295046918425,0.009935936183544776,0.0005110485865956173
2024-07-31,0.016124186196891353,0.029164251466088992,0.01017693851335324,0.017948680176279857,0.003571486277895999
2024-08-01,-0.014262233689749982,-0.02451952538422848,0.008587851397720366,-0.003448883709883457,-0.0021909040419017885
2024-08-02,-0.018793971055724147,-0.024021192788918826,0.03068581481461919,-0.0019064443892985788,-0.003340557531788469
2024-08-05,-0.02955612417522602,-0.03026956211559005,0.005277119553794563,-0.01277316576262444,-0.006196965635213023
2024-08-06,0.009177379611722403,0.009509538171223944,-0.0226223980487511,-0.008032891286850252,0.0037486738013181994
2024-08-07,-0.006706526486907742,-0.010888733349534361,-0.007064980916079063,-0.0006798590470787476,0.0019335651973623937
2024-08-08,0.02285406724458771,0.030132358652837785,-0.006170544088363788,0.01556622880577821,0.0041117458095600076
2024-08-09,0.0043999720250530675,0.0052088538559147204,0.009812998099958383,0.002452251987911254,-0.000128333621408964
2024-08-12,0.0005255140845162214,0.0021511860678689655,0.003629408362668372,0.01699935451192235,0.00064105967046771
2024-08-13,0.016311693929750345,0.024509850172939898,0.006911258405004458,-0.0015335341694870399,0.0046034054068684075
2024-08-14,0.003149905783720166,0.00032440754706202353,0.0062509429769841375,-0.008189191333501105,0.0017845793092037103
2024-08-15,0.016994756768858345,0.024949223294640374,-0.008102868334504819,0.0031339290416113642,0.0008913721687476971
2024-08-16,0.0022396154844221854,0.0012849260519765119,0.0034952643675661282,0.0221408117352879,0.0031759820600835305
2024-08-19,0.009515911728532883,0.01305044643777445,0.00460760396693887,-0.0016393656726291592,0.0016474671634187292
2024-08-20,-0.0016273927060088814,-0.0021008126460920623,0.00793664377230678,0.003663270802502215,-0.0008867519886508405
2024-08-21,0.003430693661716147,0.004653301865165558,0.000608034135966583,-0.0013345079227065216,0.0022790079416737732
2024-08-22,-0.007879525667510453,-0.015981804183440845,-0.00997607364148147,-0.012047289256477975,-0.0012653281129737096
2024-08-23,0.01056925762822503,0.01078707760971141,0.006526131488278617,0.011487194343258993,0.005303608838090267
2024-08-26,-0.002386444811648997,-0.009755843927800902,-0.0025438241275803925,0.0031842629268953445,-0.002017429628973431
2024-08-27,0.0013721877136681226,0.0029829009291689073,-0.0017340247536167797,0.00270301522962425,0.0006308977254559318
2024-08-28,-0.005822464340263991,-0.011412339750860003,-0.0012257092999752965,-0.007051666972008083,-0.0005041838795593281
2024-08-29,8.974733215249712e-05,-0.0014649547390840692,-0.003275664009662557,0.005164620716356872,0.0010087684001755342
2024-08-30,0.00950060912144514,0.011848939425226915,-0.010720341789522005,-0.0071515197828322195,0.00012602452912286092
2024-09-03,-0.02079371664564539,-0.030831264531513237,0.016222744158366897,-0.00433295027353233,-0.003552551478523939
2024-09-04,-0.002048906081052211,-0.0026019873505048145,0.012807633794429191,0.0006077417877377091,0.003679105584937176
2024-09-05,-0.0024351577891533324,0.0009331433961823044,0.005640049459473368,0.008297784905920138,0.0034127690951058823
2024-09-06,-0.016973411938360907,-0.027152519859167848,-0.00010037072924146618,-0.007430165851405754,-0.0012623809695350798
2024-09-09,0.011134138968524632,0.012777585115447899,0.0043097136697555554,0.004197056104325384,0.0023980751226793536
2024-09-10,0.004346268888257499,0.00919946400841112,0.006976296355856136,0.004394427867847918,-0.0018927791630946884
2024-09-11,0.010206833474391056,0.021482886182726656,-0.0007948915655831321,-0.0015918222264343484,0.0015145750135038471
2024-09-12,0.008388084935772623,0.00976824703798336,-0.004682280182650306,0.01741476344611925,0.0013861221322675871
2024-09-13,0.005208829894072059,0.004469900135983009,0.002692407439157845,0.009894570827460453,0.0027663853555231154
2024-09-16,0.0014757158592948866,-0.004427760235289825,0.009120756908855034,-8.375168155570817e-05,0.0025087429589467232
2024-09-17,0.00040877475511736045,0.0005281636933264829,-0.004847365110636613,-0.005546263478781612,0.0002502263946870191
2024-09-18,-0.002970254762149692,-0.004338885184639506,-0.012473303631342829,-0.007740344731775493,0.0008763236811226895
2024-09-19,0.01692028631870959,0.024969850426963976,-0.0033190876404381973,0.015421236419487627,0.002998552698008428
2024-09-20,-0.001730003087911591,-0.0019051166906816968,-0.00383576598292489,0.012630557682531525,0.0012467570683883462
2024-09-23,0.002495729254488271,0.002647143582934439,-0.002125998708975872,0.00193852671610104,-0.0018706114496438574
2024-09-24,0.0028572723968488395,0.00481199126295286,-0.0002024980501967041,0.013872405171650835,0.00012462997468093507
2024-09-25,-0.0022080215191269768,0.0009267707409329283,-0.008347071325568013,-0.0013827232563758825,-0.0011238440388948515
2024-09-26,0.0039567291494513705,0.007484871501080457,0.002347991335668461,0.005073989582052931,0.001623068445469359
2024-09-27,-0.0014512344561784453,-0.005572406316502491,0.005187744244879753,-0.00796748708764577,0.0024919616689385205
2024-09-30,0.003999306101762389,0.0027081064550990614,-0.004779756252228492,-0.008031540905021974,-0.0007471727068794663
2024-10-01,-0.008998908199315047,-0.014030340996426076,0.007194102696551774,0.01043659814331518,-0.0005003933337584765
2024-10-02,0.0004220443808709958,0.00141193197628217,-0.008462949883202012,0.000203566476664949,0.00012493399122392938
2024-10-03,-0.0018300001778001848,-0.0007472262342406683,-0.009465004366314604,-0.0006922454344502302,-0.0023813677108771207
2024-10-04,0.009046404619462118,0.01182783676116116,-0.012377328839510569,-0.00199802503899798,-0.0011300213439370266
2024-10-07,-0.009081705907990257,-0.010769484262370906,-0.007564034437370306,-0.0033935140367649104,-0.004280410675177494
2024-10-08,0.009413169847323778,0.014824191837904142,0.0016862087060256375,-0.007399232494344503,0.002394055591345748
2024-10-09,0.006902592325262397,0.007837603323770025,-0.0057015372957506995,-0.0054610705017173605,-0.0006291806950760213
2024-10-10,-0.001751479496760258,-0.0011362510714039934,-0.003925010256260081,0.007316064767089658,-0.0005042562998889553
2024-10-11,0.00597028891929053,0.001561973538912074,-0.004047047593566602,0.01085428686886074,0.002643085753329363
2024-10-14,0.00814524614550627,0.008356470578891658,0.0007468246959682442,-0.0016308312397319176,0.0005027102240008392
2024-10-15,-0.007800323612850121,-0.013456918689272023,0.01208397759506642,0.0034623584364339233,-0.0002517005281066813
2024-10-16,0.004337126420133895,0.0001222683320421587,0.004205567293912343,0.0049891427128232555,0.0017576715103805357
2024-10-17,8.599980081653703e-05,0.0006922578880488276,-0.015969838251978594,0.005970452161761758,-0.0015059709822737729
2024-10-18,0.0038390704625848944,0.006533332571533577,0.0007460289055093345,0.010562207979593495,0.0023836495649404233
2024-10-21,-0.0016435421029793557,0.0019194867432998,-0.017625210623146148,-0.0001990210805239133,-0.0040181938802148764
2024-10-22,-0.0005314629729336382,0.0010893017612476864,0.0009749958574198597,0.010729555523637746,-0.0013851907504878083
2024-10-23,-0.009179256133559494,-0.015442465515429429,-0.002711527581374499,-0.012123752431615111,-0.003028339781545435
2024-10-24,0.0021603280254009786,0.00807612662813383,0.006387859334658538,0.007663817134299539,0.002902278869977462
2024-10-25,-0.0003454597948918392,0.00607516585837071,-0.005627908290805261,0.0020548662166116312,-0.001008410967169183
2024-10-28,0.003086789091870701,0.00016142560374567382,-0.0027170131327786174,3.945329776617785e-05,0.0025196626292248578
2024-10-29,0.0016170048850046156,0.009562598499341117,0.001522661366949623,0.010835937036952448,0.00025150959816411207
2024-10-30,-0.0030299007702331536,-0.007586284154822581,0.002929294521458402,0.005490789207931537,-0.0017627612602198592
2024-10-31,-0.019797683576189953,-0.025566804724358315,0.0016239261731727007,-0.01561647178727062,-0.002775851586216272
2024-11-01,0.004211536072835875,0.007371617806159439,-0.014198605503463092,-0.004110813705942248,6.337013081880953e-05
2024-11-04,-0.0021562060062430524,-0.0029174050719761625,0.015402574248753966,0.0014248987496042703,0.002789826623588471
2024-11-05,0.012019183394180328,0.012676189547379925,0.005297204422299129,0.0022519104403696992,0.002782388298222321
2024-11-06,0.024561506238255242,0.026800918701212942,-0.02776980238545796,-0.030857976694085517,0.0017659041392311889
2024-11-07,0.007702504618716306,0.015621524371068014,0.01244968437836813,0.01594864539186116,0.004276970977964063
2024-11-08,0.004322105899090247,0.0011678101625557137,0.012620996394576764,-0.006792442588197375,0.0016304274688916534
2024-11-11,0.0009526060964098975,-0.0005836146241312085,-0.004876944344090575,-0.02375140115119195,-0.001128606000612269
2024-11-12,-0.003111167052884716,-0.001811787620080701,-0.015107401968395459,-0.008668821068980244,-0.004022392720070157
2024-11-13,0.000485706191195166,-0.0012874121876978255,-0.009530964683604827,-0.010132384997697268,0.000251612275193326
2024-11-14,-0.006451043437604323,-0.006974037000656389,0.005773716322476848,-0.002612551531378293,-0.002142985700826347
2024-11-15,-0.012891190327415706,-0.02411439694812629,-0.002660678826562917,-0.0017736414154014318,-0.00012596044858576076
2024-11-18,0.00408887264635563,0.006923704756220983,0.0017746949806014016,0.01884162282592499,0.0018911816063300984
2024-11-19,0.003648756467280986,0.00685613599279174,0.005084453293584531,0.00891942849470824,0.0015104172893819201
2024-11-20,0.00033876548281531625,-0.0005760875449787789,-0.003202445279405744,0.005616245032295766,-0.00025164939137876555
2024-11-21,0.005354106512028416,0.003590688552215264,-0.0007744668826357227,0.008304918886222272,0.00037793313093798604
2024-11-22,0.003094513928126993,0.0016027300340229792,0.0005533568671881339,0.012809813332372074,-0.00025183223642567386
2024-11-25,0.003386504035685979,0.00158032821252536,0.02555838914550097,-0.029901483187305778,0.003767098837282639
2024-11-26,0.00520769935986928,0.005354935178869637,-0.0038897713663115408,0.001936433160954421,-0.0018820968735792564
2024-11-27,-0.0030346234134744385,-0.007904548308731635,0.006904683467298008,0.0022202481870022992,0.0030089308759575183
2024-11-29,0.006192827629196341,0.008748467766420546,0.010268361506513926,0.008587567442534243,0.0020012555728456125
2024-12-02,0.0017907176677429606,0.010828982960197934,0.0023999616986025082,-0.008792948302693988,-0.0003639158019592535
2024-12-03,0.0004639554487429453,0.0030615614103369723,-0.008666472092914993,0.0020107532444556663,0.0
2024-12-04,0.006190014601045015,0.012287341671995989,0.010688528787282815,0.00302908748607766,0.0023822340202995316
2024-12-05,-0.0016468659308337302,-0.002775198406739533,0.0020180640712178176,-0.0074252082091734815,-0.0008770106524840407
2024-12-06,0.0018939754062633645,0.00890984755303384,0.001483931272764025,0.0003705001517975754,0.001628593048356013
2024-12-09,-0.00516302662219268,-0.00781777452643009,-0.009259513888029198,0.009870874002918592,-0.0012524547306046877
2024-12-10,-0.003113809009369625,-0.0034137350050948323,-0.004715918773825193,0.013078415980993926,0.0005008723347326385
2024-12-11,0.007700734343478593,0.017744303960768232,-0.009499445417649795,0.009488652360594872,0.00025087379239037633
2024-12-12,-0.005165906276709181,-0.0064747363714958844,-0.012221669477035388,-0.01477229774782158,-0.002759027507757415
2024-12-13,-0.0001985111258777049,0.007625063198451778,-0.010263314716842628,-0.01216527622337442,-0.002891982852695326
2024-12-16,0.004260821192351564,0.014297921860010044,0.0029905567147386534,0.00241229791280552,0.0018871494012362986
2024-12-17,-0.0041285449526605325,-0.0044134209565991605,0.002430103962456273,-0.003846011153453628,-0.0021388032942935113
2024-12-18,-0.03025673919416804,-0.036743689808860065,-0.012583158399439411,-0.01937149963953244,-0.010321599064026889
2024-12-19,-0.0003070040624920918,-0.004463476875347986,-0.015257159626452865,0.0014200879312812307,-0.0010237632234118854
2024-12-20,0.011939447674766873,0.008694781706050448,0.005678081008154438,0.01037999743966833,0.006254968830571237
2024-12-23,0.005970271636385957,0.009695396133419385,-0.009214600615762477,-0.004719916680210798,-0.002675726794100844
2024-12-24,0.011053754224288321,0.013469001736896705,0.004219819331431623,0.001990032656870636,0.0031846550564665703
2024-12-26,6.654794639692059e-05,-0.0006798109827327279,-0.0005693840080882161,0.0067284927019149185,0.002540870609134999
2024-12-27,-0.010582128047281258,-0.01338209996616542,-0.008232346235178266,-0.006894214453703814,-0.0034313155749035986
2024-12-30,-0.011477294544240926,-0.01338906325368881,0.00800468968227896,-0.0031947790408758405,0.0013992217521150811
2024-12-31,-0.0036447049462652284,-0.008531142663018423,-0.005367547552288453,0.006214287831739849,-0.00012716993109904254
2025-01-02,-0.0024598775448788504,-0.0019579827108211515,0.002744541017999991,0.013496228917030742,0.002413038956075472
2025-01-03,0.012425635920467512,0.01623281243913159,-0.0032028394580213546,-0.007895124609843816,0.0015207652990298027
2025-01-06,0.005744197889063183,0.011427245837219727,-0.004477743435903712,-0.0012328556129918074,0.0017713970845239946
2025-01-07,-0.011368371811570901,-0.018005330629465625,-0.011341275992015225,0.0056176267350635505,-0.0032921623835537907
2025-01-08,0.0014599783549074285,0.00017466427796135206,0.0012793151515273812,0.005301603121984425,0.0012673757849180245
2025-01-10,-0.015385292027781558,-0.015805269413335245,-0.006647666511605831,0.009512918374949771,-0.005207393949421729
2025-01-13,0.001549267643128255,-0.00321902485833945,-0.0003510331989231572,-0.01000110030367562,-0.00025477718108943065
2025-01-14,0.001375102794467837,-0.0009498836625663154,-0.0016403985868566234,0.005235693007988435,0.0012732372870411564
2025-01-15,0.018026415831194225,0.022745545380280528,0.017088812058000606,0.007461090407550896,0.008738872085687998
2025-01-16,-0.00192500446957169,-0.007030596326780964,0.003222183248269229,0.0068871946090514665,0.0011344700508475474
2025-01-17,0.009989733381823013,0.016737679925617588,0.0017216143384021034,-0.005321403332684962,0.0008813467156020293
2025-01-21,0.00911197176483487,0.005847886988554069,0.008906313344865949,0.015366546556984287,0.002639495115767255
2025-01-22,0.005605618450689595,0.012704699401232008,-0.005242733922854013,0.005122510213068569,-0.001381789485217686
2025-01-23,0.005443327501322021,0.0021239953427572285,-0.007800976040060402,-0.0014158718257654048,0.0012561257938579326
2025-01-24,-0.002923639321114071,-0.005667302893645775,0.004481439738990884,0.006199449222329872,0.001129133950942034
2025-01-27,-0.01424626878977225,-0.02954699203073939,0.011740110401918219,-0.010459313683880304,0.0007521541394783002
2025-01-28,0.008555559362266915,0.014671726738499827,-0.0006799825339918089,0.008619165823801737,-0.0003759534065338016
2025-01-29,-0.0044928532497616755,-0.0018797168910528609,-0.002043288494615575,-0.0038478030414185464,-0.0006269739118266715
2025-01-30,0.005352718438924956,0.004253355337852645,0.003742472013640809,0.015031970539815968,0.001879214877994539
2025-01-31,-0.005336172695787517,-0.0014541954055312409,-0.006586972176237519,0.0019744486005825435,-0.002004784012312547
2025-02-03,-0.006752256969374421,-0.00803538320641736,0.00810907478659237,0.005323078655223283,-0.0012606974442283382
2025-02-04,0.006685968937302757,0.012200591186319304,0.0030578096448725446,0.00980023748604468,0.0031492445393430583
2025-02-05,0.004046262165482723,0.004527594484883502,0.01637528148445098,0.00619034264242983,0.002637650744692226
2025-02-06,0.003469581999365859,0.005206186571258826,-0.0004451236585485099,-0.0026537744373774834,-0.0015065279203240378
2025-02-07,-0.009195710543224997,-0.012693604541625457,-0.006476013711908125,0.001782570144409176,-0.0031455727798697457
2025-02-10,0.006768350031595432,0.012032637667810913,-0.003029085609045284,0.01679638680250656,0.0020144499555015266
2025-02-11,0.0007600829113398173,-0.0023835709615682038,-0.00642505850494903,-0.003658285589870855,-0.0003773607106916165
2025-02-12,-0.003226562331322575,0.0005869298493642269,-0.013663053738025777,0.001046607072714827,-0.0021413894562794878
2025-02-13,0.010502074533865037,0.014283206388597649,0.016486111391242595,0.009814510830150894,0.00452925583049275
2025-02-14,-4.9096158613100355e-05,0.004189927932131752,0.005286020274494931,-0.014983466926549421,0.0011287468211801336
2025-02-18,0.002931435693175143,0.00226421839161046,-0.01184784866686301,0.01642526914447792,-0.0008779682293912821
2025-02-19,0.0023522986053704934,0.000278303251126419,0.0012478107139506215,0.0005539429240083393,0.000752696834233428
2025-02-20,-0.0041689984778472,-0.00425362322829635,0.0037340242522874764,0.000516699154436362,0.0006268324326727544
2025-02-21,-0.017252130139187114,-0.020972914317870593,0.012012457879976282,-0.0009229691054979344,-0.0018817828739401954
2025-02-24,-0.004560783942474643,-0.011874671716515456,0.002897313753705661,0.0054148811569904014,0.00125495044126729
2025-02-25,-0.004985748088251879,-0.012679315022021544,0.017100304016818724,-0.013276072540975698,0.002504554899392135
2025-02-26,0.000504981057712945,0.0024127896982624824,0.005889278630601134,0.0015251697060953886,0.0013748360948009101
2025-02-27,-0.016090848194178352,-0.028164299388245762,-0.00709351879108859,-0.015357280506670757,-0.0018750350168923817
2025-02-28,0.015484903160828917,0.015668160941109496,0.012191478499328352,-0.006285532695668532,0.0027490525509909
2025-03-03,-0.017675098234385886,-0.022125537546421086,0.004655828526884462,0.01309428477593445,-0.002083613598973891
2025-03-04,-0.011907558758797648,-0.003022306561215756,-0.01239152353072836,0.008660029400338953,-0.00012547895401513465
2025-03-05,0.010690747629477573,0.012951888832499108,-0.008016173057721935,0.0020791481693780457,0.0005024521727185838
2025-03-06,-0.0179107008751539,-0.027894915442784093,-0.003313096117131778,-0.005094160642131142,-0.003775192615056213
2025-03-07,0.005589245265932211,0.007326746891747976,-0.0032130122212500863,0.0005218196474086795,0.0016377617533518834
2025-03-10,-0.02699689273272509,-0.03952755829593376,0.010377504817191631,-0.008794495623060066,-0.003783285757762483
2025-03-11,-0.008347629535146426,-0.0023931701650099528,-0.0071644925959415086,0.01165930639065754,-0.003543645230048718
2025-03-12,0.0052927603618985585,0.011217566481984523,-0.005991411837997876,0.004337373317600702,0.001140277708484639
2025-03-13,-0.013420224366545707,-0.018154279242561827,0.0087530568496449,0.01760034574283983,-0.005587779670037385
2025-03-14,0.020445294531784633,0.023882968562928885,-0.005309061093573875,0.0003996778676249641,0.004574216548577026
2025-03-17,0.007681665710695004,0.006462887817718061,0.0049779901655861904,0.005398932434643415,0.002406013520588486
2025-03-18,-0.01086716940203115,-0.017194493621426585,0.0009925229105196324,0.011604364010877142,-0.0017722571136761266
2025-03-19,0.010831835229086989,0.013292630315720498,0.0051682089618706175,0.00409929439969153,0.006566459993874587
2025-03-20,-0.0028957162015964357,-0.003395245274933966,0.0006579675561022854,-0.0012814060805390753,-0.0013856805654141903
2025-03-21,0.0003297763113281995,0.0032913043655034327,-0.00593617739502012,-0.008082476604942154,-0.001513441183436799
2025-03-24,0.017749934817112345,0.02170700974615188,-0.01030642380952119,-0.004462490783133984,0.002899121748850954
2025-03-25,0.0024009617967269458,0.005690300275492762,-0.00011151779934192317,0.004390711790074645,-0.0005035275487895325
2025-03-26,-0.01201005570169652,-0.01857206397881169,-0.0065945863173454316,-0.0008263225124260293,-0.004037903145334392
2025-03-27,-0.002659206666190618,-0.005714197280788541,-0.0029202212834910637,0.013316671121389569,-0.001898411032764964
2025-03-28,-0.020343754367230116,-0.026680599951743687,0.013739403439481258,0.007384788228782128,-0.0017750723750723182
2025-03-31,0.006690178495072753,-4.266280801551588e-05,0.009824920172652513,0.014261049112946074,0.001141608445527416
2025-04-01,0.0028204873401943146,0.008028766458299318,0.008628460935335919,-0.0019801896396476866,0.0023154135987858895
2025-04-02,0.006308477025581181,0.007272022059561234,-0.0006560503249445812,0.0020495598046479263,0.0020309877118227584
2025-04-03,-0.05053646008829758,-0.05501988826524973,0.004583072843154826,-0.0060565822044141146,-0.01250614871027671
2025-04-04,-0.0603266504475016,-0.0641213651927745,0.010828578595972591,-0.02367020473214484,-0.014357133736183664
2025-04-07,-0.001782779015814179,0.0024103769371241826,-0.030620019318114096,-0.021719986685703737,-0.008635720629792199
2025-04-08,-0.015786732336042917,-0.01817260253573407,-0.0190591332969154,0.0054290299021522185,-0.004609824452081525
2025-04-09,0.09986272839420962,0.11335608769808146,0.0058684146176069055,0.036323492196158734,0.02644624960603787
2025-04-10,-0.04480802163725795,-0.04346313153951535,-0.027955497065920324,0.02413009288681445,-0.016462988418361305
2025-04-11,0.017685648956449977,0.018255444467245894,0.005423673458184876,0.01890679950058093,0.003001579576457877
2025-04-14,0.009654669177647617,0.0067553285348644935,0.007110277641257694,-0.005722318290653523,0.004939528633740917
2025-04-15,-0.0028050021111479797,0.001114072567668678,0.0035363162051849405,0.005218738019025799,0.0027192655877303442
2025-04-16,-0.022478760331940593,-0.030617494339925683,0.0055641040605702964,0.032022570753676,-0.00012916739244779482
2025-04-17,0.0014258201558272248,-0.00018003788178498224,-0.008871923149047344,-0.004400359490663115,0.005803147781034404
2025-04-21,-0.024090505319343453,-0.02505812967486895,-0.017634474971263737,0.030466725196562627,-0.005932655110338875
2025-04-22,0.02568494816875263,0.025913401342144073,0.0055661913160332125,-0.014297390879940051,0.003873327188329419
2025-04-23,0.015376765543156746,0.022424878252232393,0.009666268980540389,-0.024270798064606143,0.00501224182598943
2025-04-24,0.02083056253469761,0.027748501907888485,0.0104807605488365,0.014451351409752674,0.008934335111731305
2025-04-25,0.007199229614751864,0.011086233902795114,0.007339395565531466,-0.010900878955956528,0.0008889320197980322
2025-04-28,0.00038113275073815703,-0.00031733594692299815,0.006280101864176259,0.014141637459613693,0.0005078028943717507
2025-04-29,0.006279729416111831,0.006582641062728703,0.0083496280397898,-0.009786658970495412,0.0026612420975855667
2025-04-30,0.0003968412562853548,-0.000126155376929482,-0.008125994805389976,-0.007510353244041899,-0.0053294793248876106
2025-05-01,0.007061905219655941,0.012976065270085962,-0.005083450412031849,-0.02099106650379782,0.0012908721427180195
2025-05-02,0.014735015046321336,0.014734839564705534,-0.01088312263288403,0.0017466735903771576,0.0030604784160317487
2025-05-05,-0.0057508364246194165,-0.0059501816912760535,-0.005601189501855377,0.029430400577679455,-0.00038227228088083434
2025-05-06,-0.008393508460483127,-0.009345294431718583,0.0033187284656094225,0.027638515747736927,-0.0007644550240668993
2025-05-07,0.004196714842943582,0.003918316419905491,0.004218196933010994,-0.015106592963135799,0.000892071269418649
2025-05-08,0.006943652817567587,0.0102720493536875,-0.011211801303925522,-0.019890788928179075,-0.00025482647711085813
2025-05-09,-0.0012751234946684908,-0.0006556925441807842,0.0014945912444977191,0.007228485693538802,0.0006368389699768667
2025-05-12,0.03251315040077236,0.03993219441524252,-0.009348491011341884,-0.028595551740996136,0.009880922879338304
2025-05-13,0.006582265883811948,0.01512568445318365,-0.004066517619897697,0.004249948759953267,0.0017632693212210006
2025-05-14,0.0012772683919415435,0.005975248175068264,-0.006658827729705671,-0.02126227662564288,-0.0036558757201704617
2025-05-15,0.004872485963342884,0.0010984552679872163,0.008752501416822078,0.015837869719407486,0.0018926063989494258
2025-05-16,0.006314138504241905,0.004342903626626323,0.002668357699241707,-0.012160689602209927,0.0011337007885328942
2025-05-19,0.0010931185867562624,0.0009583996873614324,-0.002901013283278559,0.012798420816745652,-0.0005039403586572116
2025-05-20,-0.0033678225423818655,-0.0033386964986233296,-0.007231020756914781,0.018450974483986242,-0.0005035676968427273
2025-05-21,-0.016994343880449476,-0.013994243555069508,-0.017237785054236048,0.007351594562024017,-0.006702684808177616
2025-05-22,0.0003945458216314216,0.0018694607112831072,0.005226231127316378,-0.008900989925318167,0.0020281625834327813
2025-05-23,-0.006849284800153997,-0.009303935414953559,0.001657123235032171,0.021669792905121613,-0.00025326923962165957
2025-05-27,0.020577494000133974,0.023252825859385633,0.013859565946304475,-0.017094433359300068,0.006061349278175276
2025-05-28,-0.005802239418020955,-0.004441852546237771,-0.004325199727478246,-0.002268589173612519,-0.0006299901169660911
2025-05-29,0.003939655978506405,0.00196389175304447,0.009212311843832937,0.0059072333619440654,0.0015108513528705497
2025-05-30,-0.001119070181766972,-0.0015784295812058685,0.0015079396534842893,-0.006598665713002106,0.0008803984691900299
2025-06-02,0.005616997359165518,0.007867115919254134,-0.009350013304998241,0.026233913208447007,-0.00017708027178303868
2025-06-03,0.005686596158272725,0.007786591578907846,-0.0017630330326794711,-0.008894994642019345,0.0018927176631528344
2025-06-04,-0.000268382455977915,0.00278399811439776,0.016103019318767977,0.0064213132412345815,0.0018890382686953203
2025-06-05,-0.00484470685556495,-0.007555314872147244,0.0006940754058748044,-0.005062672644074125,-0.0021414225449036465
2025-06-06,0.010216737784976282,0.009727840126039541,-0.012805725443400758,-0.01350688232494814,-0.00012585197120564164
2025-06-09,0.0009006789653386089,0.0014708641847671318,0.0010540366691155093,0.004707437493749117,0.0005042485568623257
2025-06-10,0.005653816452235966,0.006592189262886546,0.005136695368524206,0.00029346792267399537,0.0023917403617568053
2025-06-11,-0.0028562387112673255,-0.003375450396327002,0.0030226901705983603,0.005397696978330561,-0.00025133458745680323
2025-06-12,0.003966465906693096,0.002345203881767775,0.0118865437995027,0.01234370232269246,0.0011313893281115525
2025-06-13,-0.011243145283292594,-0.012634230398328582,-0.009682967305052317,0.01301549409169947,-0.0030198181108188984
2025-06-16,0.009469401769886464,0.013814033414865172,-0.010128945667858252,-0.014361734303802328,0.0020142595655746154
2025-06-17,-0.00858190208107804,-0.009799013942846584,0.012095966206922831,0.0005130624809404316,-0.0011325282233049312
2025-06-18,-0.00015068333779750962,-0.00017020006099738424,0.0017325035278431577,-0.00540018233840262,0.0015097182204090133
2025-06-20,-0.0023513561694857264,-0.004091532830840494,-0.0018480043846027764,-0.0004191069541604869,0.003137798333286895
2025-06-23,0.009829190005652282,0.010229889761440033,0.0032320734240099615,0.003058490504208936,0.0018777162650523672
2025-06-24,0.010986725338017974,0.015176330862765276,0.00723435799525748,-0.015844238391270016,0.002747889208804537
2025-06-25,0.0005600896575240734,0.0025530933986564384,0.0012577675231373855,0.0030327025232496515,-0.00024943083285791526
2025-06-26,0.007793327898452465,0.00930697885587227,0.005015033367835679,-0.0011076604529502278,0.0028656287293786493
2025-06-27,0.004956023121065581,0.0034178515728671578,-0.006387297735180414,-0.018289975504647085,-0.0004978253347685519
2025-06-30,0.004769786700826567,0.0064561337858815605,0.009792788718425339,0.011913301279755133,0.0038512193559663483
2025-07-01,-0.00032356906471362216,-0.008465193278476715,0.0024764920488208964,0.008883435847179964,-0.0012591878409098317
2025-07-02,0.004522959876488596,0.006941226768734047,-0.006373867184009143,0.00551237530942954,0.0018695851027066062
2025-07-03,0.007850432849847076,0.009792281341588228,-0.006989403340307333,-0.006846293882020621,0.0006220785983541378
2025-07-07,-0.0074798817577823706,-0.007561527783562484,-0.009589439846726293,0.0007485003525817282,-0.0033652455500533065
2025-07-08,-0.0005477503539952457,0.0005612466047814923,-0.0012776299731279278,-0.010498326962963742,-0.0013738460176671078
2025-07-09,0.005978679366077158,0.00705403255879428,0.010407149704530275,0.004461316177625558,0.002746421290382311
2025-07-10,0.0028162536805563672,-0.0014392598962014735,0.0006899864657476714,0.002223316131965108,-0.0009980310555956367
2025-07-11,-0.0035215333107093062,-0.002252894942384805,-0.013890910317211489,0.00955577301886398,-0.0012486847120313067
2025-07-14,0.0019063424519664474,0.0036204121049079555,-0.0021002054093526915,-0.0036620144241214002,0.0007492954107912266
2025-07-15,-0.004282385148899498,0.0009162643734241091,-0.0070330611152696855,-0.004164364075514542,-0.0030008646495551607
2025-07-16,0.0033376463505997763,0.0010233916685314,0.0014104421536280394,0.004975696789391886,0.0026263383970439045
2025-07-17,0.006100922696604477,0.008060260353667258,-0.00023490397139820673,-0.0021758989541098375,0.0009988007535269322
2025-07-18,-0.0007325497986465504,-0.0009616815078479847,0.001526221851617653,0.0025975477973482998,0.0013716858051605206
2025-07-21,0.0018943248469225956,0.00517120206382342,0.008876262490524355,0.015253192127432761,0.0013697046982004
2025-07-22,0.00014304883528634292,-0.005189031859392115,0.006028490953091767,0.0094401831613078,0.0017407555234790924
2025-07-23,0.008471662840898652,0.004551033860382143,-0.005563129214628802,-0.012478717461642091,0.0004966424736690489
2025-07-24,0.0003309189673244022,0.0021259844488990282,-0.0017448850208766765,-0.006137070328856787,-0.001242324117477701
2025-07-25,0.004215399199094925,0.0024041061085203685,0.006267089543579682,-0.009293039490678532,0.0006213549798779502
2025-07-28,-0.0002510442507080253,0.00312022323920902,-0.006500290707145755,-0.006494663067578282,-0.0004971551412598624
2025-07-29,-0.0026410913728236495,-0.001550019968105262,0.016745271563532175,0.002746613677307996,0.000621481805190399
2025-07-30,-0.0012601741569201361,0.0013388490700851022,-0.005166935065272861,-0.017424424698434752,-0.0021142275304735923
2025-07-31,-0.003758171133518468,-0.005313158449709346,0.0005753105365399074,0.006623418228251275,0.000622307786777315
2025-08-01,-0.016526209113662427,-0.019895375788207614,0.014116643854469976,0.020096397826572604,4.994356327330381e-05
2025-08-04,0.015085237983750756,0.01828354441246669,0.002729039611862905,0.005806339793967675,0.0033703736212440986
2025-08-05,-0.005082866020789592,-0.006812845494045546,0.0030614300798803033,0.0008037680984962059,-0.0004987832145112379
2025-08-06,0.007630481723073972,0.012504718730207875,-0.005790469691743326,-0.0021233597342562006,0.0009969108196606162
2025-08-07,-0.0008379165994030761,0.0033787365322723237,-0.0017095771160562372,0.008402586680171171,-0.0009969108196605527
2025-08-08,0.0077672999822972835,0.00928488871721474,-0.004343888766285757,-0.00022360485625666846,0.00012464275965427953
2025-08-11,-0.0019794179908488234,-0.0029631756681178104,0.0011448188672840596,-0.014479017992943764,0.0
2025-08-12,0.010589687194678248,0.012490279002290921,-0.005047442590315641,-0.0009078785028290671,0.002241323517956642
2025-08-13,0.003417412470830304,0.0004999733187183566,0.008246512489317287,0.003044643380447489,0.002608679132461399
2025-08-14,9.295242669834047e-05,-0.0007756210502865611,-0.007441757950781338,-0.006358881635978504,-0.0026086791324613557
2025-08-15,-0.0023439052153203482,-0.004407223670904857,-0.007150329376715219,0.0005856467855486066,0.0007461620911260853
2025-08-18,-0.00021779615856172896,-0.00039852682806021655,-0.002897657953596398,-0.0015624875893944005,-0.0007461620911260276
2025-08-19,-0.0054397820455521564,-0.013660385388598728,0.005787036544216036,-0.005488312721199512,-0.0002486412257622424
2025-08-20,-0.0026606400375859137,-0.005955007050110919,0.0021902984977586245,0.010071289165624142,-0.00037333194720369457
2025-08-21,-0.004019952144210536,-0.004640558686862799,-0.0049639936263077885,-0.00347592916281607,-0.0018685495506963233
2025-08-22,0.015240088132202146,0.015309697383792991,0.007379368955364908,0.010649518982753443,0.008071951599702266
2025-08-25,-0.004410636704071156,-0.0028889333690610792,-0.0028759898977986542,-0.002417757282480456,-0.0019809858997674604
2025-08-26,0.0041781293683761395,0.004007286386198332,-0.0005762289506435716,0.0072358055476428994,0.0022283839408872488
2025-08-27,0.0022759571747478745,0.001535441820912179,-0.0011534549783734438,0.0020166939883499383,0.0012359720679523296
2025-08-28,0.003535155984687661,0.006240544065329978,0.006556555597546557,0.007391652350960381,0.0004938000758739627
2025-08-29,-0.00598162093449482,-0.011643018572319455,-0.007133968109371142,0.009603638858147003,-0.0018534130036514053
2025-09-02,-0.0074378320771178565,-0.008415501022261187,-0.007469312430773396,0.02336740250914344,-0.0010814988160044155
2025-09-03,0.005404940401078972,0.007836814218155751,0.010917599860771045,0.007801481349128729,0.0027329230005576494
2025-09-04,0.008322777985422662,0.009010731226799526,0.0075950741581932695,-0.0044286747373555105,0.002725373905193258
2025-09-05,-0.0029004399146106783,0.0014418129129920077,0.015131971835380394,0.013257668006979742,0.0004946249731997659
2025-09-08,0.002453548064722299,0.0048661399856150325,0.013236310514470237,0.011323711365555902,0.0
2025-09-09,0.0023091410242609468,0.002829191746924876,-0.005699219372159823,-0.002272485609217019,-0.0011132755931273237
2025-09-10,0.00288677359004758,0.00032715873506900705,0.0056992193721598335,0.0035857690781288176,0.000742254376613204
2025-09-11,0.008275719335398361,0.005803674898459006,0.0066637934936359,-0.0014924929949519461,0.0024712798259782518
2025-09-12,-0.00033467074925465216,0.0044074423428466045,-0.004326406759762342,0.0019696315993883206,-0.0009878193513522383
2025-09-15,0.005309980461653133,0.008520590420543667,0.002332024948920066,0.010351078276418409,0.002836778926581428
2025-09-16,-0.0013776954372201387,-0.00084548666995648,0.002104955889491277,0.00200440059968761,-0.0007392538080679668
2025-09-17,-0.0012433152079987207,-0.001997958423309156,-0.0025489690863596233,-0.007745087571334619,-0.0009864223123117316
2025-09-18,0.004661488849796027,0.008976662749729159,-0.010372900571057478,-0.004014356216469492,0.0022183086414556434
2025-09-19,0.004940704892654289,0.006746489594690575,-0.001908166583673638,0.010551365296973236,0.0003692401579912212
2025-09-22,0.004719928754597864,0.005902641454123552,-0.003601022757058581,0.017158380367683163,0.0007379715798332237
2025-09-23,-0.005458442903714333,-0.006664518536727993,0.006965553390028408,0.004078048498240162,-0.0007379715798331464
2025-09-24,-0.0031867303762191145,-0.0035168623809791865,-0.003813601087644294,-0.009104369003754706,-0.001354547642099908
2025-09-25,-0.004624120360154389,-0.004320578530669938,0.0,0.004156538489887818,-0.0028383798005152555
2025-09-26,0.00571275501849657,0.0041025692222803984,-0.0008996474885993807,0.005755674720215595,0.00197543864725515
2025-09-29,0.002806492282923286,0.004620377366635846,0.008177870069016985,0.01636192499893196,0.0017248379933994323
2025-09-30,0.0037596305200572923,0.0027353762122359028,-0.002905114704917346,0.008503744538253297,-0.0003692218771064514
2025-10-01,0.003401906421780532,0.004785648831527696,0.0025792735838622003,0.0015741326049985922,0.0018668359819935996
2025-10-02,0.001150976538410923,0.004102505868702877,0.0029078051389078755,-0.003488904306035992,-0.0003704689323304358
2025-10-03,-1.4657904558725226e-05,-0.004218599872852558,-0.001900409998330263,0.008000845595952238,-0.0011129316540789802
2025-10-06,0.0035798195371442715,0.007482192578881987,-0.007975262280862386,0.018670357712142448,0.00024750304038163536
2025-10-07,-0.003714424177704181,-0.0052796208783311175,0.005735326097677837,0.005146197838027116,-0.001113695408259273
2025-10-08,0.005945309682667269,0.011398604363981098,0.0007845037870300276,0.016356457714615965,-0.0014865916764884954
2025-10-09,-0.0029012239112743018,-0.0012108440346778671,-0.0007845037870300278,-0.018625225753276277,-0.0028560628420604656
2025-10-10,-0.027399752962904252,-0.035331277130261074,0.016017983505176348,0.010047058859954893,-0.005861597855677929
2025-10-13,0.015227429948083467,0.020999406470623004,-0.0005518996639714917,0.024010471634505016,0.006234516370866845
2025-10-14,-0.00122235626245506,-0.006683446601212484,0.0031970148086286534,0.007115811676483972,0.0011179218616030415
2025-10-15,0.004429735811477515,0.00703205937188364,-0.0022037617812851306,0.01718391083164241,0.003223217155953175
2025-10-16,-0.006833460590533051,-0.0037097924182785316,0.007472395037133719,0.02311798516943165,-0.0035955179231988137
2025-10-17,0.005660243653625763,0.0065453015470822995,-0.0015337683226137441,-0.018996349267191237,0.002604903430308249
2025-10-20,0.01034679913135065,0.012522154046111273,0.0038304985795413102,0.03575507474940295,0.0019800485498120833
2025-10-21,-1.4888193800394092e-05,-0.0002616506641614539,0.004903328297578551,-0.066427122202817,-0.0014847689291926892
2025-10-22,-0.005212520828669168,-0.009680703376232586,0.0006519007126310956,0.00010605032482095541,-0.0009911055436421872
2025-10-23,0.005912393790519474,0.008371321720849173,-0.0068668132092620645,0.0039943702532297155,0.002228732809976602
2025-10-24,0.00813933818061613,0.010621748629497807,0.0004371822521610731,-0.003358466049881991,0.002717100914089969
2025-10-27,0.011728669012909936,0.017652372950601476,0.003383263243495005,-0.02823439606845571,0.002463574922954003
2025-10-28,0.0026524281972638013,0.0076605012444322836,0.0026118144613314328,-0.007191829710492189,-0.0009847615752178011
2025-10-29,0.0004803705957092334,0.004492924545923851,-0.010157974325437639,-0.003794458273018786,-0.003083457791357983
2025-10-30,-0.011059140371055255,-0.015406648667218867,-0.005835531509186288,0.019451474207493994,-0.0018547488645314543
2025-10-31,0.0032748318897317043,0.004812270233561914,-0.002985845595012271,-0.005445349765875755,0.0
2025-11-03,0.0018749378570620634,0.004773506670856873,-0.002504133400944062,0.0017912982604373527,-0.0031147183216064887
2025-11-04,-0.01192436370973827,-0.02050693069692249,0.0022264613205111553,-0.01767243750416923,0.00012475910810410475
2025-11-05,0.0034594114980744965,0.006486813137331339,-0.010956228695716174,0.01149801326624798,0.0009977136140896094
2025-11-06,-0.010787303758716551,-0.018803066417964157,0.008952849399188926,-0.0012012407765740096,0.00037391119618458875
2025-11-07,0.0009840405835699541,-0.0031601599068045673,-0.0021192042110949705,0.006100376279774767,0.0008717825124537267
2025-11-10,0.015483822200000573,0.02188294025443738,-0.0002231111941440958,0.026974026330607748,0.003355402825833866
2025-11-11,0.0022866321978864614,-0.002667072068575502,0.004567838533912797,0.0039300815092205245,0.001115970324335133
2025-11-12,0.0005562623360958204,-0.0007885764019510665,0.0017769651602786848,0.015982361021277473,-0.001984831288353224
2025-11-13,-0.016733167179541306,-0.02062737933776943,-0.008245130285834148,-0.00811594387120292,-0.004106387009801887
2025-11-14,-0.00016378559217333902,0.0007557560763906863,-0.005722385744818168,-0.018212761198262515,0.00024941639453415765
2025-11-17,-0.00936001246404082,-0.008577192832953443,0.002472457005605057,-0.011530197275275704,-0.0016218673164292308
2025-11-18,-0.008433104498945384,-0.012250434485855851,-0.00033675694276656486,0.0072386702324458525,0.00024965840447808377
2025-11-19,0.0038557933946798384,0.005952270974460584,-0.002023195140629635,0.0016281258445646413,0.0004992303426753736
2025-11-20,-0.015359633788199214,-0.023956495511662654,0.00393034333729465,-0.00029336859393561273,-0.0006238507405625218
2025-11-21,0.009912005575245762,0.007484737969875331,0.0030211571916087024,-0.0015485295000223418,0.0033648209073952515
2025-11-24,0.014611192863722467,0.02525157297553066,0.005682219443326365,0.015720029429592993,0.00273387736314213
2025-11-25,0.009362075556057713,0.006144890523009594,0.002551813668363544,-0.0003157406112365523,0.003468144357072535
2025-11-26,0.0068797307797315655,0.00879687281698244,0.004423210585357632,0.007966521739529534,0.0009889346893736657
2025-11-28,0.005443620431411823,0.008074522235518642,-0.0047556752904944774,0.012347782735317652,0.0004938523340735742
2025-12-01,-0.004575976292877124,-0.0033646202381669176,-0.012526599935137557,0.004809481913078849,-0.0018002016382958614
2025-12-02,0.0018504473992040423,0.007795615552783372,0.0004503651895005543,-0.006460877304549151,0.0018624254394368162
2025-12-03,0.0034569474111343927,0.0024408258851956683,0.002811153125655396,-0.0009300505859088987,0.0008677476334950842
2025-12-04,0.0007307036474297218,-0.0009307064254892516,-0.005404354921238091,0.0006459865002764292,0.0007432557234555557
2025-12-05,0.0018977123552641106,0.004069174111328803,-0.004639341990676693,-0.001783943580710258,0.0
2025-12-08,-0.003008813208365805,-0.0019203834538146286,-0.003294585558182326,-0.0026429393579943225,-0.0024798030774038186
2025-12-09,-0.0008633779304200629,0.0012325939167711036,0.0010238992738755741,0.005124051608821799,-0.0011178112371696008
2025-12-10,0.0066102789313951015,0.004087318733058601,0.0038574634351790336,0.004250103468607047,0.0033499899563809135
2025-12-11,0.002324189015539355,-0.0032396390777315663,-0.0013599019690010757,0.010712248978541639,-0.00012388481348840437
2025-12-12,-0.010810139626518027,-0.019303448417060658,-0.009685155283505031,0.005578987507631519,-0.001860215714661364
2025-12-15,-0.001511992352083673,-0.00503205991429129,0.0006868448974495545,0.0009099271544499963,0.0004965682799883499
2025-12-16,-0.0027361029745312424,0.0019798980456972974,0.005476849646001964,0.00022742956353926302,0.0006200160842310114
2025-12-17,-0.01106455129445063,-0.018710980235960253,-0.0009105622549839883,0.0085515594385759,-0.0012406157669015172
2025-12-18,0.007522991802635725,0.014386201621606342,0.004772149439984069,-0.0018048314286412761,0.002727325891088136
2025-12-19,0.009022568177218693,0.012951123477143653,-0.003739291577244193,0.0011283535131121657,-0.000485201223653033
2025-12-22,0.0062105833803140055,0.004782103113273245,-0.002172611987861832,0.022819254559298667,0.0008706145921910549
2025-12-23,0.004560021358380207,0.00467232264333654,0.0016012297424121587,0.013165297757330809,0.0007456099612056915
2025-12-24,0.0035114744844345594,0.0029212892250505703,0.006038812697755275,-0.00414265150874824,0.0018620908249753522
2025-12-26,-0.00010148843626386844,-6.400033926291687e-05,-0.0032998884269414795,0.011609088487159046,-0.0004964165220481939
2025-12-29,-0.003569956912175276,-0.004852474674313407,0.003754250818036454,-0.04450407961760148,0.00037198929020667204
2025-12-30,-0.001221862367565455,-0.002321932860450205,-0.0023873720334049173,0.0007273032894686568,0.0009921189402827156
2025-12-31,-0.0074365674122778705,-0.008300077414148852,-0.007999051267493453,-0.006488999253824397,-0.0009921189402826718
2026-01-02,0.0018314467190674519,-0.0019390330023328602,-0.0014926204646601125,0.004958545328225588,0.0004962319405617787
2026-01-05,0.006638007423090404,0.007911575433150632,0.004928726306718314,0.025972938179914393,0.002599755549040861
2026-01-06,0.005929553622175875,0.008748157995241245,-0.0020603187320699244,0.010755105002161711,0.000247281189945027
2026-01-07,-0.003228620758308271,0.0009621632220042545,0.0058262052320204455,-0.009605943617543307,-0.00024728118994512107
2026-01-08,-0.00010151697411778777,-0.005705381845560265,-0.005024400400362778,0.005507322733438559,0.0007415616653890012
2026-01-09,0.006591617921563789,0.00991106826419846,0.006617793661071825,0.007215903791294916,0.000741110622218337
2026-01-12,0.0015691128479637443,0.0008293906818383028,-0.0029611825892745312,0.018549616736782293,0.0004936703733798468
2026-01-13,-0.0020013412428968383,-0.001483912721560738,0.0017094894934154756,-0.0014220515093612454,0.0
2026-01-14,-0.004927430990289981,-0.010740283104734042,0.005790483866345914,0.0101703332395237,0.0
2026-01-15,0.002719586773085347,0.003592992362354073,-0.00022626318491920764,-0.0061465119926862365,0.0
2026-01-16,-0.0008382933585864249,-0.0008366818913989985,-0.005791977842206554,-0.0048305320875177415,0.0006167700346316501
2026-01-20,-0.020566801019983573,-0.021476137016959104,-0.013184467251814342,0.037137944625647984,-0.002593112695618741
2026-01-21,0.011474900590537504,0.013427907192431627,0.0075880154635131905,0.014463871678662811,0.0029631495122596765
2026-01-22,0.0052097108766466105,0.00724301038141627,0.004342994381250799,0.01829421977969421,0.0007392701258298761
2026-01-23,0.0003626773698773681,0.0031524808434547805,0.0027329076636893592,0.013651695099226603,-0.0004928187854753149
2026-01-26,0.005065318581955365,0.0043904201722058354,0.004765270871191919,0.014522878245374984,0.0004928187854753495
2026-01-27,0.003976375303582097,0.009024487104636264,-0.006244721127830855,0.024235866660731666,-0.00012310823651410894
2026-01-28,-0.00010074273229094864,0.003305920399578676,-0.0022805193289155323,0.03804054442699281,-0.0016029687405884733
2026-01-29,-0.0019863228845917653,-0.006003110324261841,0.00022836720969640823,0.002705807739847273,-0.00012351778064000974
2026-01-30,-0.0029869906429450814,-0.012083714764665212,-0.005608071265254558,-0.10841233744964726,0.001110324631912587
2026-02-02,0.004958984061625889,0.006842996959914981,-0.0028612660354820243,-0.04087351576386017,0.0006067291886382051
2026-02-03,-0.008491368297948654,-0.01548321405898745,0.002423396009172437,0.061647351472448514,-0.0006191172572765641
2026-02-04,-0.00485560828286958,-0.017623427821172294,-0.002539089588903089,-0.0007046601942605336,-0.0012396809426824364
2026-02-05,-0.012567927563792023,-0.014499939141825702,0.010803622569491292,-0.02699275619765067,-0.0011169396466490793
2026-02-06,0.0190030609698535,0.02091762963554088,0.0006855180650614896,0.030269515441489408,0.00347073617815144
2026-02-09,0.004810177516881462,0.007630984729340926,-0.00022842385394283683,0.025085614324893347,0.0013605472983915245
2026-02-10,-0.00264052978189538,-0.004650079440201839,0.011474057778856121,-0.009963188662021111,-0.0009893856504854086
2026-02-11,-0.00023118953071278885,0.002678414957882518,-0.005322978734645756,0.011247091222494243,-0.00012341068869058276
2026-02-12,-0.015569396024637623,-0.020548609814712907,0.013198986615242426,-0.03534565209196913,-0.0004951703803484029
2026-02-13,0.0007041946807047774,0.002128758239009986,0.005476326153695283,0.02457422891441271,0.0007423691716487058
2026-02-17,0.0016122193518960395,-0.0010306086776046127,0.001670491303533276,-0.031666383600955826,-0.0004949497505157738
2026-02-18,0.005025049056536283,0.007439467467759946,-0.0037904959712487503,0.022240759759257815,0.0012368663067223807
2026-02-19,-0.00264083432014993,-0.003837075949389541,0.0010048792452935235,0.0027891563109147515,0.0003706048879983378
2026-02-20,0.007205720513539376,0.008810043918876645,-0.002346056355442234,0.0195226903950525,0.000741091922696649
2026-02-23,-0.01026378875131165,-0.01222952769658264,0.003683917484287329,0.02665702371732228,-0.00160627939519314
2026-02-24,0.007242207967832681,0.010684206655478383,0.0017816767374208354,-0.013955835494471214,-0.0007422837222239174
2026-02-25,0.00840300452798621,0.01438919658507667,0.00011110731044174259,-0.0025104111690772445,0.0013605472983915245
2026-02-26,-0.005569966258346417,-0.0121378499063585,0.003995933170709616,0.008539325114314078,-0.0008655975478757185
2026-02-27,-0.004813562706394251,-0.0032059065786653683,0.006074416434018749,0.01304594710817348,-0.001609065339335654
2026-03-02,0.0005684281233357914,0.0013163891724576869,-0.010092920011933787,0.012837146760680682,-0.0005729683605017874
2026-03-03,-0.008853436986445279,-0.010763287293762882,-0.0020106339147356682,-0.04563796333219482,-0.0019949670126523035
2026-03-04,0.007030473435156788,0.015128249068476674,-0.0031360132377630558,0.007787713327779242,0.003488658472592033
2026-03-05,-0.005591112132498814,-0.0030173130362820136,-0.004046130997983789,-0.012090565447196364,-0.003988145980802623
2026-03-06,-0.013193831987552123,-0.01515766851203477,-0.0037236265440939256,0.015708476698148666,-0.004881685723131284
2026-03-09,0.008721977131278319,0.013267226757833234,0.008666903361189925,-0.0020718179527898957,0.00600513272378194
2026-03-10,-0.0016084898896168212,1.6525887601684265e-05,-0.010703791320955842,0.011216537509720141,-0.0016229867814180963
2026-03-11,-0.0012558603954608057,-0.00013161006797721462,-0.012997660771261878,-0.003395863568684636,-0.0022514177917737363
2026-03-12,-0.01530149342147881,-0.017312341803087515,-0.0019527512591313164,-0.01984963254664512,-0.00640654971340411
2026-03-13,-0.0056761402933918695,-0.005944855899478505,-0.004956373814586994,-0.013021372569552835,-0.0018923223259289738
2026-03-16,0.010125437546098716,0.01115505524709229,0.007712081514366907,-0.0008900836759419468,0.003151652147237019
2026-03-17,0.0026270953594123804,0.004868354081075971,0.002748313927235654,-0.002522571056499545,0.00452093643449772
2026-03-18,-0.0140518979274543,-0.014037861292649155,-0.005618955157025492,-0.03214842869758357,-0.005150452838846103
2026-03-19,-0.00246740411685479,-0.003165160479388991,0.006076214297112631,-0.042088486470760696,0.0032694439167604383
2026-03-20,-0.014439618304248125,-0.01865457347952902,-0.019155836392781206,-0.031034054726858728,-0.009333190654265988
2026-03-23,0.010445312571439996,0.011413553923283562,0.006503211765053213,-0.022853374485926194,0.006567510858476553
2026-03-24,-0.003362466505523035,-0.006860327659613771,-0.004408333294265444,0.00022271635118200717,-0.003404794414879316
2026-03-25,0.005557344109632972,0.00655413923336016,0.009603878003303413,0.029645532839315883,0.003153043516885995
2026-03-26,-0.018020103424260914,-0.02415739035192224,-0.008441727571982863,-0.038318848265911816,-0.006315759960483244
2026-03-27,-0.01719897690587503,-0.01973012499962361,-0.005473101559429441,0.034492091653875186,-0.0025373949519766487
2026-03-30,-0.0033490713993909365,-0.007672541694187624,0.013223545111370322,-0.0002894695055479165,0.0011427447961220782
2026-03-31,0.028653465750654562,0.03329336353894246,-0.0010375967949789585,0.037193492650150234,0.009471436168910682
2026-04-01,0.007506187626788433,0.01227757017194259,-0.0009849047819888023,0.017348463901669588,0.002447266152017968
2026-04-02,0.0009001370277671923,0.001145909379485336,0.006125450531011418,-0.019395701723403234,0.0023909119984587175
2026-04-06,0.004715567455062021,0.005999330276256992,-0.0016144871712734554,-0.004107092256447038,0.0017583282423333326
2026-04-07,0.00043997233547196115,0.00015298099926850024,-0.00011543962662293322,0.009680581273932702,0.00025093755380606124
2026-04-08,0.025150658517452035,0.029298628981889296,0.00322665401535117,0.006279313363379332,0.005878242504198813
2026-04-09,0.005752519061712962,0.006741812383735637,-0.0025343961849179455,0.007748433781414136,0.0011217813636330365
2026-04-10,-0.000662013761662532,0.0014411247251772872,-0.002425001905220654,-0.0017827733092611521,-0.0039942643600585455
2026-04-13,0.009724896757133613,0.010289540623505655,0.003001667597047217,-0.004057403475821635,0.0037449795349946474
2026-04-14,0.012111276516131756,0.01799400794882025,0.005288436380640716,0.02210325929203807,0.002985762169116062
2026-04-15,0.007860071173856677,0.013902373733995738,-0.004366642255462487,-0.010456884729500534,-0.0004968781157109357
2026-04-16,0.0024543004353643747,0.004804845039122505,-0.006354449057832891,-0.0008631178955779131,-0.0013680804652256074
2026-04-17,0.01201326064315531,0.012999242209486138,0.009114654469244594,0.013205474549607812,0.003726640466789629
2026-04-20,-0.0020017791816419116,-0.0031799084021781956,-0.0002297786708776743,-0.0086484996289279,-0.000868275562482473
2026-04-21,-0.006568402399452085,-0.0038105087523284055,-0.005529234346938103,-0.02872874757171026,-0.002609359287288569
2026-04-22,0.010075747850226238,0.01659204990979472,0.0019616169251540075,0.01315885071808192,0.0016159529639178983
2026-04-23,-0.0038882668019613125,-0.005648590445501136,-0.0021927228655239817,-0.009742663076259298,-0.0016159529639179205
2026-04-24,0.007719371806151774,0.018946882856481318,0.0018469935731553373,0.005114015549751456,0.001367544767044905
2026-04-27,0.0017214591046574,0.0005270516611435612,-0.0049715290842141146,-0.007785532512716458,0.00037278440009744235
2026-04-28,-0.004877858169884219,-0.010107651835739221,0.0010426270947997893,-0.01873736625464264,-0.0013672302221766938
2026-04-29,-0.00015464636054582064,0.006095001008478347,-0.007787607763578113,-0.010723068864617815,-0.00336399134361895
2026-04-30,0.009900512962030367,0.009283059823082696,-0.0009338630186265924,0.01486229443655377,0.0031151764029192968
2026-05-01,0.002765230594941635,0.009553856851396076,0.0035690391703855954,-0.0011336522597227192,0.0012374013339911487
2026-05-04,-0.003670107564048186,-0.001885702706292119,-0.007621583337677989,-0.02021814296632195,-0.0032528828114932865
2026-05-05,0.007990235787736218,0.012890586456368659,0.005516802960761342,0.008547670573807937,0.0015026003153165877
2026-05-06,0.013803707675276002,0.02056154044076811,0.007579720471162773,0.029888127796577613,0.002998541659020492
2026-05-07,-0.003070799018480286,-0.001193665639538553,-0.00500779194700745,0.0016692975079796522,-0.0037495595907417667
2026-05-08,0.008222159964911331,0.023170366934165472,0.005007791947007465,0.004829858327988968,0.00349993481917659
2026-05-11,0.0022749738046146124,0.0028922132394794916,-0.006059227789834242,0.0020266811021026647,-0.001998462560416927
2026-05-12,-0.0015160463008786927,-0.00851805775342753,-0.0066842796496193605,-0.003965060284398247,-0.0013761655385823325
2026-05-13,0.005579259663933181,0.010506892462736879,-0.0022380284422846403,-0.00562871133052066,0.0005006785590747093
2026-05-14,0.007863252920174398,0.007082567541624795,0.0014140694496656832,-0.007671648257758531,-0.0007512097888971093
2026-05-15,-0.012102225458758222,-0.01520272012050996,-0.014948641605961979,-0.023494231397838114,-0.00489622446849813
2026-05-18,-0.0007037610242743687,-0.004311506487511418,-0.001196086080463019,0.0027281501848720967,0.0010062696992757564
2026-05-19,-0.006683166915053701,-0.006181495100827393,-0.0064835154905806,-0.016700574279936407,-0.0023915459694751223
2026-05-20,0.0101968641567694,0.016428014324668245,0.01066334095468785,0.01423595990327424,0.006406725248342569
2026-05-21,0.0019811656495877794,0.00190524942766853,0.003687663190146094,-0.00098276274381623,0.000500839138680188
2026-05-22,0.003923857355522633,0.004231667489652906,0.005447097708530548,-0.007631102906282901,0.0001251461405717484
2026-05-26,0.006616651462080356,0.01759932825050634,0.004947549024289918,0.0004348594550147071,0.0033729417635225602
2026-05-27,-0.00017327873570801815,-0.0011372258967416846,0.0023475301599138695,-0.013398563535697896,-0.0006237791943999656
2026-05-28,0.005501465824292783,0.008395732512240947,0.005144886645165211,0.010423100202116821,0.0012471695308655783
2026-05-29,0.0024883147076365953,0.00367723712480709,0.00023324721920330507,0.010483427987444453,0.000996616922860595
2026-06-01,0.0027193629449604774,0.005982262404105408,0.0005384109444260311,-0.0141482968401824,-0.0007637373009866531
2026-06-02,0.001357074913811869,0.004593962239211278,0.002103795499410223,0.0016763707549161957,0.0007513733368405992
2026-06-03,-0.007041898792235992,-0.0026166775723944187,-0.003977649646384915,-0.009953528184733784,-0.0027573769995644926
2026-06-04,0.0037715131775783134,-0.004849137778073908,0.0022246582852024277,0.008301422193564091,0.0018808010669788989
2026-06-05,-0.02614827540614522,-0.049191335886981845,-0.0051594151764460154,-0.037229842768492165,-0.005023253918393149
2026-06-08,0.0022616629520545123,0.015495172215630945,-0.005186172855046219,0.0025960589903300645,0.0013839781563316268
2026-06-09,-0.002939753909947856,-0.0115740107655001,0.005891220284164603,-0.016471383961975034,0.0010052212919587026
2026-06-10,-0.015891191735610512,-0.020178815218217273,-0.002823451062872576,-0.04233937620833833,-0.0018857664101601377
2026-06-11,0.016854026987735173,0.0332180524737651,0.012876355942540697,0.030860698069962694,0.005896869167185136
2026-06-12,0.005393635479095842,0.005867428866969245,-0.0024455606317776712,0.0005693171392699535,0.0
2026-06-15,0.01748033422318223,0.030930369129816327,-0.0005830814373515528,0.025566728082746976,0.0012501833483156033
2026-06-16,-0.005979416619848481,-0.019188337121486078,0.005467966805009849,0.0027198311858468048,-0.0001249869037511638
2026-06-17,-0.012566523983086617,-0.010121390610779338,0.0016230965443619855,-0.02297138428233101,-0.0037556214192861624
2026-06-18,0.010343302943807663,0.024756411346103926,0.0048531852890437216,-0.003815842777874201,0.0035056979576526676
2026-06-22,-0.0031518902581658243,-0.002513317915225311,-0.00763727727125709,-0.006556887617395544,-0.0008752729829307241
2026-06-23,-0.014628488737257505,-0.033483360362276234,0.0012769669438722295,-0.019084169061680104,-0.0008760397569109666
2026-06-24,-0.0004636078172879792,-0.004254830868417034,0.013596298054160667,-0.03067888622252175,-0.00025052159662245036
2026-06-25,0.0014445929017762192,0.008072872190037172,-0.0003433438970514367,0.00962769003206293,0.0003755641053951378
2026-06-26,-0.007257604951134571,-0.01385914901753462,0.0001144314973501083,0.01122355898292356,-0.0006260510387840463
2026-06-29,0.016340575381773723,0.02455032433136344,0.0010296490882876104,-0.013608268012376532,0.0022523212698529415
2026-06-30,0.007756654451963251,0.016871584897971414,-0.011847982401867655,-0.000542720627118172,-0.0005001316560043834
