Date,SPY,QQQ,TLT,GLD,HYG
2007-04-11,100.87184143066406,37.85418701171875,47.49409866333008,67.08000183105469,31.084774017333984
2007-04-12,101.32008361816406,38.15388488769531,47.504981994628906,66.98999786376953,31.10563468933105
2007-04-13,101.78235626220705,38.23092651367188,47.35818099975586,67.83999633789062,31.04903030395508
2007-04-16,102.74895477294922,38.58199691772461,47.61911392211914,68.4000015258789,31.037092208862305
2007-04-17,103.02205657958984,38.6676025390625,47.88546752929688,68.0,31.02221298217773
2007-04-18,103.14816284179688,38.539161682128906,48.12466049194336,68.37999725341797,31.03117561340332
2007-04-19,103.1200942993164,38.6590461730957,48.043113708496094,67.52999877929688,31.138391494750977
2007-04-20,104.09365844726562,38.87310409545898,47.91807556152344,68.69999694824219,31.120525360107425
2007-04-23,103.70147705078124,38.93302917480469,48.09208297729492,68.26000213623047,31.138391494750977
2007-04-24,103.74347686767578,39.12996673583984,48.27143478393555,67.7300033569336,31.35286903381348
2007-04-25,104.69603729248048,39.65228271484375,48.10289764404297,67.88999938964844,31.400531768798828
2007-04-26,104.81509399414062,39.85776519775391,47.755008697509766,66.87000274658203,31.4571475982666
2007-04-27,104.73103332519533,39.874881744384766,47.7441635131836,67.55999755859375,31.4571475982666
2007-04-30,103.8625259399414,39.35259246826172,48.244258880615234,67.08999633789062,31.460102081298828
2007-05-01,104.12866973876952,39.318355560302734,48.27915191650391,66.69000244140625,31.4639949798584
2007-05-02,104.7380599975586,39.7464599609375,48.25191879272461,66.66000366210938,31.452045440673828
2007-05-03,105.30540466308594,39.89201354980469,48.14276885986328,67.48999786376953,31.45503807067871
2007-05-04,105.7046127319336,39.92626190185547,48.33918762207031,68.19000244140625,31.49388694763184
2007-05-07,105.7256088256836,39.92626190185547,48.47014617919922,68.25,31.49085235595703
2007-05-08,105.58551788330078,40.01189041137695,48.36098861694336,67.87999725341797,31.514793395996094
2007-05-09,105.8727035522461,40.09752655029297,48.1700553894043,67.44999694824219,31.431121826171875
2007-05-10,104.7660675048828,39.54951095581055,48.28458023071289,66.0,31.544677734375
2007-05-11,105.66256713867188,40.05470657348633,48.115501403808594,66.44999694824219,31.562580108642575
2007-05-14,105.43144989013672,39.78071594238281,47.99003982543945,66.27999877929688,31.55956649780273
2007-05-15,105.4594955444336,39.47246170043945,47.97364807128906,66.54000091552734,31.535680770874023
2007-05-16,106.1808624267578,39.85776519775391,47.94095230102539,65.5999984741211,31.61934471130371
2007-05-17,105.97075653076172,39.66940307617188,47.74448394775391,65.05999755859375,31.610361099243164
2007-05-18,106.89527893066406,39.994747161865234,47.42805862426758,65.5199966430664,31.61934471130371
2007-05-21,106.83929443359376,40.25162887573242,47.56993103027344,65.66999816894531,31.64920425415039
2007-05-22,106.75520324707033,40.28590774536133,47.32442092895508,65.19999694824219,31.65218544006348
2007-05-23,106.76915740966795,40.09752655029297,47.1880111694336,65.54000091552734,31.62828826904297
2007-05-24,105.80267333984376,39.52385330200195,47.23162841796875,64.75,31.63723564147949
2007-05-25,106.24392700195312,39.77216339111328,47.12256240844727,64.94000244140625,31.682077407836918
2007-05-29,106.62915802001952,40.08040237426758,47.11710357666016,65.06999969482422,31.55659484863281
2007-05-30,107.49759674072266,40.405738830566406,47.215274810791016,64.72000122070312,31.62828826904297
2007-05-31,107.38556671142578,40.59413909912109,47.12798690795898,65.54000091552734,31.57750701904297
2007-06-01,107.9178695678711,40.61982345581055,46.8803825378418,66.44000244140625,31.573286056518555
2007-06-04,107.93189239501952,40.739688873291016,47.09401321411133,66.54000091552734,31.60033798217773
2007-06-05,107.504638671875,40.739688873291016,46.79822540283203,66.37000274658203,31.55527687072754
2007-06-06,106.34898376464844,40.30302429199219,46.7763557434082,66.41000366210938,31.51622772216797
2007-06-07,104.42985534667967,39.67794799804688,45.93830108642578,65.26000213623047,31.36905670166016
2007-06-08,105.78861236572266,40.16600799560547,45.89993667602539,64.22000122070312,31.28493881225586
2007-06-11,105.97075653076172,40.088958740234375,45.768531799316406,64.69999694824219,31.218854904174805
2007-06-12,104.81509399414062,39.84920501708984,45.10577392578125,64.0999984741211,31.059642791748047
2007-06-13,106.38399505615234,40.28590774536133,45.64251327514648,64.52999877929688,31.11370086669922
2007-06-14,107.0633773803711,40.55133438110352,45.52749633789063,64.5999984741211,31.13773727416992
2007-06-15,107.67253112792967,40.9257926940918,45.83968353271485,64.8499984741211,31.13174057006836
2007-06-18,107.54591369628906,40.93435287475586,45.7465705871582,64.94999694824219,31.14974403381348
2007-06-19,107.81324768066406,40.9257926940918,46.17383193969727,65.4800033569336,31.188831329345703
2007-06-20,106.31494140625,40.54018020629883,45.801387786865234,64.70999908447266,30.9124698638916
2007-06-21,106.90583801269533,40.90864944458008,45.582279205322266,64.55999755859375,30.969528198242188
2007-06-22,105.89996337890624,40.52303695678711,45.87804412841797,64.77999877929688,31.029617309570312
2007-06-25,105.39341735839844,40.351661682128906,46.13002014160156,64.43000030517578,30.84938240051269
2007-06-26,104.3101806640625,40.12029266357422,46.14097595214844,63.619998931884766,30.939491271972656
2007-06-27,105.79440307617188,40.73727798461914,46.184757232666016,63.66999816894531,30.831361770629883
2007-06-28,105.78034210205078,40.72013854980469,46.17383193969727,64.26000213623047,30.66915702819824
2007-06-29,105.8155288696289,40.7886848449707,46.65033721923828,64.2699966430664,30.582050323486328
2007-07-02,106.77217864990234,41.15717315673828,46.89560317993164,65.0199966430664,30.82167053222656
2007-07-03,107.15906524658205,41.3970947265625,46.60966491699219,64.73999786376953,30.764249801635746
2007-07-05,107.0465316772461,41.69699096679688,46.08732223510742,64.41999816894531,30.65245819091797
2007-07-06,107.60928344726562,41.86839294433594,45.900386810302734,64.95999908447266,30.685688018798828
2007-07-09,107.69364166259766,41.89410781860352,46.06533432006836,65.37999725341797,30.77936363220215
2007-07-10,106.16019439697266,41.54276657104492,46.846099853515625,65.61000061035156,30.69778633117676
2007-07-11,106.91287994384766,41.82553863525391,46.36221694946289,65.44000244140625,30.468151092529297
2007-07-12,108.60108947753906,42.46823120117188,46.20282745361328,66.0199966430664,30.558752059936523
2007-07-13,108.92466735839844,42.75956344604492,46.32925796508789,66.02999877929688,30.685688018798828
2007-07-16,108.9106216430664,42.71672821044922,46.77463150024414,65.81999969482422,30.69778633117676
2007-07-17,108.85426330566406,43.0423469543457,46.67567443847656,65.75,30.734037399291992
2007-07-18,108.65733337402344,42.990943908691406,46.851600646972656,66.62000274658203,30.504371643066406
2007-07-19,109.07935333251952,43.11945724487305,46.84058380126953,67.01000213623047,30.537620544433597
2007-07-20,107.97500610351562,42.88810348510742,47.26396179199219,67.58000183105469,30.459062576293945
2007-07-23,108.30569458007812,42.90525817871094,47.18700408935547,67.47000122070312,30.39257049560547
2007-07-24,106.42749786376952,42.2711296081543,47.36295700073242,67.47000122070312,30.21731948852539
2007-07-25,106.64556121826172,42.33112335205078,47.45638656616211,66.9000015258789,29.930248260498047
2007-07-26,104.12032318115234,41.971221923828125,47.85229110717773,65.6500015258789,29.50722312927246
2007-07-27,102.07331848144533,41.12288665771485,47.98975372314453,65.41000366210938,29.014671325683597
2007-07-30,103.6701202392578,41.602760314941406,47.85229110717773,65.7699966430664,29.295717239379883
2007-07-31,102.50237274169922,40.72872161865234,48.19868850708008,65.79000091552734,29.395416259765625
2007-08-01,103.00183868408205,41.0457649230957,48.0943717956543,65.93000030517578,29.334583282470703
2007-08-02,103.82484436035156,41.42279052734375,48.2158088684082,65.88999938964844,29.50187873840332
2007-08-03,101.15184783935548,40.63445281982422,48.53596115112305,66.69000244140625,29.50187873840332
2007-08-06,102.84709930419922,41.105743408203125,48.18269729614258,66.5199966430664,29.437992095947266
2007-08-07,103.94442749023438,41.3970947265625,48.14405059814453,66.4800033569336,29.647857666015625
2007-08-08,105.39341735839844,41.85123825073242,47.5589714050293,66.7699966430664,29.99760055541992
2007-08-09,102.270263671875,40.88294219970703,47.62518310546875,65.45999908447266,29.967182159423828
2007-08-10,101.7920150756836,40.51446914672852,47.51480865478516,66.56999969482422,29.906373977661133
2007-08-13,102.1577606201172,40.7886848449707,47.65279006958008,66.26000213623047,30.125362396240234
2007-08-14,100.59615325927734,40.09458923339844,47.77974319458008,66.29000091552734,29.891172409057617
2007-08-15,99.2104034423828,39.33196258544922,47.60861206054688,66.12999725341797,30.05843734741211
2007-08-16,99.95606231689452,38.94634628295898,48.09988784790039,64.68000030517578,30.01889419555664
2007-08-17,101.7920150756836,39.68326187133789,47.90672302246094,65.01000213623047,30.323036193847656
2007-08-20,101.74275207519533,39.87178039550781,47.93431854248047,65.12000274658203,30.03412628173828
2007-08-21,101.94670104980467,40.29167938232422,48.1661376953125,65.06999969482422,29.879016876220703
2007-08-22,103.15656280517578,40.84009552001953,48.08884048461914,65.4000015258789,30.110179901123047
2007-08-23,103.06514739990234,40.72872161865234,48.25445175170898,65.30999755859375,30.292621612548828
2007-08-24,104.33831024169922,41.30282211303711,48.49175262451172,66.11000061035156,30.36865997314453
2007-08-27,103.36761474609376,41.02861404418945,48.74574279785156,65.9800033569336,30.56636047363281
2007-08-28,101.09555053710938,40.05173110961914,48.82848739624024,65.58999633789062,30.45989227294922
2007-08-29,103.07920837402344,41.19999313354492,48.6960563659668,66.06999969482422,30.58155632019043
2007-08-30,102.80489349365234,41.41423416137695,49.02169799804688,65.80000305175781,30.645418167114254
2007-08-31,103.81779479980467,41.876949310302734,49.060325622558594,66.5199966430664,30.92218971252441
2007-09-04,104.86593627929688,42.571044921875,49.083621978759766,67.44000244140625,31.13733291625977
2007-09-05,103.95846557617188,42.1425895690918,49.47714614868164,67.55999755859375,31.14958953857422
2007-09-06,104.19768524169922,42.10831832885742,49.34965896606445,68.86000061035156,31.13121795654297
2007-09-07,102.74862670898438,41.32854080200195,50.04801177978516,69.38999938964844,30.77621841430664
2007-09-10,102.55164337158205,41.30282211303711,50.43596649169922,69.62000274658203,30.90780258178711
2007-09-11,103.74747467041016,41.928367614746094,50.39719772338867,70.5199966430664,31.16183090209961
2007-09-12,104.01473999023438,41.93691635131836,50.208770751953125,70.45999908447266,31.30258560180664
2007-09-13,104.74633026123048,42.1425895690918,49.75977325439453,70.08000183105469,31.192419052124023
2007-09-14,104.73925018310548,42.17686080932617,49.83185958862305,69.98999786376953,31.486177444458008
2007-09-17,104.176513671875,41.82553863525391,50.07018661499024,70.97000122070312,31.630023956298828
2007-09-18,107.24343872070312,42.87954330444336,49.69330596923828,71.69999694824219,31.856489181518555
2007-09-19,107.87653350830078,42.990943908691406,49.23328399658203,71.43000030517578,32.465457916259766
2007-09-20,107.1168441772461,42.87096405029297,48.30215072631836,72.72000122070312,31.66980361938477
2007-09-21,107.40592956542967,43.17619323730469,48.71227264404297,72.33999633789062,31.74934196472168
2007-09-24,107.20800018310548,43.37336730957031,48.85086441040039,72.27999877929688,31.96356964111328
2007-09-25,106.9959487915039,43.7849006652832,48.67904281616211,72.33000183105469,32.04009246826172
2007-09-26,107.56141662597656,43.99923706054688,48.723388671875,72.0,31.92379379272461
2007-09-27,108.19747924804688,44.22214889526367,49.06144332885742,72.69999694824219,31.825847625732425
2007-09-28,107.8370590209961,44.07638931274414,49.1722526550293,73.51000213623047,31.825847625732425
2007-10-01,109.05268096923828,44.58222961425781,49.45327377319336,73.9000015258789,31.947498321533203
2007-10-02,108.90423583984376,44.5908203125,49.60910034179688,72.3499984741211,32.00909805297852
2007-10-03,108.68512725830078,44.282169342041016,49.46442031860352,71.9000015258789,31.839723587036133
2007-10-04,108.85477447509766,44.38504409790039,49.65357971191406,72.87000274658203,31.97519302368164
2007-10-05,110.14810180664062,45.2852668762207,49.11946105957031,73.4000015258789,31.993715286254883
2007-10-08,109.56153106689452,45.56818389892578,49.08053207397461,72.52999877929688,32.10148620605469
2007-10-09,110.59341430664062,45.76537322998047,49.01926040649414,73.08999633789062,32.126129150390625
2007-10-10,110.40965270996094,45.87681579589844,49.04708862304688,73.36000061035156,32.098384857177734
2007-10-11,109.8795166015625,45.14809799194336,48.99702453613281,73.91000366210938,32.14456558227539
2007-10-12,110.4873504638672,45.89399337768555,48.75778579711914,74.58999633789062,32.17844772338867
2007-10-15,109.55445098876952,45.54247283935547,48.76887512207031,75.13999938964844,32.33240509033203
2007-10-16,108.68512725830078,45.32813262939453,48.78561401367188,75.12000274658203,32.209232330322266
2007-10-17,109.01730346679688,45.91111755371094,49.31974029541016,74.5,31.8120174407959
2007-10-18,108.62156677246094,46.10832214355469,49.592376708984375,76.0,31.796640396118164
2007-10-19,105.78035736083984,44.95946502685547,50.33238983154297,75.69999694824219,31.654985427856445
2007-10-22,106.39524841308594,45.499603271484375,50.33797073364258,74.5999984741211,31.36244010925293
2007-10-23,107.25750732421876,46.451263427734375,50.27117919921875,75.2300033569336,31.62418937683105
2007-10-24,107.05957794189452,46.0997428894043,50.64396667480469,75.5199966430664,31.62418937683105
2007-10-25,107.31404113769533,45.482452392578125,50.47150802612305,76.02999877929688,31.670351028442383
2007-10-26,108.57205200195312,46.236934661865234,50.35467147827149,77.69000244140625,31.744285583496094
2007-10-29,108.93251037597656,46.42554473876953,50.54943084716797,78.12000274658203,31.839723587036133
2007-10-30,108.17625427246094,46.51984786987305,50.52162170410156,77.3499984741211,31.77812957763672
2007-10-31,109.29998779296876,47.18000030517578,50.06536865234375,78.62000274658203,31.978296279907227
2007-11-01,106.74154663085938,46.29695129394531,50.71583938598633,77.93000030517578,31.77061653137207
2007-11-02,106.86172485351562,46.657012939453125,50.87789535522461,79.83000183105469,31.693161010742188
2007-11-05,106.0489501953125,46.3569564819336,50.855560302734375,79.75,31.67762756347656
2007-11-06,107.47660064697266,46.87992858886719,50.6096305847168,81.43000030517578,31.8419132232666
2007-11-07,104.5364761352539,45.73966598510742,50.6990852355957,82.23999786376953,31.80164337158203
2007-11-08,104.00636291503906,44.35074996948242,50.6096305847168,82.2300033569336,31.39867210388184
2007-11-09,102.57878875732422,42.86752700805664,51.04000854492188,82.18000030517578,31.538162231445312
2007-11-12,101.56099700927734,41.77870559692383,51.22439193725586,78.30000305175781,31.66213035583496
2007-11-13,104.6566162109375,43.50198745727539,51.03438949584961,79.12000274658203,31.538162231445312
2007-11-14,104.36688232421876,42.9447135925293,51.09024810791016,80.27999877929688,31.61564064025879
2007-11-15,102.86145782470705,42.71321105957031,51.57089614868164,77.94999694824219,31.606359481811523
2007-11-16,103.03812408447266,43.10759353637695,51.64353561401367,77.75,31.61564064025879
2007-11-19,101.60343933105467,42.6103401184082,51.97885894775391,77.23999786376953,31.61564064025879
2007-11-20,102.22540283203124,42.78179168701172,51.92294692993164,79.47000122070312,31.30569267272949
2007-11-21,100.13338470458984,42.27596282958984,52.22473907470703,79.36000061035156,30.71676254272461
2007-11-23,101.86491394042967,42.730377197265625,52.38119888305664,81.25,30.657878875732425
2007-11-26,99.617431640625,41.9930419921875,53.41514205932617,81.30000305175781,30.995750427246094
2007-11-27,100.76238250732422,42.833251953125,52.90655517578125,80.0999984741211,31.04223251342773
2007-11-28,103.98518371582033,44.13641357421875,52.54889297485352,79.56999969482422,31.33669853210449
2007-11-29,104.02052307128906,44.32502746582031,53.00150680541992,78.27999877929688,31.49166488647461
2007-11-30,105.06657409667967,43.990665435791016,52.74444961547852,77.31999969482422,31.61875534057617
2007-12-03,104.37393188476562,43.62200546264648,53.163047790527344,78.27999877929688,31.93754768371582
2007-12-04,103.44097900390624,43.44195175170898,53.15745162963867,79.4000015258789,31.81587600708008
2007-12-05,105.17256927490234,44.22214889526367,52.52339553833008,78.62999725341797,31.441577911376957
2007-12-06,106.6779327392578,44.85658645629883,52.06332778930664,79.37000274658203,31.72227668762207
2007-12-07,106.65674591064452,44.86515808105469,51.47979736328125,78.5999984741211,31.706697463989254
2007-12-10,107.48365020751952,45.04520797729492,51.17117691040039,80.0,31.65990829467773
2007-12-11,104.5364761352539,43.99923706054688,52.1755256652832,78.83999633789062,31.62873268127441
2007-12-12,105.56834411621094,44.39361953735352,51.63687515258789,80.48999786376953,31.80028533935547
2007-12-13,105.34923553466795,44.1535530090332,51.07581329345703,78.5,31.78466796875
2007-12-14,104.01346588134766,43.69915390014648,50.84013748168945,78.5199966430664,31.83146476745605
2007-12-17,102.52930450439452,42.63604736328125,51.29459381103516,78.12999725341797,31.65990829467773
2007-12-18,103.10174560546876,42.77322769165039,51.62564468383789,79.25,31.69109916687012
2007-12-19,103.10174560546876,42.76466369628906,52.31023406982422,79.23999786376953,31.847078323364254
2007-12-20,103.75196075439452,43.63913345336914,52.19796752929688,78.66999816894531,31.7784423828125
2007-12-21,105.24759674072266,44.49997329711914,51.4349365234375,80.0999984741211,31.87825584411621
2007-12-24,106.0291748046875,44.83468627929688,51.19362258911133,80.13999938964844,31.76597213745117
2007-12-26,106.25653076171876,45.05782318115234,50.74477767944336,81.5199966430664,31.62559127807617
2007-12-27,104.92079162597656,44.51713180541992,51.29792785644531,81.55999755859375,31.83421897888184
2007-12-28,104.65784454345705,44.47422409057617,52.09789657592773,83.0,31.523666381835938
2007-12-31,103.88341522216795,43.95925521850586,52.413387298583984,82.45999908447266,31.59266662597656
2008-01-02,102.97393798828124,43.26408767700195,53.16823959350586,84.86000061035156,31.210004806518555
2008-01-03,102.92424011230467,43.4443359375,53.09500503540039,85.56999969482422,31.150409698486328
2008-01-04,100.40194702148438,41.539024353027344,53.10629653930664,85.12999725341797,31.11588859558105
2008-01-07,100.3166275024414,41.34162902832031,53.337249755859375,84.7699966430664,30.93082427978516
2008-01-08,98.6967315673828,40.26880645751953,53.2752799987793,86.77999877929688,30.75204086303711
2008-01-09,99.73404693603516,41.12706756591797,53.376712799072266,86.55000305175781,30.416410446166992
2008-01-10,100.38770294189452,41.18715286254883,52.65558242797852,88.25,30.642242431640625
2008-01-11,99.5776824951172,40.38039016723633,53.06684875488281,88.58000183105469,30.708126068115234
2008-01-14,100.3805923461914,41.08415603637695,53.264007568359375,89.54000091552734,30.60147476196289
2008-01-15,98.17091369628906,39.95126724243164,53.86115646362305,87.98999786376953,30.679895401000977
2008-01-16,97.325439453125,39.52213668823242,53.47249603271485,86.69999694824219,30.64537048339844
2008-01-17,94.80311584472656,38.97287368774414,54.16539001464844,86.5,30.42897605895996
2008-01-18,93.8297348022461,38.92137145996094,53.79355239868164,87.41999816894531,30.66733741760254
2008-01-22,92.8776626586914,37.9172248840332,54.3681869506836,88.16999816894531,30.454042434692383
2008-01-23,95.10862731933594,37.77133941650391,54.24424362182617,87.88999938964844,30.51366424560547
2008-01-24,95.9115219116211,38.543739318847656,53.15697479248047,90.08000183105467,30.896337509155277
2008-01-25,94.52600860595705,37.754180908203125,54.05269241333008,90.3000030517578,30.943382263183597
2008-01-28,96.08919525146484,38.04595947265625,53.84986114501953,91.75,30.80221176147461
2008-01-29,96.56520080566406,38.11464691162109,53.48371887207031,91.1500015258789,30.83359718322754
2008-01-30,95.85468292236328,38.080299377441406,53.13444519042969,92.05999755859376,30.95279312133789
2008-01-31,97.60248565673828,38.73257827758789,53.51192092895508,91.4000015258789,31.015522003173828
2008-02-01,99.17272186279295,39.12736511230469,53.83354187011719,89.3499984741211,31.0325870513916
2008-02-04,97.9222412109375,38.578067779541016,53.27952575683594,89.0999984741211,31.03888702392578
2008-02-05,95.30046844482422,37.4795150756836,53.68659210205078,87.68000030517578,30.789411544799805
2008-02-06,94.5331573486328,36.74143981933594,53.52261352539063,88.94999694824219,30.72625541687012
2008-02-07,95.15838623046876,36.99892044067383,52.369407653808594,89.8499984741211,30.596769332885746
2008-02-08,94.54734802246094,37.4194450378418,52.96861267089844,91.0,30.36627769470215
2008-02-11,95.03048706054688,37.82282638549805,53.1890869140625,91.33000183105467,30.12627410888672
2008-02-12,95.9115219116211,37.60825729370117,52.87251663208008,89.33000183105469,30.239938735961918
2008-02-13,96.8919906616211,38.43219375610352,52.31286239624024,89.44000244140625,30.160982131958008
2008-02-14,96.03941345214844,37.73698806762695,51.544063568115234,89.70999908447266,30.30942153930664
2008-02-15,96.01810455322266,37.60825729370117,51.93977355957031,89.1500015258789,30.233623504638672
2008-02-19,96.28807067871094,37.53961563110352,51.4140625,91.58000183105467,30.078872680664062
2008-02-20,96.57231903076172,37.71125030517578,51.77019119262695,93.23999786376952,30.157814025878903
2008-02-21,95.76941680908205,37.35079574584961,52.31855010986328,93.25,30.26204490661621
2008-02-22,96.35912322998048,37.48810195922852,52.0189208984375,93.38999938964844,30.31574821472168
2008-02-25,97.57411193847656,37.67693328857422,51.4875373840332,92.73999786376952,30.40733337402344
2008-02-26,98.30592346191406,37.82282638549805,51.5045051574707,93.70999908447266,30.60311508178711
2008-02-27,98.20646667480467,38.01164245605469,51.54975128173828,94.77999877929688,30.596769332885746
2008-02-28,97.24728393554688,37.86573028564453,52.46548461914063,95.98999786376952,30.55258560180664
2008-02-29,95.08021545410156,36.86158752441406,53.26822662353516,96.18000030517578,30.43572425842285
2008-03-03,94.85287475585938,36.62129592895508,53.13093948364258,97.23999786376952,30.44399642944336
2008-03-04,94.49051666259766,36.8272590637207,52.61460876464844,95.18000030517578,30.40904426574707
2008-03-05,95.08732604980467,37.00749588012695,51.98480987548828,97.72000122070312,30.49483299255371
2008-03-06,93.11919403076172,36.19216537475586,52.26283264160156,96.5,30.415401458740234
2008-03-07,92.1600341796875,36.10634231567383,52.3309440612793,96.08999633789062,30.351825714111328
2008-03-10,90.94508361816406,35.411163330078125,53.1025390625,95.87000274658205,30.281917572021484
2008-03-11,94.2134017944336,36.75859069824219,52.64867401123047,95.98999786376952,30.35819625854492
2008-03-12,93.3323745727539,36.65559768676758,53.66429138183594,97.01000213623048,30.351825714111328
2008-03-13,93.53842163085938,36.9388313293457,53.24446868896485,98.33999633789062,30.138887405395508
2008-03-14,92.08897399902344,36.26082611083984,53.9025993347168,98.70999908447266,29.957744598388672
2008-03-17,91.15823364257812,35.599979400634766,54.31676483154297,99.16999816894533,29.817873001098636
2008-03-18,94.9451904296875,37.18772888183594,54.10686874389648,96.5,30.256479263305664
2008-03-19,92.5934600830078,36.26940536499024,55.00334548950195,93.04000091552734,30.288253784179688
2008-03-20,94.30850219726562,37.010650634765625,55.13952255249024,89.91000366210938,30.431285858154297
2008-03-24,96.19356536865234,38.29045867919922,54.07281112670898,90.0999984741211,30.663299560546875
2008-03-25,96.28639221191406,38.50517272949219,54.29975509643555,92.7300033569336,30.742733001708984
2008-03-26,95.1082763671875,38.39350128173828,54.07281112670898,93.8000030517578,30.669654846191406
2008-03-27,94.80835723876952,37.54317092895508,53.69261169433594,93.45999908447266,30.571142196655277
2008-03-28,93.90152740478516,37.3542366027832,54.21464157104492,91.87999725341795,30.587024688720703
2008-03-31,94.22996520996094,37.5517463684082,54.40755844116211,90.41000366210938,30.723682403564453
2008-04-01,97.54310607910156,39.157936096191406,53.52208709716797,86.86000061035156,30.85870361328125
2008-04-02,97.60731506347656,39.0720329284668,53.63607406616211,89.2699966430664,30.874696731567383
2008-04-03,97.85009002685548,39.157936096191406,53.75577163696289,89.41999816894531,30.82029914855957
2008-04-04,97.74299621582033,39.38984298706055,54.24577331542969,90.25,30.938669204711918
2008-04-07,97.79296112060548,39.30397033691406,53.96086883544922,91.16999816894533,31.18504905700684
2008-04-08,97.69302368164062,39.003326416015625,53.7728157043457,90.3499984741211,31.29064178466797
2008-04-09,96.98613739013672,38.56528854370117,54.33123397827149,92.29000091552734,31.01868057250977
2008-04-10,97.12179565429688,39.114994049072266,54.14886474609375,91.7699966430664,31.13064956665039
2008-04-11,95.23675537109376,38.03276062011719,54.51357269287109,91.3000030517578,30.88106918334961
2008-04-14,94.91545104980467,37.86096954345703,54.19447708129883,91.11000061035156,30.989885330200195
2008-04-15,95.13681030273438,37.91251373291016,53.52208709716797,91.66000366210938,30.986677169799805
2008-04-16,97.7144012451172,38.96898651123047,52.99787902832031,93.2699966430664,31.12103843688965
2008-04-17,97.85723114013672,38.883094787597656,52.906700134277344,92.55999755859376,31.15304946899414
2008-04-18,98.87828826904295,40.119911193847656,52.86111068725586,90.62000274658205,31.36420440673828
2008-04-21,98.92829895019533,40.40336990356445,53.07195281982422,90.25,31.31301689147949
2008-04-22,98.49275207519533,39.80213165283203,53.25430679321289,90.2699966430664,31.35463523864746
2008-04-23,98.33566284179688,40.240177154541016,53.07765197753906,89.22000122070312,31.482595443725582
2008-04-24,98.7640609741211,40.600921630859375,52.62750244140625,87.22000122070312,31.492189407348636
2008-04-25,99.6780014038086,40.497840881347656,52.31979370117188,87.2699966430664,31.642559051513672
2008-04-28,99.69944763183594,40.57515335083008,52.47934341430664,87.69000244140625,31.828134536743164
2008-04-29,99.30667877197266,40.88436126708984,52.67875671386719,85.80999755859375,31.735328674316406
2008-04-30,98.72119140625,40.54938125610352,53.05484771728516,86.6500015258789,31.767311096191406
2008-05-01,100.76331329345705,41.82916259765625,53.05828475952149,83.98999786376953,32.442466735839844
2008-05-02,101.04174041748048,41.8892936706543,52.389190673828125,84.58000183105469,32.114234924316406
2008-05-05,100.5562744140625,41.76902389526367,52.389190673828125,86.2699966430664,32.06275177001953
2008-05-06,101.42737579345705,42.02671813964844,52.01175308227539,86.62999725341797,31.834272384643555
2008-05-07,99.62091064453124,41.26227951049805,52.234806060791016,85.81999969482422,31.856800079345703
2008-05-08,99.3638687133789,41.57147979736328,52.70372772216797,87.23999786376953,31.789213180541992
2008-05-09,99.1781768798828,41.40827178955078,52.89814758300781,87.41999816894531,31.856800079345703
2008-05-12,100.29207611083984,42.16414642333984,52.818119049072266,86.98999786376953,31.8149356842041
2008-05-13,100.3062973022461,42.27580642700195,52.24049377441406,85.38999938964844,31.805315017700195
2008-05-14,100.513427734375,42.18133163452149,52.26339340209961,85.19999694824219,31.7602653503418
2008-05-15,101.77007293701172,42.91998291015625,52.73805618286133,87.0,31.84393310546875
2008-05-16,101.86293029785156,42.954349517822266,52.52073669433594,89.0999984741211,31.88898086547852
2008-05-19,102.1414031982422,42.64512634277344,52.58938217163086,89.38999938964844,32.014461517333984
2008-05-20,101.31316375732422,42.31874465942383,52.86384963989258,90.9000015258789,31.953346252441406
2008-05-21,99.59942626953124,41.38253784179688,52.87530517578125,91.95999908447266,31.895421981811523
2008-05-22,99.61377716064452,41.5285530090332,52.25192260742188,90.9800033569336,31.847131729125977
2008-05-23,98.27852630615234,41.39970779418945,52.48067474365234,91.2300033569336,31.657283782958984
2008-05-27,99.00679779052734,42.12978363037109,52.1260871887207,89.36000061035156,31.48029899597168
2008-05-28,99.46383666992188,42.301570892333984,51.66294097900391,89.13999938964844,31.6347713470459
2008-05-29,99.96360778808594,42.67947769165039,51.29124450683594,86.51000213623047,31.60261344909668
2008-05-30,100.21354675292967,42.954349517822266,51.62859725952149,87.44999694824219,31.60581588745117
2008-06-02,99.1781768798828,42.43039321899414,51.82776641845703,87.95999908447266,31.34475517272949
2008-06-03,98.59981536865234,42.19848251342773,52.20083236694336,86.87999725341797,31.36741828918457
2008-06-04,98.54988861083984,42.7396240234375,51.73590850830078,86.6500015258789,31.335039138793945
2008-06-05,100.52054595947266,43.41815948486328,51.42597198486328,86.44999694824219,31.47108459472656
2008-06-06,97.31458282470705,42.11259460449219,52.09177780151367,89.05999755859375,31.38361358642578
2008-06-09,97.55020904541016,41.8892936706543,52.09177780151367,87.98999786376953,31.483997344970703
2008-06-10,97.06466674804688,41.691741943359375,51.75314712524414,85.55000305175781,31.49699592590332
2008-06-11,95.63662719726562,40.68680191040039,51.632625579833984,87.0199966430664,31.490522384643555
2008-06-12,96.00079345703124,40.72975158691406,51.11603546142578,85.5999984741211,31.43869400024414
2008-06-13,97.21465301513672,41.54573059082031,51.00702667236328,85.83000183105469,31.57793235778809
2008-06-16,97.27175903320312,41.91504669189453,51.01846694946289,87.01000213623047,31.140729904174805
2008-06-17,96.80049896240234,41.691741943359375,51.1218147277832,87.25,31.19577980041504
2008-06-18,95.8580093383789,41.245113372802734,51.55223846435547,88.27999877929688,31.263818740844727
2008-06-19,95.97936248779295,41.8892936706543,51.24807357788086,88.41999816894531,31.066242218017575
2008-06-20,94.42145538330078,40.75815963745117,51.546512603759766,88.94999694824219,30.94314956665039
2008-06-23,94.3281707763672,40.44014739990234,51.65559005737305,87.08999633789062,30.829805374145508
2008-06-24,94.14159393310548,40.23384475708008,51.99996566772461,87.47000122070312,30.70024871826172
2008-06-25,94.58647918701172,40.887088775634766,52.02291488647461,87.41999816894531,30.80389213562012
2008-06-26,92.01748657226562,39.23683166503906,52.37302017211914,90.61000061035156,30.56097984313965
2008-06-27,91.51521301269533,39.23683166503906,52.987152099609375,91.47000122070312,30.47675323486328
2008-06-30,91.83810424804688,38.82426452636719,52.99860763549805,91.4000015258789,30.44436454772949
2008-07-01,92.12515258789062,39.37435531616211,52.87303924560547,92.66000366210938,30.41209602355957
2008-07-02,90.54640197753906,38.42887878417969,53.14955520629883,93.16999816894533,30.38928985595703
2008-07-03,90.63970184326172,38.36011505126953,53.034324645996094,92.05999755859376,30.37623405456543
2008-07-07,89.71400451660156,38.592193603515625,53.27629089355469,91.2300033569336,30.402299880981445
2008-07-08,91.30706024169922,39.511863708496094,53.62187576293945,90.86000061035156,30.32077980041504
2008-07-09,89.54891967773438,38.4632568359375,53.858036041259766,91.5,30.21643829345703
2008-07-10,89.91494750976562,38.91880035400391,53.85230255126953,93.52999877929688,30.25555992126465
2008-07-11,88.86725616455078,38.2999382019043,53.086181640625,95.16000366210938,30.21643829345703
2008-07-14,88.06354522705078,38.01630783081055,53.55275344848633,95.91000366210938,30.144672393798828
2008-07-15,86.82209777832031,38.02488708496094,53.53547668457031,96.16999816894533,29.678319931030277
2008-07-16,88.95337677001953,38.97036743164063,52.56777191162109,94.44000244140624,29.77615547180176
2008-07-17,89.8431625366211,39.22822570800781,52.29705047607422,94.22000122070312,29.86417007446289
2008-07-18,90.40290832519533,38.32574081420898,52.10116958618164,94.16999816894533,30.343618392944336
2008-07-21,90.45309448242188,38.489051818847656,52.30278396606445,95.12000274658205,30.49363899230957
2008-07-22,91.47928619384766,38.489051818847656,52.0435676574707,93.05999755859376,30.59799194335937
2008-07-23,91.97445678710938,38.99618148803711,51.93989562988281,90.56999969482422,30.516450881958008
2008-07-24,90.06563568115234,38.41168975830078,52.4468002319336,91.33000183105467,30.58820343017578
2008-07-25,90.04412841796875,38.91023254394531,51.922584533691406,91.69000244140624,30.653451919555664
2008-07-28,88.7237548828125,38.17962646484375,52.4468002319336,91.7300033569336,30.549081802368164
2008-07-29,90.61820220947266,38.97036743164063,52.23368835449219,90.58999633789062,30.55558013916016
2008-07-30,92.23275756835938,39.168060302734375,52.28555679321289,89.5199966430664,30.562124252319336
2008-07-31,91.0128402709961,39.073524475097656,52.803932189941406,90.08000183105467,30.624099731445312
2008-08-01,90.53209686279295,38.57501220703125,52.92070388793945,89.56999969482422,30.487123489379883
2008-08-04,89.69248962402344,38.1882209777832,52.79929733276367,88.13999938964844,30.276918411254883
2008-08-05,92.1107940673828,39.47747802734375,52.40620803833008,86.08000183105469,30.49040031433105
2008-08-06,92.51981353759766,40.07915496826172,52.1922721862793,86.63999938964844,30.286773681640625
2008-08-07,91.14203643798828,39.76972961425781,53.04210662841797,86.08999633789062,30.25063133239746
2008-08-08,92.8355484008789,40.67220687866211,53.18663024902344,84.43000030517578,30.30317497253418
2008-08-11,93.79714965820312,41.041805267333984,52.67789840698242,81.12999725341797,30.21780014038086
2008-08-12,92.8211898803711,41.08478164672852,53.16934585571289,80.5199966430664,30.336021423339844
2008-08-13,92.261474609375,40.998836517333984,52.98427581787109,81.55999755859375,30.38203239440918
2008-08-14,92.95758056640624,41.4715461730957,53.32539749145508,79.3499984741211,30.38203239440918
2008-08-15,93.40961456298828,41.39418411254883,53.78789520263672,77.62999725341797,30.450986862182617
2008-08-18,92.13230895996094,40.912879943847656,54.001739501953125,78.80000305175781,30.38203239440918
2008-08-19,91.1276626586914,40.40576171875,53.79367446899414,80.43000030517578,30.441137313842773
2008-08-20,91.55104064941406,40.47452163696289,53.94398498535156,80.05999755859375,30.434555053710938
2008-08-21,91.7089385986328,40.28542709350586,53.84569549560547,82.30000305175781,30.39186668395996
2008-08-22,93.03646850585938,40.81830978393555,53.811012268066406,81.08000183105469,30.21780014038086
2008-08-25,91.14920806884766,39.95880126953125,54.34865951538086,80.93000030517578,30.38203239440918
2008-08-26,91.4147491455078,39.9072494506836,54.39488983154297,81.2300033569336,30.21780014038086
2008-08-27,92.3045654296875,40.16510391235352,54.48738861083984,81.36000061035156,30.25063133239746
2008-08-28,93.4239730834961,40.4917221069336,54.493194580078125,82.18000030517578,30.29334259033203
2008-08-29,92.41931915283205,39.64078521728516,54.25040054321289,81.70999908447266,30.34916877746582
2008-09-02,91.84525299072266,39.15087127685547,54.75520706176758,79.19999694824219,30.35578346252441
2008-09-03,91.76634979248048,38.78128433227539,54.98723602294922,78.88999938964844,30.45498275756836
2008-09-04,89.00357818603516,37.52641296386719,55.42821502685547,78.38999938964844,30.5872859954834
2008-09-05,89.28346252441406,37.34589385986328,55.39922332763672,78.9800033569336,30.5607967376709
2008-09-08,91.1276626586914,37.277122497558594,55.63130187988281,78.86000061035156,30.524412155151367
2008-09-09,88.42233276367188,36.48636245727539,56.1825065612793,76.48999786376953,30.590557098388672
2008-09-10,88.7811050415039,36.787200927734375,55.834415435791016,74.22000122070312,30.42192649841309
2008-09-11,90.06563568115234,37.47482299804688,55.80537033081055,73.08000183105469,30.42192649841309
2008-09-12,90.48184967041016,37.328704833984375,55.085880279541016,75.55000305175781,30.42192649841309
2008-09-15,86.17626953125,36.16835403442383,56.87296676635742,77.55999755859375,29.30424118041992
2008-09-16,87.6186294555664,36.45200347900391,56.861366271972656,76.79000091552734,28.629682540893555
2008-09-17,83.67903900146484,34.56107711791992,57.14562225341797,85.45999908447266,26.9101505279541
2008-09-18,86.16191864013672,35.73001480102539,56.310157775878906,82.80000305175781,29.0330867767334
2008-09-19,89.58372497558594,36.89799880981445,54.52309799194336,85.9800033569336,29.40342712402344
2008-09-22,87.55562591552734,35.16062545776367,54.51733016967773,89.18000030517578,29.376991271972656
2008-09-23,85.56355285644531,34.89399719238281,54.308406829833984,88.31999969482422,29.08928871154785
2008-09-24,85.83783721923828,35.13484191894531,54.54626083374024,86.70999908447266,29.350542068481445
2008-09-25,87.18029022216797,35.693885803222656,54.436065673828125,86.44999694824219,28.603212356567383
2008-09-26,87.22360229492188,35.3326416015625,54.830596923828125,86.63999938964844,28.50401496887207
2008-09-29,80.38859558105469,32.52873992919922,56.42618179321289,89.56999969482422,26.195919036865234
2008-09-30,83.71588897705078,33.46623229980469,55.05109024047852,85.06999969482422,27.115196228027344
2008-10-01,83.76641082763672,33.11359024047852,55.74367141723633,85.97000122070312,28.29570579528809
2008-10-02,80.72782897949219,31.608434677124023,56.19181060791016,82.33000183105469,27.55869674682617
2008-10-03,79.63800048828125,31.118183135986328,56.68651580810547,82.58999633789062,27.45866203308105
2008-10-06,75.58175659179688,29.982858657836918,57.71662139892578,84.27999877929688,26.46156120300293
2008-10-07,72.19673156738281,28.08205795288086,57.542022705078125,87.2699966430664,26.01471328735352
2008-10-08,70.3779067993164,27.85842514038086,56.7155876159668,89.41999816894531,24.92755126953125
2008-10-09,65.4627914428711,27.110153198242188,56.23833847045898,89.9000015258789,24.347320556640625
2008-10-10,63.874942779541016,26.938127517700195,55.84259033203125,83.22000122070312,22.72325134277344
2008-10-13,73.14947509765625,30.215085983276367,55.12673568725586,81.98999786376953,25.51114654541016
2008-10-14,72.06681823730469,28.90774345397949,54.77175521850586,82.19999694824219,25.67787170410156
2008-10-15,64.9720458984375,26.318862915039062,55.29551696777344,83.30999755859375,24.55739021301269
2008-10-16,67.6785888671875,27.74661064147949,55.01036834716797,79.29000091552734,23.62700080871582
2008-10-17,67.27442169189453,27.78102302551269,54.63203048706055,77.20999908447266,23.343536376953125
2008-10-20,71.31620025634766,28.555103302001957,55.06856536865234,78.5,23.81041145324707
2008-10-21,69.18702697753906,27.07573699951172,55.35952758789063,76.02999877929688,23.673681259155277
2008-10-22,65.41951751708984,26.327470779418945,56.48280334472656,71.70999908447266,23.476926803588867
2008-10-23,66.17730712890625,26.224260330200195,56.9018440246582,70.6500015258789,23.873767852783203
2008-10-24,62.82120895385742,25.38135528564453,56.29654693603516,72.20999908447266,23.2768497467041
2008-10-27,60.590965270996094,24.676082611083984,56.33731842041016,72.18000030517578,22.092992782592773
2008-10-28,67.67140197753906,27.40258407592773,55.51667785644531,73.79000091552734,22.34309196472168
2008-10-29,67.18058776855469,27.33377456665039,55.23733901977539,74.0,23.3602294921875
2008-10-30,69.50465393066406,28.245473861694336,54.73678970336914,72.70999908447266,24.000492095947266
2008-10-31,69.88716125488281,28.288476943969727,54.02676773071289,71.33999633789062,24.0105037689209
2008-11-03,70.08921813964844,28.2282772064209,54.1728401184082,71.0999984741211,24.20579719543457
2008-11-04,72.47099304199219,29.028156280517575,55.18956756591797,75.4800033569336,24.47850608825684
2008-11-05,69.42523193359375,27.51439476013184,55.84403610229492,72.80000305175781,24.276477813720703
2008-11-06,65.57827758789062,26.284454345703125,55.440799713134766,72.22000122070312,24.276477813720703
2008-11-07,67.7435302734375,26.826318740844727,55.078556060791016,72.5,24.52900695800781
2008-11-10,66.85578918457031,26.46508026123047,55.34736251831055,73.58000183105469,24.53238296508789
2008-11-11,64.79156494140625,25.888816833496094,55.51094055175781,72.05000305175781,24.48861122131348
2008-11-12,61.94064331054688,24.69328117370605,55.86738586425781,70.0,24.14181900024414
2008-11-13,65.80205535888672,26.198450088500977,54.5293083190918,72.1500015258789,24.01386070251465
2008-11-14,62.51805114746094,24.925508499145508,55.61027145385742,73.30000305175781,23.72093772888184
2008-11-17,61.68802261352539,24.400861740112305,55.85570526123047,72.6500015258789,23.353923797607425
2008-11-18,62.85009765625,24.37506103515625,56.574466705322266,72.51000213623047,22.86233139038086
2008-11-19,58.82268524169922,23.10211944580078,58.023563385009766,72.26000213623047,22.081151962280277
2008-11-20,54.456092834472656,21.983985900878903,61.02115631103516,73.44999694824219,21.34714698791504
2008-11-21,57.39362335205078,22.938697814941406,60.138797760009766,78.8499984741211,21.55926513671875
2008-11-24,61.37049865722656,24.34064102172852,59.19802474975586,80.91000366210938,21.65693664550781
2008-11-25,61.8251838684082,24.22883415222168,60.93940734863281,80.87000274658203,21.882503509521484
2008-11-26,64.21415710449219,25.243745803833008,61.02115631103516,80.37999725341797,22.39093589782715
2008-11-28,65.02252960205078,25.045928955078125,61.77494430541992,80.30999755859375,22.306779861450195
2008-12-01,59.26295471191406,23.162322998046875,64.14060974121094,75.6500015258789,21.8466911315918
2008-12-02,61.54371643066406,23.9364013671875,64.38688659667969,76.94999694824219,22.08149719238281
2008-12-03,63.02326965332031,24.615880966186523,64.568603515625,76.18000030517578,22.08489227294922
2008-12-04,61.56534957885742,23.9192008972168,65.84082794189453,75.5,21.95557975769043
2008-12-05,63.46355819702149,24.89111328125,64.77384948730469,74.5199966430664,21.965782165527344
2008-12-08,65.67935180664062,25.871618270874023,64.63307189941406,76.19999694824219,22.22099876403809
2008-12-09,64.59669494628906,25.81140899658203,65.91121673583984,76.33000183105469,22.054275512695312
2008-12-10,65.03697204589844,25.725391387939453,65.75291442871094,79.75,22.037263870239254
2008-12-11,63.47078323364258,25.020124435424805,65.88199615478516,80.6500015258789,21.86710357666016
2008-12-12,64.22863006591797,25.52757835388184,65.88199615478516,80.80999755859375,22.169981002807617
2008-12-15,63.33366394042969,25.08032989501953,66.63240051269531,82.5999984741211,22.054275512695312
2008-12-16,66.3144760131836,26.284454345703125,68.27987670898438,84.45999908447266,22.462621688842773
2008-12-17,65.67211151123047,25.96623039245605,70.1325454711914,85.43000030517578,23.03770637512207
2008-12-18,64.44513702392578,25.510377883911133,71.60417938232422,83.87000274658203,24.37504005432129
2008-12-19,64.16790771484375,25.71968460083008,71.68038940429688,82.62999725341797,24.21172142028809
2008-12-22,63.345680236816406,25.15981674194336,71.1292495727539,83.45999908447266,25.181550979614254
2008-12-23,62.69087600708008,25.03060531616211,71.03543090820312,82.62999725341797,25.54906272888184
2008-12-24,63.0546760559082,25.09951400756836,70.88300323486328,83.45999908447266,25.147518157958984
2008-12-26,63.418487548828125,25.090896606445312,71.1175308227539,85.5999984741211,25.62733268737793
2008-12-29,63.23659133911133,24.884187698364254,71.0322494506836,86.3499984741211,25.80002784729004
2008-12-30,64.73546600341797,25.400983810424805,71.70872497558594,85.9000015258789,25.87883186340332
2008-12-31,65.65953063964844,25.61631965637207,70.20870208740234,86.5199966430664,26.046754837036133
2009-01-02,67.63860321044922,26.727453231811523,68.44390869140625,86.2300033569336,25.96452140808105
2009-01-05,67.55857849121094,26.718849182128903,66.67914581298828,84.4800033569336,27.218713760375977
2009-01-06,68.00971221923828,26.985855102539062,66.00852966308594,85.12999725341797,27.44829559326172
2009-01-07,65.9723892211914,26.219261169433597,66.2673568725586,82.75,26.9514274597168
2009-01-08,66.24163055419922,26.494892120361328,66.21437072753906,84.45999908447266,26.56078147888184
2009-01-09,64.82276153564453,25.90056610107422,66.31438446044922,83.91999816894531,26.9514274597168
2009-01-12,63.265655517578125,25.426830291748047,67.00262451171875,80.76000213623047,26.36543655395508
2009-01-13,63.38210678100586,25.43543815612793,67.07328033447266,80.87999725341797,26.269502639770508
2009-01-14,61.38844299316406,24.660236358642575,68.17913818359375,79.79000091552734,25.933692932128903
2009-01-15,61.41025924682617,25.0650634765625,68.29093933105469,80.38999938964844,25.83086585998535
2009-01-16,61.89049530029297,25.34069061279297,67.23790740966797,82.70999908447266,26.039913177490234
2009-01-20,58.62352752685547,24.083131790161133,67.22618103027344,84.5199966430664,25.59443473815918
2009-01-21,61.15560531616211,25.108129501342773,65.10255432128906,84.1500015258789,25.597843170166016
2009-01-22,60.209716796875,24.772214889526367,63.84955596923828,84.58000183105469,25.529319763183597
2009-01-23,60.47163009643555,24.89279556274414,63.3496208190918,88.52999877929688,25.12154006958008
2009-01-26,60.88638687133789,25.07366943359375,62.79658508300781,88.94999694824219,25.186647415161133
2009-01-27,61.50484848022461,25.25455665588379,64.27313995361328,88.37999725341797,25.419654846191406
2009-01-28,63.58582305908203,26.14173698425293,62.66718673706055,87.41999816894531,26.32090377807617
2009-01-29,61.51940155029297,25.478515625,61.2259635925293,89.5,25.666391372680664
2009-01-30,60.26792144775391,25.03060531616211,61.03181076049805,91.30999755859376,25.78290367126465
2009-02-02,60.08602142333984,25.332077026367188,62.1673583984375,88.83999633789062,25.23357582092285
2009-02-03,60.93004608154297,25.728294372558597,60.686771392822266,88.47000122070312,25.27856063842773
2009-02-04,60.6317253112793,25.76274681091309,60.47443008422852,89.18000030517578,25.257816314697266
2009-02-05,61.53395462036133,26.33123588562012,60.52747344970703,90.12000274658205,25.050121307373047
2009-02-06,63.28752517700195,27.02031135559082,60.3387451171875,89.58999633789062,25.55548858642578
2009-02-09,63.37482452392578,27.132280349731445,60.53340911865234,88.31999969482422,25.75277709960937
2009-02-10,60.47163009643555,26.13312721252441,61.848777770996094,90.20999908447266,25.58315658569336
2009-02-11,60.82817840576172,26.012540817260746,62.651023864746094,92.29000091552734,25.524324417114254
2009-02-12,60.87186050415039,26.33123588562012,62.06118392944336,93.16999816894533,25.44471740722656
2009-02-13,60.21698760986328,26.21064567565918,60.409549713134766,92.5500030517578,25.545101165771484
2009-02-17,57.64125442504883,25.16842269897461,62.29117202758789,95.4499969482422,24.894371032714844
2009-02-18,57.50300216674805,25.18564987182617,61.76032638549805,96.91000366210938,24.745502471923828
2009-02-19,56.88452911376953,24.79804801940918,60.71034622192383,95.7699966430664,24.87011337280273
2009-02-20,56.3315658569336,24.86695098876953,61.30024719238281,97.8000030517578,24.50668334960937
2009-02-23,54.31609344482422,23.996990203857425,61.866477966308594,97.7300033569336,23.89056205749512
2009-02-24,56.37519454956055,24.78943634033203,61.80158233642578,94.7300033569336,24.229766845703125
2009-02-25,55.93136596679688,24.62578773498535,61.087886810302734,93.1500015258789,24.112083435058597
2009-02-26,55.02184677124024,23.93671226501465,60.444923400878906,93.05999755859376,23.6344051361084
2009-02-27,53.79220962524414,23.71276092529297,60.09683609008789,92.62999725341795,23.277877807617188
2009-03-02,51.36927032470703,22.946163177490234,61.091773986816406,90.93000030517578,22.79469871520996
2009-03-03,50.98362731933594,22.92892837524414,60.68368911743164,90.04000091552734,22.885669708251957
2009-03-04,52.19148254394531,23.54048156738281,60.40566635131836,88.98999786376953,22.882173538208008
2009-03-05,50.05955505371094,22.83418273925781,62.08555603027344,91.98999786376952,21.79754066467285
2009-03-06,50.14686584472656,22.653301239013672,61.671485900878906,92.29000091552734,21.692598342895508
2009-03-09,49.55751037597656,22.170948028564453,61.31067657470703,90.56999969482422,21.566619873046875
2009-03-10,52.51162338256836,23.54048156738281,60.13356018066406,88.13999938964844,22.633760452270508
2009-03-11,52.85357666015625,23.902244567871094,60.78419876098633,89.22000122070312,22.994144439697266
2009-03-12,54.934547424316406,24.694679260253903,61.07413101196289,91.0999984741211,23.3754997253418
2009-03-13,55.36381912231445,24.754981994628903,60.76649475097656,91.3000030517578,23.427988052368164
2009-03-16,55.196475982666016,24.341535568237305,59.80820846557617,90.8000030517578,23.56092834472656
2009-03-17,56.88452911376953,25.263166427612305,59.48287582397461,90.04000091552734,23.427988052368164
2009-03-18,58.15787124633789,25.58187484741211,61.73657989501953,93.08999633789062,23.96679306030273
2009-03-19,57.4375228881836,25.56464195251465,61.81345748901367,94.3499984741211,23.756874084472656
2009-03-20,56.21446228027344,25.17553329467773,61.47039413452149,93.58999633789062,23.71139907836914
2009-03-23,60.25229263305664,26.65949058532715,60.93800735473633,92.08000183105467,24.201215744018555
2009-03-24,59.06511306762695,26.16771125793457,61.5177001953125,90.9499969482422,24.246702194213867
2009-03-25,59.68801498413086,26.28849983215332,60.6895866394043,91.9800033569336,24.37615394592285
2009-03-26,60.90445709228516,27.099496841430664,61.39347457885742,91.93000030517578,24.754037857055664
2009-03-27,59.80526351928711,26.590473175048828,61.84891891479492,90.69000244140624,24.502107620239254
2009-03-30,57.73872375488281,25.93476676940918,62.08555603027344,89.9800033569336,23.35450553894043
2009-03-31,58.2736701965332,26.159088134765625,62.52919387817383,90.27999877929688,23.721887588500977
2009-04-01,59.40221405029297,26.547338485717773,63.09986877441406,91.02999877929688,23.759422302246094
2009-04-02,61.13898468017578,27.40146255493164,62.32869338989258,88.80000305175781,24.623390197753903
2009-04-03,61.747215270996094,27.91050338745117,61.05329513549805,87.58999633789062,24.970407485961918
2009-04-06,61.263553619384766,27.84146881103516,60.79225540161133,85.2699966430664,24.88896369934082
2009-04-07,59.834590911865234,27.10812759399414,60.94649124145508,86.73999786376953,24.60215187072754
2009-04-08,60.47945022583008,27.56539535522461,61.4863395690918,86.61000061035156,24.892513275146484
2009-04-09,62.88309860229492,28.41953659057617,60.71519088745117,86.30999755859375,25.60069465637207
2009-04-13,62.89775466918945,28.37640190124512,61.27276611328125,87.87999725341797,25.5830020904541
2009-04-14,61.813175201416016,28.03128433227539,61.593109130859375,87.37000274658203,25.45197868347168
2009-04-15,62.47272872924805,27.95364189147949,61.4863395690918,87.5,25.667972564697266
2009-04-16,63.38874435424805,28.67836570739746,60.9998779296875,85.80999755859375,26.075178146362305
2009-04-17,63.81381607055664,28.73875999450684,60.32954025268555,85.22000122070312,26.6452579498291
2009-04-20,61.13898468017578,27.81559562683105,61.24309921264648,86.94999694824219,25.67148780822754
2009-04-21,62.3334846496582,28.203845977783203,60.6380615234375,86.88999938964844,25.961856842041016
2009-04-22,61.952430725097656,28.290115356445312,60.2702522277832,87.37999725341797,26.08577537536621
2009-04-23,62.560646057128906,28.566207885742188,60.264305114746094,88.80000305175781,26.057470321655277
2009-04-24,63.5059928894043,29.066614151000977,59.659217834472656,89.72000122070312,26.46111297607422
2009-04-27,62.90508270263672,29.101118087768555,59.914329528808594,89.01000213623047,26.25221443176269
2009-04-28,62.70722961425781,28.88543128967285,58.9355583190918,87.75,26.308847427368164
2009-04-29,64.04093933105469,29.282302856445312,58.41355514526367,88.33000183105469,26.79750633239746
2009-04-30,64.06295013427734,29.57565116882324,58.18213272094727,87.2699966430664,27.00641632080078
2009-05-01,64.40734100341797,29.653282165527344,57.78169250488281,86.94999694824219,26.96395492553711
2009-05-04,66.59846496582031,30.23996353149414,57.97210311889648,88.63999938964844,26.89974021911621
2009-05-05,66.37130737304688,30.21408462524414,57.90070724487305,88.25,27.13166046142578
2009-05-06,67.52183532714844,30.222713470458984,57.76383590698242,89.54000091552734,27.35651016235352
2009-05-07,66.58382415771484,29.5152587890625,56.353702545166016,89.44000244140625,26.9068546295166
2009-05-08,68.13742065429688,29.53250503540039,56.49056243896485,89.9800033569336,27.38862419128418
2009-05-11,66.86231231689453,29.636045455932617,57.29376602172852,89.69000244140625,27.24585723876953
2009-05-12,66.66444396972656,29.27367210388184,57.50204086303711,90.6999969482422,27.3529109954834
2009-05-13,64.98625946044922,28.48855400085449,58.12679672241211,91.08999633789062,26.99605369567871
2009-05-14,65.54322814941406,28.807781219482425,58.35292816162109,91.02999877929688,26.710601806640625
2009-05-15,65.0082778930664,28.790525436401367,58.335079193115234,91.5500030517578,26.33589744567871
2009-05-18,66.8549575805664,29.541139602661133,57.43061828613281,90.36000061035156,26.89615821838379
2009-05-19,66.77436065673828,29.679182052612305,57.12718963623047,90.95999908447266,27.07458877563477
2009-05-20,66.32735443115234,29.57565116882324,57.728172302246094,92.25,27.47424697875977
2009-05-21,65.37467956542969,29.032106399536133,56.27629089355469,93.8499984741211,27.12095069885254
2009-05-22,65.23542785644531,28.93720054626465,55.651554107666016,94.1500015258789,27.49565887451172
2009-05-26,66.9062728881836,30.01565742492676,54.81258773803711,93.76000213623048,27.424301147460938
2009-05-27,65.71178436279297,29.80858421325684,53.84268569946289,93.4499969482422,27.47424697875977
2009-05-28,66.62779998779297,30.153709411621094,54.62216567993164,94.23999786376952,27.57060432434082
2009-05-29,67.80763244628906,30.52467918395996,56.03235626220703,96.1999969482422,27.777587890625
2009-06-01,69.44915008544922,31.39606666564941,54.37584686279297,95.7300033569336,28.434892654418945
2009-06-02,69.50779724121094,31.439228057861328,54.6683349609375,96.36000061035156,28.352052688598636
2009-06-03,68.62838745117188,31.34432411193848,55.18168258666992,94.41000366210938,28.18998336791992
2009-06-04,69.27326965332031,31.69805335998535,54.04156875610352,96.2300033569336,28.27639389038086
2009-06-05,69.28791809082031,31.732553482055664,53.629638671875,93.70999908447266,28.366453170776367
2009-06-08,69.00213623046875,31.63765335083008,53.492374420166016,93.55999755859376,28.4168701171875
2009-06-09,69.35386657714844,31.87923622131348,53.48637008666992,93.83000183105467,28.47089385986328
2009-06-10,69.17799377441406,31.76708030700684,52.64468765258789,93.86000061035156,28.506916046142575
2009-06-11,69.48579406738281,31.76708030700684,53.22967529296875,93.6999969482422,28.57173728942871
2009-06-12,69.67630767822266,31.62040138244629,53.70728302001953,92.16999816894533,28.71941375732422
2009-06-15,68.07875061035156,30.973318099975582,54.19077682495117,91.0999984741211,28.294410705566406
2009-06-16,67.15543365478516,30.671350479125977,55.13394546508789,91.93000030517578,28.0242977142334
2009-06-17,67.08943939208984,30.96469497680664,54.82352066040039,92.3499984741211,27.862213134765625
2009-06-18,67.58045196533203,30.904306411743164,53.99380111694336,91.61000061035156,28.12874984741211
2009-06-19,67.82957458496094,31.236026763916016,54.734004974365234,91.9000015258789,28.15754508972168
2009-06-22,65.7955322265625,30.30309295654297,55.26529312133789,90.54000091552734,27.77578353881836
2009-06-23,65.84712219238281,30.233976364135746,55.91598129272461,90.91999816894533,27.822589874267575
2009-06-24,66.41459655761719,30.743635177612305,55.35480880737305,91.4499969482422,27.963058471679688
2009-06-25,67.85903930664062,31.348312377929688,56.36960220336914,92.30999755859376,28.229581832885746
2009-06-26,67.68213653564453,31.41740226745605,56.46512985229492,92.29000091552734,28.222389221191406
2009-06-29,68.31595611572266,31.48651885986328,56.54869842529297,92.04000091552734,28.575345993041992
2009-06-30,67.76321411132812,31.42605972290039,56.45319747924805,91.18000030517578,28.70862197875977
2009-07-01,68.04328918457031,31.44333267211914,56.34123992919922,92.38999938964844,28.779468536376957
2009-07-02,66.18612670898438,30.75226402282715,56.47294998168945,91.25,28.277910232543945
2009-07-06,66.17875671386719,30.588132858276367,56.36516189575195,90.76000213623048,27.85626602172852
2009-07-07,64.8964614868164,29.827970504760746,56.74245071411133,90.70999908447266,27.467363357543945
2009-07-08,64.85221862792969,29.98345947265625,57.79045867919922,89.2699966430664,27.63453865051269
2009-07-09,64.97750854492188,30.035295486450195,57.10176849365234,89.51000213623047,28.030742645263672
2009-07-10,64.82276153564453,30.164878845214844,57.62876892089844,89.58000183105469,27.816301345825195
2009-07-13,66.39986419677734,30.743635177612305,57.30537796020508,90.19000244140624,27.878076553344727
2009-07-14,66.77568817138672,30.855945587158203,56.35318756103516,90.80999755859376,27.98710250854492
2009-07-15,68.72862243652344,31.892534255981445,54.90395736694336,92.23999786376952,28.60501289367676
2009-07-16,68.61809539794922,32.27262115478516,55.49677658081055,91.9800033569336,28.69223976135254
2009-07-17,69.36976623535156,32.44537353515625,54.64041519165039,91.93000030517578,28.71767807006836
2009-07-20,70.10673522949219,32.7563591003418,54.92790603637695,93.27999877929688,29.11751937866211
2009-07-21,70.43101501464844,32.980934143066406,56.02383804321289,93.12999725341795,29.25927352905273
2009-07-22,70.4162826538086,33.25737380981445,55.520751953125,93.44000244140624,29.29561996459961
2009-07-23,71.97126770019531,33.99161911010742,54.50270080566406,93.26000213623048,29.593656539916992
2009-07-24,72.26602935791016,33.732479095458984,54.76617813110352,93.41000366210938,29.768142700195312
2009-07-27,72.47975158691406,33.99161911010742,54.13737487792969,93.70999908447266,29.822633743286133
2009-07-28,72.14073944091797,33.75838088989258,54.61650848388672,92.11000061035156,29.855356216430664
2009-07-29,71.96387481689453,33.98298263549805,54.91592788696289,91.1999969482422,29.957109451293945
2009-07-30,72.71558380126953,34.181671142578125,55.69445037841797,91.62000274658205,30.20428466796875
2009-07-31,72.81873321533203,34.078006744384766,56.778358459472656,93.3499984741211,30.694944381713867
2009-08-03,74.0199966430664,34.58766555786133,55.91794967651367,93.87000274658205,30.75322914123535
2009-08-04,74.21157836914062,34.58766555786133,55.47328186035156,94.68000030517578,30.6872615814209
2009-08-05,73.99789428710938,34.319881439208984,54.64410018920898,94.77999877929688,30.58831596374512
2009-08-06,73.61466979980469,34.017539978027344,54.830326080322266,94.5999984741211,30.34636688232422
2009-08-07,74.58007049560547,34.44944763183594,54.37367248535156,93.75,30.558988571166992
2009-08-10,74.42530059814453,34.20758438110352,55.05264663696289,92.93000030517578,30.698291778564453
2009-08-11,73.49677276611328,33.91387939453125,55.68959426879883,92.79000091552734,30.624948501586918
2009-08-12,74.28529357910156,34.44082260131836,55.0947151184082,92.9499969482422,30.5479793548584
2009-08-13,74.85277557373047,34.630859375,55.87586975097656,93.72000122070312,30.15946388244629
2009-08-14,74.27793884277344,34.23349380493164,56.09217071533203,93.0,30.009138107299805
2009-08-17,72.45024871826172,33.24009323120117,56.92138671875,91.61000061035156,29.27605628967285
2009-08-18,73.02511596679688,33.7151985168457,56.59088134765625,92.05999755859376,29.78190803527832
2009-08-19,73.66626739501953,33.94844055175781,57.0595703125,92.52999877929688,29.90287399291992
2009-08-20,74.42530059814453,34.345794677734375,57.52824401855469,92.2699966430664,29.81122398376465
2009-08-21,75.88448333740234,34.80362319946289,56.34457015991211,93.6500015258789,30.21808242797852
2009-08-24,75.87715148925781,34.76908874511719,57.36608123779297,92.33999633789062,30.06046485900879
2009-08-25,76.02452087402344,34.87270736694336,57.69051742553711,92.76000213623048,30.056812286376957
2009-08-26,76.0318603515625,34.81226348876953,57.95487976074219,92.79000091552734,30.17409896850586
2009-08-27,76.2013931274414,34.89863967895508,57.72657775878906,93.19000244140624,30.020160675048828
2009-08-28,76.1866455078125,34.933189392089844,57.99093627929688,93.87000274658205,30.170425415039062
2009-08-31,75.5086441040039,34.579044342041016,58.04500198364258,93.4000015258789,30.17409896850586
2009-09-01,73.8431396484375,33.931156158447266,57.90456008911133,93.9000015258789,29.890535354614254
2009-09-02,73.56307220458984,33.9052619934082,58.748477935791016,96.19000244140624,29.731557846069336
2009-09-03,74.17475891113281,34.12983703613281,58.38682174682617,97.45999908447266,29.92381477355957
2009-09-04,75.21383666992188,34.86409378051758,57.39218521118164,97.52999877929688,30.15302276611328
2009-09-08,75.8624038696289,35.192344665527344,56.98835754394531,97.43000030517578,30.58187484741211
2009-09-09,76.444580078125,35.49469375610352,56.92203140258789,97.08000183105467,30.293533325195312
2009-09-10,77.22572326660156,35.83158493041992,57.97091293334961,97.6999969482422,30.76303482055664
2009-09-11,77.2110366821289,35.866111755371094,58.2903938293457,98.77999877929688,31.055089950561523
2009-09-14,77.58686828613281,36.00434494018555,57.71169662475586,97.95999908447266,31.09206199645996
2009-09-15,77.91116333007812,36.11665725708008,57.416316986083984,98.9000015258789,31.31390190124512
2009-09-16,79.09024047851562,36.64357376098633,57.518829345703125,99.91000366210938,31.716869354248047
2009-09-17,78.97233581542969,36.63492965698242,58.24216842651367,99.33999633789062,31.7723331451416
2009-09-18,79.02269744873047,36.69632339477539,57.72372055053711,98.66999816894533,31.68358039855957
2009-09-21,78.8227767944336,36.80873107910156,57.85633087158203,98.36000061035156,31.702083587646484
2009-09-22,79.2818374633789,36.87789916992188,57.9769172668457,99.66999816894533,31.665117263793945
2009-09-23,78.62284088134766,36.7049674987793,58.15174865722656,98.83000183105467,31.7612419128418
2009-09-24,77.75651550292969,36.37640380859375,58.32048034667969,97.5500030517578,31.820392608642575
2009-09-25,77.34182739257812,36.05647659301758,59.06198120117188,97.0,31.716869354248047
2009-09-28,78.72651672363281,36.67038345336914,59.580413818359375,97.0500030517578,31.96829414367676
2009-09-29,78.48956298828125,36.50609588623047,59.52613067626953,97.43000030517578,31.93130111694336
2009-09-30,78.18598937988281,36.53204345703125,59.47188186645508,98.8499984741211,31.92392921447754
2009-10-01,76.24592590332031,35.45121765136719,60.28632354736328,97.88999938964844,31.083362579345703
2009-10-02,75.89051055908203,35.34744644165039,59.86911392211914,98.37000274658205,31.09454917907715
2009-10-05,77.0234146118164,35.632774353027344,59.87517547607422,99.81999969482422,31.51201820373535
2009-10-06,78.12674713134766,36.26399612426758,59.28256988525391,102.27999877929688,31.403921127319336
2009-10-07,78.34146881103516,36.367767333984375,59.97801971435547,102.36000061035156,31.635019302368164
2009-10-08,78.9412612915039,36.52339172363281,59.3491439819336,103.63999938964844,31.836315155029297
2009-10-09,79.42255401611328,36.730918884277344,57.988563537597656,102.83999633789062,31.95932388305664
2009-10-12,79.73356628417969,36.80873107910156,58.07929611206055,103.55999755859376,31.95189094543457
2009-10-13,79.57063293457031,36.81736755371094,58.38164138793945,104.26000213623048,31.944395065307617
2009-10-14,80.94048309326172,37.31888198852539,57.5169563293457,104.18000030517578,32.07114028930664
2009-10-15,81.23670196533203,37.23241424560547,57.25086975097656,102.86000061035156,32.06368637084961
2009-10-16,80.6295166015625,36.99032211303711,57.71647262573242,103.18000030517578,32.059967041015625
2009-10-19,81.29595947265625,37.362117767333984,58.16997909545898,104.2300033569336,32.06742858886719
2009-10-20,80.86643981933594,37.37076950073242,58.484466552734375,103.41999816894533,32.12705612182617
2009-10-21,80.14079284667969,37.30160903930664,58.1336669921875,103.75,32.182960510253906
2009-10-22,80.9553451538086,37.44858551025391,57.849517822265625,103.91999816894533,32.428977966308594
2009-10-23,80.02973937988281,37.29294204711914,57.4141731262207,103.48999786376952,32.3730583190918
2009-10-26,79.16340637207031,37.17187881469727,56.67041778564453,101.86000061035156,32.39169692993164
2009-10-27,78.8005599975586,36.60986709594727,57.44440078735352,101.8499984741211,32.138240814208984
2009-10-28,77.31222534179688,35.7884407043457,57.71647262573242,100.7300033569336,31.608945846557617
2009-10-29,78.9708480834961,36.39371109008789,57.08763122558594,102.69000244140624,32.05250930786133
2009-10-30,76.68282318115234,35.4166259765625,57.916011810302734,102.52999877929688,31.750568389892575
2009-11-02,77.24555969238281,35.56361770629883,57.66006088256836,103.9499969482422,31.999774932861328
2009-11-03,77.48991394042969,35.67601013183594,57.083763122558594,106.45999908447266,32.07118606567383
2009-11-04,77.68985748291016,35.73655700683594,56.56200408935547,107.0999984741211,32.120025634765625
2009-11-05,79.11896514892578,36.618499755859375,56.56200408935547,106.9800033569336,32.1463508605957
2009-11-06,79.32627868652344,36.83467864990234,56.61662673950195,107.43000030517578,32.176422119140625
2009-11-09,81.1330337524414,37.62150955200195,56.683372497558594,108.19000244140624,32.30421829223633
2009-11-10,81.14781951904297,37.71662902832031,56.58024215698242,108.38999938964844,32.29293441772461
2009-11-11,81.56251525878906,37.958740234375,56.816802978515625,109.5999984741211,32.31172180175781
2009-11-12,80.73318481445312,37.74257278442383,56.71372985839844,108.20999908447266,32.349308013916016
2009-11-13,81.17005157470703,38.0538444519043,56.97454833984375,109.73999786376952,32.285438537597656
2009-11-16,82.34740447998047,38.44294738769531,57.64180374145508,111.62999725341795,32.435752868652344
2009-11-17,82.44367218017578,38.564002990722656,57.95120620727539,111.97000122070312,32.42824935913086
2009-11-18,82.391845703125,38.34783935546875,57.61149978637695,112.25,32.34556198120117
2009-11-19,81.31815338134766,37.75122833251953,57.714637756347656,112.3000030517578,32.41323471069336
2009-11-20,81.02932739257812,37.56098175048828,57.70249557495117,112.94000244140624,32.40570068359375
2009-11-23,82.05863952636719,38.166259765625,57.62971496582031,114.29000091552734,32.37186050415039
2009-11-24,82.18450927734375,38.03657150268555,57.99370574951172,114.7300033569336,32.3906364440918
2009-11-25,82.47328186035156,38.20083618164063,58.26056289672852,116.62000274658205,32.40570068359375
2009-11-27,81.1330337524414,37.62150955200195,58.47899627685547,115.05999755859376,32.18016815185547
2009-11-30,81.40701293945312,37.66475677490234,58.61852645874024,115.63999938964844,32.285438537597656
2009-12-01,82.41404724121094,38.0538444519043,57.96553039550781,117.37999725341795,32.445167541503906
2009-12-02,82.37700653076172,38.105716705322266,58.0141830444336,119.18000030517578,32.479251861572266
2009-12-03,81.73280334472656,37.95008087158203,57.41170883178711,118.6999969482422,32.52092361450195
2009-12-04,82.19930267333984,38.14895248413086,56.80311965942383,113.75,32.65339279174805
2009-12-07,82.07341003417969,37.96738815307617,56.87614822387695,113.11000061035156,32.695037841796875
2009-12-08,81.16265869140625,37.73393630981445,56.9614143371582,110.9499969482422,32.73290252685547
2009-12-09,81.46623992919922,38.1143684387207,56.69967269897461,110.83999633789062,32.73290252685547
2009-12-10,81.92534637451172,38.30459976196289,56.04851531982422,110.81999969482422,32.89569854736328
2009-12-11,82.27334594726562,38.15761947631836,56.042442321777344,109.31999969482422,32.91463088989258
2009-12-14,82.83611297607422,38.52077865600586,56.1093978881836,110.23999786376952,33.179630279541016
2009-12-15,82.4510498046875,38.30459976196289,55.8598861694336,110.20999908447266,33.14558410644531
2009-12-16,82.57695770263672,38.35648727416992,55.792964935302734,111.58999633789062,33.22129440307617
2009-12-17,81.58472442626953,37.88956069946289,56.71185302734375,107.33999633789062,33.20235061645508
2009-12-18,82.0462875366211,38.507110595703125,56.46847152709961,108.9499969482422,33.18342208862305
2009-12-21,82.88005828857422,38.94014739990234,55.4643669128418,106.9499969482422,33.2818717956543
2009-12-22,83.17784881591797,39.17400741577149,55.1539421081543,106.16999816894533,33.35381317138672
2009-12-23,83.34162139892578,39.45983123779297,55.16615295410156,106.5500030517578,33.43330383300781
2009-12-24,83.73616790771484,39.823577880859375,54.59407424926758,108.36000061035156,33.5582275390625
2009-12-28,83.91484069824219,40.03144454956055,54.44194030761719,108.5500030517578,33.45978927612305
2009-12-29,83.79574584960938,39.86689376831055,54.80104446411133,107.47000122070312,33.28068923950195
2009-12-30,83.76598358154297,39.98813247680664,55.161415100097656,106.93000030517578,33.421688079833984
2009-12-31,82.96197509765625,39.6243782043457,54.89878845214844,107.30999755859376,33.47504806518555
2010-01-04,84.36898040771484,40.20466232299805,54.84990310668945,109.8000030517578,33.73800277709961
2010-01-05,84.59233856201172,40.20466232299805,55.20415115356445,109.6999969482422,33.89807891845703
2010-01-06,84.65187072753906,39.962158203125,54.46512222290039,111.51000213623048,33.98571014404297
2010-01-07,85.00920867919922,39.98813247680664,54.5567741394043,110.81999969482422,34.12289810180664
2010-01-08,85.29209899902344,40.317264556884766,54.532352447509766,111.37000274658205,34.176273345947266
2010-01-11,85.41118621826172,40.1526985168457,54.23307800292969,112.8499984741211,34.14576721191406
2010-01-12,84.6146240234375,39.65036392211914,55.161415100097656,110.48999786376952,33.970455169677734
2010-01-13,85.32931518554688,40.144039154052734,54.520111083984375,111.54000091552734,34.04669570922852
2010-01-14,85.56009674072266,40.17869567871094,55.28354263305664,112.02999877929688,34.08478927612305
2010-01-15,84.5997543334961,39.71100616455078,55.62554931640625,110.86000061035156,33.947608947753906
2010-01-19,85.65689086914062,40.351898193359375,55.466739654541016,111.5199966430664,33.962833404541016
2010-01-20,84.7858657836914,39.77162170410156,56.02860641479492,108.94000244140624,33.91328048706055
2010-01-21,83.15550994873047,39.39917755126953,56.28517150878906,107.37000274658205,33.38358688354492
2010-01-22,81.30183410644531,38.24726486206055,56.18745422363281,107.16999816894533,33.067291259765625
2010-01-25,81.71871185302734,38.37716674804688,55.930912017822266,107.4800033569336,33.11681365966797
2010-01-26,81.37627410888672,38.41183853149414,55.94921112060547,107.55999755859376,33.158729553222656
2010-01-27,81.76335906982422,38.7149658203125,55.91872787475586,106.52999877929688,33.17018508911133
2010-01-28,80.82537841796875,37.71893310546875,55.88816833496094,106.4800033569336,33.029170989990234
2010-01-29,79.94691467285156,37.06068420410156,56.37673568725586,105.95999908447266,32.86148834228516
2010-02-01,81.19014739990234,37.467769622802734,55.86498260498047,108.3499984741211,33.02010726928711
2010-02-02,82.1728286743164,37.80555725097656,56.02431488037109,109.12999725341795,33.11997604370117
2010-02-03,81.76335906982422,38.013404846191406,55.37467575073242,108.6999969482422,33.288944244384766
2010-02-04,79.2397232055664,36.913455963134766,56.251121520996094,104.37000274658205,32.816558837890625
2010-02-05,79.40347290039062,37.22526168823242,56.373626708984375,104.68000030517578,32.62456130981445
2010-02-08,78.83023071289062,36.95677185058594,56.44723892211914,104.04000091552734,32.482421875
2010-02-09,79.82035827636719,37.33784866333008,55.88340759277344,105.41000366210938,32.547733306884766
2010-02-10,79.6640396118164,37.25991439819336,55.35016250610352,105.12000274658205,32.10991668701172
2010-02-11,80.497802734375,37.822879791259766,55.049800872802734,107.12999725341795,32.24050521850586
2010-02-12,80.4308090209961,37.90081024169922,55.2765998840332,107.04000091552734,32.22128677368164
2010-02-16,81.6964111328125,38.38584899902344,55.38078308105469,109.62000274658205,32.5400390625
2010-02-17,82.08353424072266,38.60238265991211,54.74951934814453,109.25,32.789669036865234
2010-02-18,82.5673828125,38.84488296508789,54.52888870239258,109.9800033569336,33.100730895996094
2010-02-19,82.73860931396484,38.82755661010742,54.82307052612305,109.47000122070312,33.32352066040039
2010-02-22,82.75350952148438,38.74961471557617,54.59625625610352,109.06999969482422,33.36573028564453
2010-02-23,81.74851989746094,38.24726486206055,55.44822311401367,107.88999938964844,33.123779296875
2010-02-24,82.50041198730469,38.63700866699219,55.58306884765625,107.36000061035156,33.25049591064453
2010-02-25,82.38871002197266,38.62833786010742,55.89557647705078,108.30999755859376,33.25437927246094
2010-02-26,82.44083404541016,38.76692962646485,56.18367385864258,109.43000030517578,33.47711563110352
2010-03-01,83.29695892333984,39.32991027832031,56.15908432006836,109.43000030517578,33.50266647338867
2010-03-02,83.52774047851562,39.451148986816406,56.08528900146485,111.0199966430664,33.71929931640625
2010-03-03,83.60220336914062,39.49446487426758,55.94390869140625,111.62999725341795,33.754150390625
2010-03-04,83.85530090332031,39.6243782043457,56.23904037475586,110.83000183105467,33.781211853027344
2010-03-05,85.05388641357422,40.22199249267578,55.50120162963867,110.80999755859376,33.98240661621094
2010-03-08,85.06873321533203,40.29993438720703,55.21223831176758,109.87999725341795,33.99015426635742
2010-03-09,85.210205078125,40.525123596191406,55.22453308105469,109.72000122070312,34.13715362548828
2010-03-10,85.58989715576172,40.8542366027832,55.083106994628906,108.47000122070312,34.148807525634766
2010-03-11,85.94721984863281,41.0101432800293,55.2860221862793,108.5999984741211,34.11783981323242
2010-03-12,85.95465850830078,41.01881408691406,55.63032531738281,107.9499969482422,34.12556838989258
2010-03-15,85.97699737548828,40.914886474609375,55.55654144287109,108.36000061035156,34.086883544921875
2010-03-16,86.6618881225586,41.17470932006836,55.99920272827149,110.4000015258789,34.20294189453125
2010-03-17,87.1755599975586,41.28731536865234,56.23904037475586,109.58999633789062,34.20294189453125
2010-03-18,87.13092041015625,41.42587661743164,56.05458068847656,110.33999633789062,34.25326156616211
2010-03-19,86.68986511230469,41.1753044128418,56.10990905761719,108.27999877929688,34.083030700683594
2010-03-22,87.1533432006836,41.54812240600586,56.1713752746582,107.75,34.24552536010742
2010-03-23,87.76631164550781,41.834259033203125,55.907012939453125,108.31999969482422,34.24167251586914
2010-03-24,87.34020233154297,41.63484573364258,54.88638687133789,106.3000030517578,34.22231674194336
2010-03-25,87.19817352294922,41.57413864135742,54.53588485717773,106.77999877929688,34.303565979003906
2010-03-26,87.1458511352539,41.61749649047852,54.68960952758789,108.58999633789062,34.29190444946289
2010-03-29,87.69898986816406,41.81690979003906,54.48063278198242,108.75,34.334510803222656
2010-03-30,87.75881958007812,41.95562744140625,54.65273666381836,107.97000122070312,34.2996940612793
2010-03-31,87.4598159790039,41.75621032714844,55.02783203125,108.9499969482422,34.191375732421875
2010-04-01,88.05784606933594,41.75621032714844,54.89324951171875,110.26000213623048,34.10872268676758
2010-04-05,88.77545166015625,42.14638137817383,53.97990417480469,110.88999938964844,34.09313201904297
2010-04-06,88.98472595214844,42.26775360107422,54.06630706787109,111.02999877929688,34.3152961730957
2010-04-07,88.47640991210938,42.163719177246094,54.75750732421875,112.48999786376952,34.3659782409668
2010-04-08,88.78292846679688,42.25909423828125,54.78216171264648,112.6500015258789,34.42445755004883
2010-04-09,89.36599731445312,42.51051712036133,54.91179275512695,113.63999938964844,34.47513198852539
2010-04-12,89.50798034667969,42.54522705078125,55.20182800292969,113.01000213623048,34.48292541503906
2010-04-13,89.5753173828125,42.76197052001953,55.38076019287109,112.69000244140624,34.57648086547852
2010-04-14,90.59187316894533,43.273529052734375,54.99199676513672,113.02999877929688,34.67005157470703
2010-04-15,90.66667175292967,43.46428680419922,55.05371856689453,113.6500015258789,34.76360321044922
2010-04-16,89.22393798828125,42.94404220581055,55.45485305786133,111.23999786376952,34.48292541503906
2010-04-19,89.56037139892578,42.91803359985352,55.31907653808594,111.1500015258789,34.41666030883789
2010-04-20,90.36019897460938,43.134796142578125,55.51652145385742,111.45999908447266,34.7869987487793
2010-04-21,90.19573974609376,43.3775634765625,55.973236083984375,112.30999755859376,34.79087829589844
2010-04-22,90.46481323242188,43.620338439941406,55.80659866333008,111.83999633789062,34.68954086303711
2010-04-23,91.05538940429688,43.80240249633789,55.60914611816406,113.19000244140624,34.9156494140625
2010-04-26,90.7115249633789,43.7070426940918,55.67084884643555,112.75,34.9156494140625
2010-04-27,88.56613159179688,42.779296875,56.45459365844727,114.62999725341795,34.47513198852539
2010-04-28,89.2389144897461,42.8053092956543,55.973236083984375,114.30999755859376,34.49852752685547
2010-04-29,90.34520721435548,43.55097579956055,56.207706451416016,114.27999877929688,34.736328125
2010-04-30,88.81282043457031,42.6926155090332,56.85573196411133,115.36000061035156,34.849361419677734
2010-05-03,89.96398162841797,43.29086685180664,56.78140258789063,115.7300033569336,34.845428466796875
2010-05-04,87.84850311279297,41.99031829833984,57.80318832397461,114.87000274658205,34.48815155029297
2010-05-05,87.32522583007812,41.7735595703125,58.14380645751953,115.08999633789062,34.0169563293457
2010-05-06,84.42491149902344,40.37763595581055,59.939720153808594,118.48999786376952,33.1728401184082
2010-05-07,83.16902923583984,39.37187957763672,59.19038009643555,118.2699966430664,33.16893768310547
2010-05-10,86.83190155029297,41.418087005615234,57.96424865722656,117.56999969482422,33.78926086425781
2010-05-11,86.58521270751953,41.37471771240234,57.8155632019043,120.66000366210938,33.75000762939453
2010-05-12,87.79617309570312,42.15504455566406,57.37593460083008,121.4000015258789,34.162254333496094
2010-05-13,86.7048110961914,41.48744201660156,57.75364685058594,120.55999755859376,33.95024108886719
2010-05-14,85.13500213623047,40.68976974487305,58.75689697265625,120.37000274658205,33.75394058227539
2010-05-17,85.17986297607422,40.819820404052734,58.54011154174805,119.36000061035156,33.71074295043945
2010-05-18,84.02120208740234,40.25625228881836,59.438087463378906,119.48999786376952,33.64008331298828
2010-05-19,83.54276275634766,39.93545913696289,59.63629150390625,116.62999725341795,33.44377517700195
2010-05-20,80.38829040527344,38.45283889770508,60.89341735839844,115.83999633789062,32.44648742675781
2010-05-21,81.56185150146484,38.87768173217773,60.95532989501953,115.22000122070312,33.09823989868164
2010-05-24,80.51537322998047,38.72161483764648,60.744720458984375,116.83999633789062,33.1492805480957
2010-05-25,80.59757995605469,38.75628662109375,61.04197692871094,117.36000061035156,33.11005401611328
2010-05-26,80.1116943359375,38.32277297973633,60.868629455566406,118.47000122070312,32.71348571777344
2010-05-27,82.7952651977539,39.77071762084961,59.48762130737305,118.69000244140624,33.165016174316406
2010-05-28,81.75623321533203,39.53662490844727,59.76011657714844,118.87999725341795,33.2199592590332
2010-06-01,80.38079071044922,39.172462463378906,60.18014144897461,119.91000366210938,33.06288146972656
2010-06-02,82.47383117675781,40.10019302368164,59.60855484008789,119.77999877929688,33.2330207824707
2010-06-03,82.75790405273438,40.481666564941406,59.17352294921875,117.95999908447266,33.24489974975586
2010-06-04,79.85009002685547,39.094425201416016,60.764259338378906,119.19000244140624,33.058921813964844
2010-06-07,78.85585021972656,38.38346099853516,61.23028945922852,121.48999786376952,32.82947540283203
2010-06-08,79.70057678222656,38.31410217285156,60.92580795288086,121.0,32.88091278076172
2010-06-09,79.27447509765625,37.993289947509766,60.857452392578125,120.55999755859376,32.952110290527344
2010-06-10,81.59178161621094,39.07708740234375,59.770050048828125,118.97000122070312,33.28841018676758
2010-06-11,81.98796081542969,39.44991683959961,60.52814102172852,120.01000213623048,33.33586883544922
2010-06-14,81.86090850830078,39.44123458862305,60.2174186706543,119.5999984741211,33.37939453125
2010-06-15,83.72222900390625,40.4990119934082,59.9688835144043,120.98999786376952,33.703826904296875
2010-06-16,83.69232177734375,40.663761138916016,60.310638427734375,120.33000183105467,33.73149871826172
2010-06-17,83.82685089111328,40.79380035400391,60.801570892333984,121.9000015258789,33.98472595214844
2010-06-18,83.9177474975586,40.82767868041992,60.70213317871094,122.83000183105467,34.131126403808594
2010-06-21,83.67741394042969,40.48020935058594,60.52814102172852,120.38999938964844,34.253761291503906
2010-06-22,82.29544830322266,40.1674919128418,61.24889373779297,121.4499969482422,34.008453369140625
2010-06-23,82.04004669189453,40.002471923828125,61.66529083251953,120.9499969482422,33.98472595214844
2010-06-24,80.68059539794922,39.394378662109375,61.29865264892578,121.3000030517578,33.75130844116211
2010-06-25,81.01860809326172,39.40221405029297,61.54719543457031,122.76000213623048,33.90560531616211
2010-06-28,80.76321411132812,39.26293563842773,62.1250228881836,121.08999633789062,33.98077774047852
2010-06-29,78.26966094970703,37.748477935791016,62.80241775512695,121.2699966430664,33.64052963256836
2010-06-30,77.52608489990234,37.17403030395508,63.22494888305664,121.68000030517578,33.589088439941406
2010-07-01,77.18059539794922,37.06957626342773,63.324615478515625,117.04000091552734,33.74969482421875
2010-07-02,76.75997161865234,36.96514892578125,62.81974792480469,118.48999786376952,33.75768280029297
2010-07-06,77.26321411132812,37.07828140258789,63.33709335327149,116.51000213623048,34.02470779418945
2010-07-07,79.69669342041016,38.262001037597656,62.59538650512695,117.7300033569336,34.43522644042969
2010-07-08,80.4853286743164,38.47091674804688,62.19645690917969,117.20999908447266,34.59464645385742
2010-07-09,81.0862045288086,38.83645248413086,61.84124374389648,118.36000061035156,34.51493453979492
2010-07-12,81.13878631591797,38.949615478515625,61.816314697265625,117.33999633789062,34.487022399902344
2010-07-13,82.36302947998047,39.45443344116211,61.28652572631836,118.36000061035156,34.75407028198242
2010-07-14,82.35549926757812,39.65461349487305,61.903564453125,118.3000030517578,34.7221794128418
2010-07-15,82.37802124023438,39.689453125,62.520626068115234,118.2300033569336,34.77400588989258
2010-07-16,80.10980987548828,38.59276580810547,62.825965881347656,116.66999816894533,34.56275939941406
2010-07-19,80.58297729492188,38.92350387573242,62.439571380615234,115.7300033569336,34.67832946777344
2010-07-20,81.47677612304688,39.393497467041016,62.53305435180664,116.6500015258789,34.95733642578125
2010-07-21,80.417724609375,38.85387420654297,63.59260940551758,115.8499984741211,34.94139099121094
2010-07-22,82.21278381347656,39.837398529052734,62.85719299316406,116.86000061035156,35.25225830078125
2010-07-23,82.92633819580078,40.08982849121094,62.190277099609375,116.08999633789062,35.41168594360352
2010-07-26,83.7900619506836,40.420555114746094,62.08428955078125,115.5199966430664,35.42765045166016
2010-07-27,83.78255462646484,40.40316009521485,61.48594284057617,113.51000213623048,35.37977981567383
2010-07-28,83.24179077148438,40.08112335205078,61.68539810180664,113.77999877929688,35.3040885925293
2010-07-29,82.83621978759766,39.78518295288086,61.66674041748047,114.29000091552734,35.41168594360352
2010-07-30,82.82120513916016,39.87221908569336,62.62653732299805,115.48999786376952,35.32000732421875
2010-08-02,84.69136047363281,40.6207389831543,61.747406005859375,115.54000091552734,35.50421142578125
2010-08-03,84.28575897216797,40.4466667175293,62.10384368896485,115.98999786376952,35.50421142578125
2010-08-04,84.84909057617188,40.85575485229492,61.62858963012695,116.72000122070312,35.484127044677734
2010-08-05,84.75896453857422,40.76000213623047,61.91624450683594,116.9800033569336,35.468101501464844
2010-08-06,84.41343688964844,40.69907760620117,62.59150695800781,117.83999633789062,35.46004104614258
2010-08-09,84.86410522460938,40.97761535644531,62.36016082763672,117.4000015258789,35.39583969116211
2010-08-10,84.40593719482422,40.6207389831543,62.49145126342773,117.7300033569336,35.38383865356445
2010-08-11,82.09264373779297,39.51536560058594,63.32941436767578,117.33999633789062,34.922340393066406
2010-08-12,81.58940887451172,39.20202255249024,63.17304611206055,118.7699966430664,34.8019905090332
2010-08-13,81.34904479980469,38.92350387573242,63.96096420288086,118.73999786376952,34.954463958740234
2010-08-16,81.31151580810547,38.99311447143555,65.56165313720703,119.7300033569336,34.99859619140625
2010-08-17,82.3104476928711,39.489253997802734,65.1865234375,119.75,35.13103103637695
2010-08-18,82.46064758300781,39.64592742919922,65.361572265625,120.22000122070312,35.191192626953125
2010-08-19,81.02606964111328,39.04536437988281,66.38082122802734,120.38999938964844,35.118988037109375
2010-08-20,80.76321411132812,39.09760284423828,66.30577087402344,119.97000122070312,35.203243255615234
2010-08-23,80.455322265625,38.7146110534668,66.31831359863281,119.77999877929688,35.203243255615234
2010-08-24,79.26107788085938,37.992183685302734,67.38129425048828,120.36000061035156,35.01866149902344
2010-08-25,79.56905364990234,38.357757568359375,67.16244506835938,121.36000061035156,34.97050857543945
2010-08-26,79.03572845458984,37.89646911621094,67.7939453125,120.95999908447266,34.922340393066406
2010-08-27,80.25997161865234,38.357757568359375,65.87430572509766,121.01000213623048,34.91835403442383
2010-08-30,79.09584045410156,37.95737075805664,67.13741302490234,120.91000366210938,34.982574462890625
2010-08-31,79.09584045410156,37.82681274414063,67.88150024414062,122.08000183105467,34.97050857543945
2010-09-01,81.46171569824219,38.95831298828125,66.47794342041016,121.69000244140624,35.348411560058594
2010-09-02,82.2203140258789,39.393497467041016,65.77550506591797,122.29000091552734,35.40498352050781
2010-09-03,83.28682708740234,40.04630279541016,64.9602279663086,121.86000061035156,35.51008605957031
2010-09-07,82.34799194335938,39.77647399902344,66.28974151611328,122.6999969482422,35.45752716064453
2010-09-08,82.92633819580078,40.25518798828125,65.76299285888672,122.70999908447266,35.46561813354492
2010-09-09,83.30936431884766,40.41184616088867,64.46473693847656,121.55999755859376,35.60707473754883
2010-09-10,83.72996520996094,40.55980682373047,64.16997528076172,121.7300033569336,35.70003128051758
2010-09-13,84.66129302978516,41.125579833984375,64.4836196899414,121.62000274658205,35.88595962524414
2010-09-14,84.6087417602539,41.29964828491211,65.10448455810547,124.0199966430664,35.87787628173828
2010-09-15,84.93169403076172,41.560768127441406,64.13866424560547,123.94000244140624,35.845550537109375
2010-09-16,84.9091796875,41.72612762451172,63.50525665283203,124.62999725341795,35.906158447265625
2010-09-17,84.94085693359375,41.86747360229492,63.762351989746094,124.54000091552734,35.9708137512207
2010-09-20,86.23961639404297,42.60029602050781,64.13240051269531,124.87000274658205,36.02740478515625
2010-09-21,86.06595611572266,42.59157943725586,65.02291107177734,126.01000213623048,35.9667854309082
2010-09-22,85.64312744140625,42.4781608581543,65.60621643066406,126.1999969482422,35.82128143310547
2010-09-23,84.94841003417969,42.46071243286133,65.7943344116211,126.3000030517578,35.72833251953125
2010-09-24,86.70025634765625,43.32441329956055,64.91006469726562,126.69000244140624,35.86977767944336
2010-09-27,86.28495788574219,43.08885955810547,66.0389175415039,126.72000122070312,35.93040084838867
2010-09-28,86.58696746826172,43.07139205932617,66.4905014038086,127.8499984741211,35.982948303222656
2010-09-29,86.43598175048828,43.00162124633789,66.21453094482422,127.9499969482422,36.06783676147461
2010-09-30,86.17922973632812,42.80967712402344,66.17061614990234,127.91000366210938,36.24972152709961
2010-10-01,86.54169464111328,42.75733184814453,65.85084533691406,128.91000366210938,36.29728698730469
2010-10-04,85.89230346679688,42.29494857788086,66.02080535888672,128.4600067138672,36.17118835449219
2010-10-05,87.62149047851562,43.32441329956055,65.6242446899414,130.99000549316406,36.30136489868164
2010-10-06,87.61392974853516,42.949249267578125,66.44889831542969,131.80999755859375,36.26882553100586
2010-10-07,87.50822448730469,43.106292724609375,65.89491271972656,130.3699951171875,36.3420524597168
2010-10-08,87.99903106689453,43.40291976928711,65.60533905029297,131.66000366210938,36.46409225463867
2010-10-11,88.08208465576172,43.42036819458008,65.61795043945312,132.2899932861328,36.54140853881836
2010-10-12,88.35391998291016,43.71699142456055,64.9696044921875,131.9600067138672,36.50886917114258
2010-10-13,89.04105377197266,44.074703216552734,64.86888122558594,134.07000732421875,36.630889892578125
2010-10-14,88.69371795654297,43.98744201660156,63.8994369506836,134.75,36.45594787597656
2010-10-15,88.87493896484375,44.92093276977539,63.11888122558594,133.67999267578125,36.549537658691406
2010-10-18,89.3128890991211,44.75518035888672,63.62873840332031,134.27999877929688,36.50072860717773
2010-10-19,88.14250946044922,44.3364143371582,64.01272583007812,130.11000061035156,36.49665069580078
2010-10-20,89.00331115722656,44.65921401977539,64.15123748779297,131.32000732421875,36.61057662963867
2010-10-21,89.1996078491211,44.7464599609375,63.3895149230957,129.47000122070312,36.55359649658203
2010-10-22,89.3657455444336,45.05180358886719,63.81760025024414,129.72999572753906,36.72039031982422
2010-10-25,89.63001251220703,45.269901275634766,64.00012969970703,130.85000610351562,36.86277770996094
2010-10-26,89.64514923095703,45.39204025268555,63.0118522644043,130.8800048828125,36.91976165771485
2010-10-27,89.3884048461914,45.5316276550293,62.4578971862793,129.52000427246094,36.87903594970703
2010-10-28,89.40350341796875,45.627586364746094,62.62787628173828,131.24000549316406,36.89939880371094
2010-10-29,89.4714584350586,45.52290725708008,63.21327590942383,132.6199951171875,36.91570281982422
2010-11-01,89.50167846679688,45.55779647827149,62.94111251831055,131.9199981689453,36.846439361572266
2010-11-02,90.2114715576172,46.04636764526367,63.76838684082031,132.49000549316406,37.026641845703125
2010-11-03,90.57390594482422,46.25575637817383,62.46749496459961,131.57000732421875,37.149532318115234
2010-11-04,92.31818389892578,46.82280349731445,62.95372009277344,136.02999877929688,37.63278198242188
2010-11-05,92.66553497314452,46.82280349731445,61.87388610839844,136.3800048828125,37.591827392578125
2010-11-08,92.4918441772461,46.88389205932617,62.15176773071289,137.77999877929688,37.48125076293945
2010-11-09,91.82735443115234,46.630889892578125,60.781368255615234,135.58999633789062,37.37477111816406
2010-11-10,92.1973648071289,46.8664436340332,60.86349487304688,137.24000549316406,37.06763458251953
2010-11-11,91.85000610351562,46.5698127746582,60.831939697265625,137.66000366210938,36.92019271850586
2010-11-12,90.76268005371094,45.810813903808594,60.5035285949707,133.69000244140625,36.785037994384766
2010-11-15,90.6343002319336,45.636322021484375,59.240535736083984,132.4199981689453,36.71541213989258
2010-11-16,89.22228240966797,44.88603591918945,60.71191787719727,130.97000122070312,36.30998611450195
2010-11-17,89.26760864257812,45.01689910888672,60.377254486083984,130.3800048828125,36.494285583496094
2010-11-18,90.58145904541016,45.741004943847656,60.623565673828125,132.08999633789062,36.95703125
2010-11-19,90.83065032958984,45.77591323852539,60.9960823059082,132.1999969482422,36.94478225708008
2010-11-22,90.75513458251952,46.159767150878906,61.25505065917969,133.47999572753906,36.6867561340332
2010-11-23,89.44124603271484,45.426944732666016,61.558143615722656,134.41000366210938,36.18301010131836
2010-11-24,90.76268005371094,46.34299087524414,60.45934295654297,134.17999267578125,36.400047302246094
2010-11-26,89.70553588867188,46.03764724731445,61.29924774169922,133.11000061035156,36.26899719238281
2010-11-29,89.97735595703125,46.002742767333984,61.82341766357422,133.50999450683594,36.36321640014648
2010-11-30,89.4714584350586,45.44439315795898,62.14540863037109,135.4199981689453,36.44512176513672
2010-12-01,91.37430572509766,46.404056549072266,60.76399230957031,135.3800048828125,36.782352447509766
2010-12-02,92.5447006225586,46.87516784667969,60.60554885864258,135.1999969482422,36.80295944213867
2010-12-03,92.79390716552734,46.99729919433594,60.13029098510742,138.07000732421875,36.86481094360352
2010-12-06,92.69572448730467,46.97985458374024,60.97950744628906,139.11000061035156,36.84417724609375
2010-12-07,92.7485580444336,47.00602722167969,59.67405319213867,136.5,37.0338134765625
2010-12-08,93.08837127685548,47.180511474609375,59.0974235534668,134.7899932861328,36.91426467895508
2010-12-09,93.4508285522461,47.22411346435547,59.388938903808594,135.3699951171875,36.8359375
2010-12-10,93.99447631835938,47.538204193115234,59.02767562866211,135.41000366210938,36.85243225097656
2010-12-13,94.054931640625,47.3724365234375,59.24947738647461,136.0500030517578,36.66691589355469
2010-12-14,94.13797760009766,47.45968246459961,58.38764572143555,136.17999267578125,36.84830093383789
2010-12-15,93.70759582519533,47.25029373168945,57.62730026245117,134.6999969482422,36.70401382446289
2010-12-16,94.25121307373048,47.6167221069336,58.0264892578125,133.80999755859375,36.84003829956055
2010-12-17,94.35218048095705,47.658687591552734,59.08470153808594,134.1999969482422,36.8936767578125
2010-12-20,94.57991027832033,47.69365692138672,59.0213623046875,135.11000061035156,36.95964431762695
2010-12-21,95.17955017089844,47.98210144042969,59.43326568603516,135.32000732421875,37.0379753112793
2010-12-22,95.4756088256836,47.97336196899414,59.0086784362793,135.0500030517578,37.14102554321289
2010-12-23,95.33897399902344,47.85099792480469,58.888275146484375,134.66000366210938,37.17811584472656
2010-12-27,95.37692260742188,47.87720489501953,59.414249420166016,135.02000427246094,37.20697021484375
2010-12-28,95.5135726928711,47.78979110717773,58.25066375732422,137.22000122070312,37.23063659667969
2010-12-29,95.58189392089844,47.89469528198242,59.2362060546875,137.7100067138672,37.35511016845703
2010-12-30,95.4300537109375,47.781063079833984,59.19171524047852,137.02999877929688,37.3965950012207
2010-12-31,95.45284271240234,47.60622787475586,59.84662628173828,138.72000122070312,37.46295928955078
2011-01-03,96.43963623046876,48.3492431640625,59.39521026611328,138.0,37.49203872680664
2011-01-04,96.38648223876952,48.314300537109375,59.46513366699219,134.75,37.662139892578125
2011-01-05,96.88748931884766,48.72514724731445,58.15524673461914,134.3699951171875,37.75758361816406
2011-01-06,96.69767761230467,48.88249969482422,58.40959548950195,133.8300018310547,37.8032112121582
2011-01-07,96.5079574584961,48.83876800537109,58.72111892700195,133.5800018310547,37.65800094604492
2011-01-10,96.38648223876952,49.02234649658203,59.03911209106445,134.1199951171875,37.628936767578125
2011-01-11,96.7280731201172,49.0922966003418,58.70845413208008,134.91000366210938,37.7741813659668
2011-01-12,97.60103607177734,49.44195175170898,58.25066375732422,135.4600067138672,37.8530158996582
2011-01-13,97.44158172607422,49.45944213867188,58.77200698852539,134.0500030517578,37.8447265625
2011-01-14,98.14752197265624,49.82657623291016,58.39686584472656,132.69000244140625,37.90694808959961
2011-01-18,98.31451416015624,49.9664192199707,58.12345504760742,133.42999267578125,37.90282440185547
2011-01-19,97.35051727294922,49.39823532104492,58.54310607910156,133.72000122070312,37.7866325378418
2011-01-20,97.22146606445312,49.0485725402832,57.73561096191406,131.1999969482422,37.71192932128906
2011-01-21,97.44158172607422,48.67269134521485,58.193397521972656,131.02999877929688,37.86547088623047
2011-01-24,97.99569702148438,49.34578323364258,58.21889114379883,130.36000061035156,37.91939163208008
2011-01-25,98.04885864257812,49.41572189331055,58.77200698852539,130.10000610351562,37.97747421264648
2011-01-26,98.42840576171876,49.67796325683594,57.88188171386719,131.16000366210938,38.05632781982422
2011-01-27,98.67129516601562,49.98394012451172,58.142574310302734,127.93000030517578,38.10610961914063
2011-01-28,96.94817352294922,48.716407775878906,58.4477767944336,130.27999877929688,37.87789535522461
2011-01-31,97.67689514160156,48.952415466308594,58.00266647338867,129.8699951171875,38.08120727539063
2011-02-01,99.2406005859375,49.87028503417969,57.71552276611328,130.8000030517578,38.15595245361328
2011-02-02,99.0508270263672,49.79161071777344,57.728275299072266,130.4499969482422,38.19772338867188
2011-02-03,99.27092742919922,49.879024505615234,57.24969482421875,132.1999969482422,38.19772338867188
2011-02-04,99.55182647705078,50.15874099731445,56.669036865234375,131.66000366210938,38.36478042602539
2011-02-07,100.17425537109376,50.3947639465332,56.96259307861328,131.67999267578125,38.43577575683594
2011-02-08,100.62966918945312,50.72693634033203,56.43935775756836,133.13999938964844,38.47750473022461
2011-02-09,100.40196990966795,50.63952255249024,56.93064880371094,133.07000732421875,38.260353088378906
2011-02-10,100.43991088867188,50.71820068359375,56.273414611816406,132.85000610351562,38.30213165283203
2011-02-11,101.0395736694336,51.0853385925293,57.08378219604492,132.32000732421875,38.398197174072266
2011-02-14,101.282470703125,51.207740783691406,57.12208938598633,132.9499969482422,38.427391052246094
2011-02-15,100.96367645263672,51.13780212402344,57.37732696533203,133.97000122070312,38.352237701416016
2011-02-16,101.60130310058594,51.4699821472168,57.19228363037109,134.10000610351562,38.36478042602539
2011-02-17,101.90493774414062,51.45247650146485,57.28163146972656,135.0399932861328,38.45246124267578
2011-02-18,102.11743927001952,51.33883285522461,57.102970123291016,135.41000366210938,38.56939315795898
2011-02-22,100.0679702758789,49.85279083251953,57.95795440673828,136.2899932861328,38.25201416015625
2011-02-23,99.45311737060548,49.44195175170898,58.16852951049805,137.50999450683594,38.28961563110352
2011-02-24,99.3848114013672,49.70419692993164,58.53862380981445,136.47999572753906,38.31881713867188
2011-02-25,100.44754028320312,50.3947639465332,58.883277893066406,137.3800048828125,38.43577575683594
2011-02-28,101.06993103027344,50.49967193603516,58.95981216430664,137.66000366210938,38.62783050537109
2011-03-01,99.3848114013672,49.68671798706055,59.13071060180664,140.02999877929688,38.56859588623047
2011-03-02,99.5973892211914,49.94894027709961,58.221710205078125,139.9199981689453,38.60221862792969
2011-03-03,101.31285095214844,50.93675231933594,57.65195083618164,138.08999633789062,38.74088668823242
2011-03-04,100.55377960205078,50.67449569702149,58.13204193115234,139.35000610351562,38.66103744506836
2011-03-07,99.76431274414062,49.99264907836914,57.76081085205078,139.72000122070312,38.66945266723633
2011-03-08,100.63726043701172,50.19370269775391,57.40871810913086,139.36000061035156,38.63582992553711
2011-03-09,100.49302673339844,49.85279083251953,57.96567153930664,139.41000366210938,38.526588439941406
2011-03-10,98.63331604003906,49.074798583984375,58.93867492675781,137.77000427246094,38.32486343383789
2011-03-11,99.31649780273438,49.38076400756836,58.605743408203125,138.22000122070312,38.31647109985352
2011-03-14,98.71680450439452,49.2059211730957,58.58019256591797,138.86000061035156,38.16097640991211
2011-03-15,97.58580780029295,48.5066032409668,59.45723724365234,136.27000427246094,37.96347427368164
2011-03-16,95.77922058105467,47.335243225097656,60.12932968139648,136.24000549316406,37.72813415527344
2011-03-17,97.04688262939452,47.77231597900391,59.6684455871582,136.97000122070312,38.13574981689453
2011-03-18,97.39987182617188,47.66465759277344,59.8284797668457,138.3699951171875,38.31647109985352
2011-03-21,98.90935516357422,48.58379364013672,59.47637176513672,139.13999938964844,38.55179214477539
2011-03-22,98.5662841796875,48.49625396728516,59.67482376098633,139.0500030517578,38.57279968261719
2011-03-23,98.84833526611328,48.76762390136719,59.59801483154297,140.33999633789062,38.526588439941406
2011-03-24,99.7936782836914,49.63425064086914,59.149879455566406,139.22000122070312,38.5601921081543
2011-03-25,100.09862518310548,49.75681686401367,59.00270080566406,139.25999450683594,38.57279968261719
2011-03-28,99.85466003417967,49.48543930053711,59.085914611816406,138.5399932861328,38.58539962768555
2011-03-29,100.52556610107422,49.96691131591797,58.631385803222656,138.2100067138672,38.60642623901367
2011-03-30,101.2193603515625,50.203269958496094,59.09871292114258,138.6699981689453,38.665225982666016
2011-03-31,101.08209228515624,50.27329254150391,58.97710418701172,139.86000061035156,38.644229888916016
2011-04-01,101.50899505615234,50.2995491027832,59.26374053955078,139.1999969482422,38.59775161743164
2011-04-04,101.59286499023438,50.13322830200195,59.328086853027344,139.83999633789062,38.83452606201172
2011-04-05,101.5775909423828,50.00192260742188,59.09022903442383,142.0500030517578,38.79224395751953
2011-04-06,101.89781188964844,50.12446975708008,58.203067779541016,142.3800048828125,38.876800537109375
2011-04-07,101.63863372802734,50.08945083618164,58.08740234375,142.50999450683594,38.91487121582031
2011-04-08,101.28791046142578,49.85310745239258,57.77881622314453,143.66000366210938,38.91487121582031
2011-04-11,100.98297882080078,49.686790466308594,57.83024215698242,142.63999938964844,38.876800537109375
2011-04-12,100.2282485961914,49.34537887573242,58.45382308959961,141.61000061035156,38.75421524047852
2011-04-13,100.22061920166016,49.76555633544922,58.82022857666016,141.89999389648438,38.940223693847656
2011-04-14,100.2968292236328,49.678035736083984,58.77524948120117,143.80999755859375,38.78380584716797
2011-04-15,100.6627960205078,49.59048461914063,59.5723876953125,145.0500030517578,38.83452606201172
2011-04-18,99.53446197509766,49.2403450012207,59.70735931396485,145.92999267578125,38.6992301940918
2011-04-19,100.1062469482422,49.54670715332031,59.96453094482422,145.92999267578125,38.83452606201172
2011-04-20,101.47087860107422,50.66719818115234,59.57879257202149,146.5,38.9825325012207
2011-04-21,101.9892807006836,51.06989669799805,59.52734756469727,146.74000549316406,39.07553863525391
2011-04-25,101.882568359375,51.20119857788086,59.7523193359375,146.8699951171875,39.03327178955078
2011-04-26,102.75927734375,51.490081787109375,60.33089447021485,146.3800048828125,39.12205505371094
2011-04-27,103.43018341064452,51.8402099609375,59.71379089355469,149.1999969482422,39.14743423461914
2011-04-28,103.76558685302734,51.76144409179688,60.1701774597168,149.82000732421875,39.16856384277344
2011-04-29,104.00957489013672,51.71767044067383,60.35664367675781,152.3699951171875,39.26160430908203
2011-05-02,103.8494644165039,51.621368408203125,60.45347595214844,150.41000366210938,39.24156188964844
2011-05-03,103.47591400146484,51.376277923583984,60.795597076416016,149.8800048828125,39.25008773803711
2011-05-04,102.78975677490234,51.2974853515625,61.0667610168457,147.72999572753906,39.237335205078125
2011-05-05,101.85969543457033,51.017372131347656,61.64778518676758,143.47000122070312,39.07567596435547
2011-05-06,102.30947875976562,51.18368911743164,61.37664413452149,145.3000030517578,39.2756462097168
2011-05-09,102.70588684082033,51.376277923583984,61.31209945678711,147.3800048828125,39.32670593261719
2011-05-10,103.58262634277344,51.81394958496094,60.873085021972656,147.89999389648438,39.41178512573242
2011-05-11,102.49246215820312,51.43754959106445,61.22170639038086,146.5399932861328,39.35223388671875
2011-05-12,102.98039245605467,51.74393844604492,60.83435821533203,146.58999633789062,39.39051818847656
2011-05-13,102.1875228881836,51.13117218017578,61.38307571411133,145.6300048828125,39.22883224487305
2011-05-16,101.53951263427734,50.247032165527344,61.72526168823242,145.3699951171875,39.30542755126953
2011-05-17,101.5242691040039,50.38711166381836,62.35796737670898,144.74000549316406,39.373512268066406
2011-05-18,102.43144989013672,50.80726623535156,61.53158187866211,145.60000610351562,39.42032241821289
2011-05-19,102.6754150390625,50.9560775756836,61.50572204589844,145.64999389648438,39.403282165527344
2011-05-20,101.85969543457033,50.570919036865234,61.53806686401367,147.49000549316406,39.373512268066406
2011-05-23,100.67800903320312,49.826847076416016,61.83501815795898,147.8300018310547,39.18627166748047
2011-05-24,100.59416198730467,49.520450592041016,62.067481994628906,148.58999633789062,39.12247085571289
2011-05-25,100.92959594726562,49.71303939819336,61.77692031860352,148.5800018310547,39.12247085571289
2011-05-26,101.3946304321289,50.01943206787109,62.30632781982422,148.22000122070312,39.08844757080078
2011-05-27,101.7834701538086,50.27329254150391,62.28050994873047,149.6999969482422,39.20758438110352
2011-05-31,102.84313201904295,51.08739471435547,62.42251968383789,149.63999938964844,39.31392288208008
2011-06-01,100.53316497802734,49.97565078735352,63.26613998413086,149.91000366210938,39.085330963134766
2011-06-02,100.42643737792967,50.080711364746094,62.06095123291016,149.5,39.05965042114258
2011-06-03,99.42774963378906,49.3278694152832,62.41736602783203,150.22000122070312,38.90551376342773
2011-06-06,98.37566375732422,48.92520904541016,61.94429397583008,150.47999572753906,38.81134796142578
2011-06-07,98.314697265625,48.83766555786133,62.22945022583008,150.4199981689453,38.78135681152344
2011-06-08,97.90300750732422,48.48750686645508,62.71540832519531,149.80999755859375,38.59730911254883
2011-06-09,98.650146484375,48.575042724609375,62.46267318725586,150.55999755859375,38.62295913696289
2011-06-10,97.27788543701172,47.83095932006836,62.94214630126953,149.24000549316406,38.370399475097656
2011-06-13,97.35411834716795,47.83095932006836,62.624656677246094,147.77000427246094,38.22484970092773
2011-06-14,98.5891342163086,48.4437370300293,61.67867660522461,148.6699981689453,38.464576721191406
2011-06-15,96.83572387695312,47.52456665039063,62.79960250854492,149.1199951171875,38.301902770996094
2011-06-16,97.04917907714844,47.34075164794922,63.0847053527832,148.97000122070312,37.62123489379883
2011-06-17,97.33878326416016,47.19248580932617,62.78669738769531,149.94000244140625,38.0364875793457
2011-06-20,97.83675384521484,47.43814849853516,62.864402770996094,150.02999877929688,38.301902770996094
2011-06-21,99.17750549316406,48.45585250854492,62.58580780029297,150.75999450683594,38.55877685546875
2011-06-22,98.57991790771484,48.104923248291016,62.624656677246094,150.99000549316406,38.280521392822266
2011-06-23,98.29645538330078,48.55238342285156,63.10418319702149,148.33999633789062,38.48596954345703
2011-06-24,97.1548843383789,47.71012878417969,62.838523864746094,146.25999450683594,38.301902770996094
2011-06-27,98.02066802978516,48.473411560058594,61.97671127319336,145.72999572753906,38.29334259033203
2011-06-28,99.3000946044922,49.19283676147461,61.47776412963867,146.24000549316406,38.44746017456055
2011-06-29,100.15055084228516,49.394622802734375,61.06955337524414,147.17999267578125,38.82845306396485
2011-06-30,101.10822296142578,50.05264663696289,60.97245788574219,146.0,39.0896110534668
2011-07-01,102.6021957397461,50.80714797973633,60.87488555908203,144.92999267578125,39.29729843139648
2011-07-05,102.5179214477539,51.06158065795898,61.01140213012695,147.6300048828125,39.34897994995117
2011-07-06,102.64051055908205,51.22827911376953,61.32350540161133,148.91000366210938,39.36621856689453
2011-07-07,103.70541381835938,51.930137634277344,61.14144515991211,149.14999389648438,39.52134704589844
2011-07-08,102.96994018554688,51.78976821899414,62.00617218017578,150.25,39.41362380981445
2011-07-11,101.10822296142578,50.85103225708008,62.93594741821289,151.58999633789062,39.02585220336914
2011-07-12,100.67149353027344,50.464988708496094,63.15047073364258,152.77000427246094,38.91814804077149
2011-07-13,101.00860595703124,50.6755485534668,63.32599639892578,154.13999938964844,39.2197151184082
2011-07-14,100.31140899658205,50.08771896362305,62.42228317260742,154.5399932861328,39.19817733764648
2011-07-15,100.89366149902344,50.75450897216797,62.52627944946289,155.1999969482422,39.185245513916016
2011-07-18,100.06623840332033,50.4825439453125,61.921634674072266,156.57000732421875,39.1163444519043
2011-07-19,101.6904525756836,51.63185501098633,63.208927154541016,154.66000366210938,39.29297637939453
2011-07-20,101.62915802001952,51.41251754760742,62.46127700805664,156.02000427246094,39.327449798583984
2011-07-21,103.03887176513672,51.75468063354492,61.98019790649414,154.8300018310547,39.51702880859375
2011-07-22,103.10784912109376,52.28985977172852,62.44831466674805,156.1199951171875,39.56873321533203
2011-07-25,102.5332489013672,52.18457794189453,61.76561737060547,157.33999633789062,39.35759353637695
2011-07-26,102.1501922607422,52.31619644165039,62.1882209777832,157.77000427246094,39.439453125
2011-07-27,100.05860137939452,50.96506881713867,62.19472122192383,157.19000244140625,39.12921905517578
2011-07-28,99.76746368408205,51.05280303955078,62.42876815795898,157.32000732421875,39.1895637512207
2011-07-29,99.08558654785156,50.8861198425293,63.664100646972656,158.2899932861328,39.22834777832031
2011-08-01,98.66419982910156,50.64924240112305,64.3066635131836,157.72000122070312,39.31547927856445
2011-08-02,96.14356994628906,49.36831283569336,66.23749542236328,161.52000427246094,38.829986572265625
2011-08-03,96.6645736694336,49.84206771850586,66.36799621582031,161.49000549316406,38.80832290649414
2011-08-04,92.13665008544922,47.52588272094727,68.72947692871094,160.63999938964844,37.6899528503418
2011-08-05,91.99871063232422,47.22758483886719,66.74629974365234,161.75,37.650917053222656
2011-08-08,86.0074691772461,44.38497543334961,68.85340118408203,167.1199951171875,36.047119140625
2011-08-09,90.00676727294922,46.52571105957031,69.06207275390625,168.61000061035156,37.148136138916016
2011-08-10,86.03045654296875,44.62185287475586,71.11695861816406,174.5800018310547,36.51961135864258
2011-08-11,89.89181518554688,46.58711242675781,67.52914428710938,170.75,37.18281173706055
2011-08-12,90.49708557128906,46.99946212768555,68.86638641357422,169.97000122070312,37.0094108581543
2011-08-15,92.4124755859375,47.69256210327149,68.16845703125,171.8000030517578,37.61195755004883
2011-08-16,91.62332153320312,47.28901290893555,69.29693603515625,173.9199981689453,37.3735580444336
2011-08-17,91.68463134765624,47.00823974609375,70.51024627685547,174.4199981689453,37.78533935546875
2011-08-18,87.7313003540039,44.70082092285156,71.95845794677734,177.72000122070312,37.32584381103516
2011-08-19,86.29865264892578,43.89366149902344,72.53904724121094,179.9499969482422,37.000755310058594
2011-08-22,86.3675765991211,44.05158615112305,72.35636901855469,184.58999633789065,37.04410171508789
2011-08-23,89.20999145507812,45.86768341064453,71.3582992553711,177.6699981689453,37.32148742675781
2011-08-24,90.46646118164062,46.22739791870117,69.32958221435547,171.64999389648438,37.15248489379883
2011-08-25,89.08737182617188,45.47288513183594,70.07974243164062,172.36000061035156,36.85337066650391
2011-08-26,90.38217163085938,46.61343002319336,70.77119445800781,177.47000122070312,37.226165771484375
2011-08-29,92.97943878173828,47.91189956665039,69.79271697998047,173.88999938964844,37.60325622558594
2011-08-30,93.2245864868164,48.22774505615234,70.91475677490234,179.10000610351562,37.672637939453125
2011-08-31,93.63831329345705,48.30670547485352,69.81877899169922,177.72000122070312,38.15807342529297
2011-09-01,92.65763854980467,47.8680419921875,71.29879760742188,177.8699951171875,38.13325119018555
2011-09-02,90.29022979736328,46.74504470825195,73.61505126953125,183.2400054931641,37.954368591308594
2011-09-06,89.6313247680664,46.75380706787109,74.38058471679688,182.8999938964844,37.50505447387695
2011-09-07,92.1596221923828,47.9382209777832,72.96074676513672,177.0800018310547,37.688270568847656
2011-09-08,91.2019500732422,47.718875885009766,73.61505126953125,181.80999755859372,37.80607986450195
2011-09-09,88.81156158447266,46.65731048583984,74.4001693725586,180.6999969482422,37.46577453613281
2011-09-12,89.38615417480469,47.25392150878906,74.4787826538086,176.6699981689453,37.1429443359375
2011-09-13,90.20596313476562,47.88557434082031,73.41879272460938,178.5399932861328,37.426513671875
2011-09-14,91.45477294921876,48.56991958618164,74.04033660888672,177.2100067138672,37.675174713134766
2011-09-15,93.03301239013672,49.289337158203125,72.90841674804688,174.39999389648438,37.92821502685547
2011-09-16,93.58367919921876,49.74113464355469,73.4383773803711,176.02999877929688,37.906375885009766
2011-09-19,92.6518325805664,49.75872039794922,74.8386001586914,173.30999755859375,37.84967422485352
2011-09-20,92.5439910888672,49.53896713256836,75.15264892578125,175.77999877929688,37.91075134277344
2011-09-21,89.81781005859375,48.67757415771485,77.63903045654297,173.58999633789062,37.58354187011719
2011-09-22,86.91448974609375,47.09543991088867,80.55713653564453,169.0500030517578,37.07314300537109
2011-09-23,87.43819427490234,47.5964469909668,79.05882263183594,159.8000030517578,37.173484802246094
2011-09-26,89.51747131347656,48.15019226074219,77.78948211669922,157.5800018310547,37.31304931640625
2011-09-27,90.51859283447266,48.65119934082031,76.59864044189453,160.6300048828125,37.35669708251953
2011-09-28,88.67037200927734,47.930442810058594,76.57247161865234,156.22000122070312,36.93788146972656
2011-09-29,89.3711929321289,47.35912322998047,77.10246276855469,157.6999969482422,36.86810302734375
2011-09-30,87.13786315917969,46.13734817504883,79.03913879394531,158.05999755859375,36.13520050048828
2011-10-03,84.65808868408203,44.950714111328125,81.21430969238281,160.9600067138672,35.699581146240234
2011-10-04,86.5140380859375,45.873634338378906,80.18445587158203,157.63999938964844,35.589805603027344
2011-10-05,88.11589050292969,47.05148696899414,79.60722351074219,159.4600067138672,36.02451705932617
2011-10-06,89.71000671386719,47.84254837036133,78.13784790039062,160.49000549316406,36.58219528198242
2011-10-07,89.10929870605469,47.526123046875,77.5606689453125,159.17999267578125,36.61293029785156
2011-10-10,92.08966064453124,49.16979598999024,76.46515655517578,163.27000427246094,37.39893341064453
2011-10-11,92.18204498291016,49.50381088256836,76.20936584472656,162.10000610351562,36.98619079589844
2011-10-12,92.99068450927734,49.74991226196289,75.10079956054688,163.25999450683594,37.84685897827149
2011-10-13,92.8058624267578,50.20699691772461,75.84860229492188,162.3000030517578,37.68878173828125
2011-10-14,94.39227294921876,51.138702392578125,74.7465591430664,163.39999389648438,37.95222091674805
2011-10-17,92.5901870727539,50.34762191772461,76.03886413574219,162.6199951171875,37.732669830322266
2011-10-18,94.39997100830078,50.97169876098633,75.56652069091797,161.83999633789062,37.934669494628906
2011-10-19,93.28331756591795,49.98726272583008,75.54032135009766,159.8699951171875,37.81170272827149
2011-10-20,93.69148254394533,49.74113464355469,75.00241088867188,157.77000427246094,38.14543533325195
2011-10-21,95.47039031982422,50.36519241333008,74.2087173461914,159.52000427246094,38.60649108886719
2011-10-24,96.64099884033205,51.41119003295898,74.33330535888672,161.02000427246094,39.651588439941406
2011-10-25,94.76193237304688,50.400367736816406,76.22247314453125,165.58999633789062,38.94902420043945
2011-10-26,95.72454833984376,50.33883666992188,74.8908920288086,167.39999389648438,39.11585998535156
2011-10-27,99.05914306640624,51.72761535644531,72.35232543945312,169.5500030517578,39.691104888916016
2011-10-28,99.0360107421875,51.80670547485352,73.1132583618164,169.6199951171875,39.572540283203125
2011-10-31,96.64867401123048,50.93654251098633,76.01258087158203,167.33999633789062,39.20368957519531
2011-11-01,93.9533233642578,49.60929489135742,78.55703735351562,167.3800048828125,38.50402069091797
2011-11-02,95.48583221435548,50.03119659423828,77.57713317871094,169.05999755859375,38.87060928344727
2011-11-03,97.22628784179688,51.0683822631836,76.51174926757812,171.72000122070312,39.25493621826172
2011-11-04,96.63330841064452,50.804683685302734,76.6037826538086,170.85000610351562,39.21516036987305
2011-11-07,97.23397064208984,51.165069580078125,77.09044647216797,174.97999572753906,39.08266067504883
2011-11-08,98.48155975341795,51.75398635864258,76.1040267944336,173.52999877929688,39.1710090637207
2011-11-09,94.84664916992188,49.93450164794922,77.68236541748047,172.07000732421875,38.34059143066406
2011-11-10,95.7399444580078,49.908145904541016,76.52490234375,171.13999938964844,38.380313873291016
2011-11-11,97.54202270507812,50.8486328125,76.05796813964844,173.9600067138672,38.8883056640625
2011-11-14,96.61788940429688,50.53221130371094,77.28119659423828,173.1999969482422,38.62769317626953
2011-11-15,97.0953598022461,51.0947380065918,77.17596435546875,173.36000061035156,38.5261116027832
2011-11-16,95.5551528930664,50.25093078613281,77.87967681884766,171.50999450683594,38.150634765625
2011-11-17,94.03800964355467,49.07311248779297,78.50447082519531,167.10000610351562,37.96513748168945
2011-11-18,93.93793487548828,48.69515609741211,78.48472595214844,167.6199951171875,37.93857955932617
2011-11-21,92.15126037597656,47.76344680786133,78.95166015625,163.5,37.51015090942383
2011-11-22,91.78931427001952,47.92166519165039,79.8329086303711,165.30999755859375,37.22306060791016
2011-11-23,89.76390838623047,46.84054183959961,80.61551666259766,164.8300018310547,36.5516357421875
2011-11-25,89.59449005126953,46.48014068603516,79.44485473632812,163.39999389648438,36.5516357421875
2011-11-28,92.18977355957033,48.09745788574219,79.4054946899414,166.6300048828125,37.36883544921875
2011-11-29,92.45159912109376,47.798622131347656,78.75434112548828,166.8800048828125,37.61176300048828
2011-11-30,96.25592803955078,49.56534576416016,77.52455139160156,170.1300048828125,38.25223922729492
2011-12-01,96.24055480957033,49.908145904541016,77.13551330566406,169.6300048828125,38.420692443847656
2011-12-02,96.15584564208984,49.76749420166016,78.2167739868164,169.82000732421875,38.63853454589844
2011-12-05,97.20319366455078,50.312461853027344,78.05860137939453,167.32000732421875,38.8563346862793
2011-12-06,97.23397064208984,50.17184448242188,77.31354522705078,168.17999267578125,39.02972030639648
2011-12-07,97.59591674804688,50.17184448242188,77.59050750732422,169.39999389648438,38.9052619934082
2011-12-08,95.45504760742188,49.32802963256836,78.5595932006836,165.97999572753906,38.65187072753906
2011-12-09,97.07225036621094,50.11907577514648,76.94438934326172,166.39999389648438,38.98526382446289
2011-12-12,95.65524291992188,49.55655288696289,77.80144500732422,161.99000549316406,38.77633285522461
2011-12-13,94.76193237304688,49.01159286499024,78.52664184570312,158.4499969482422,38.629642486572266
2011-12-14,93.75306701660156,48.24686813354492,80.00997161865234,152.88999938964844,38.562950134277344
2011-12-15,94.0919189453125,48.11503982543945,79.71334075927734,152.3300018310547,38.70077133178711
2011-12-16,94.23143005371094,48.36273956298828,80.64290618896484,155.22999572753906,38.88304138183594
2011-12-19,93.22393035888672,47.886714935302734,81.66482543945312,154.8699951171875,38.83411407470703
2011-12-20,96.04492950439452,49.30602645874024,79.62763214111328,156.97999572753906,39.31867980957031
2011-12-21,96.2309341430664,48.60078811645508,78.52005767822266,157.16000366210938,39.42978286743164
2011-12-22,97.08341979980467,49.01511764526367,78.84966278076172,156.0399932861328,39.580936431884766
2011-12-23,97.95138549804688,49.438270568847656,77.97283935546875,156.30999755859375,39.7632064819336
2011-12-27,98.02890014648438,49.622676849365234,78.34323120117188,154.91000366210938,39.92194366455078
2011-12-28,96.74243927001952,49.049163818359375,79.79171752929688,151.02999877929688,39.7341194152832
2011-12-29,97.74211883544922,49.402099609375,79.93719482421875,150.33999633789062,39.97114562988281
2011-12-30,97.26163482666016,49.26091766357422,80.19517517089844,151.99000549316406,39.99351119995117
2012-01-03,98.81163787841795,50.20500946044922,78.99146270751953,155.9199981689453,40.1231689453125
2012-01-04,98.96662902832033,50.41678237915039,78.0522232055664,156.7100067138672,40.056114196777344
2012-01-05,99.23014831542967,50.83147430419922,77.91331481933594,157.77999877929688,39.88171005249024
2012-01-06,98.97437286376952,51.007957458496094,78.52839660644531,157.1999969482422,39.7564697265625
2012-01-09,99.2146224975586,50.84030532836914,78.38947296142578,156.5,39.81014251708984
2012-01-10,100.07489013671876,51.21087646484375,78.25727081298828,158.63999938964844,39.94879913330078
2012-01-11,100.1291275024414,51.31675720214844,79.27583312988281,159.6699981689453,39.90854644775391
2012-01-12,100.369384765625,51.51970291137695,79.1633529663086,160.3800048828125,39.85485458374024
2012-01-13,99.85013580322266,51.33440780639648,79.95045471191406,159.25999450683594,39.81014251708984
2012-01-17,100.23762512207033,51.80204772949219,80.32083892822266,160.5,39.8906478881836
2012-01-18,101.34587097167967,52.49027633666992,79.34856414794922,161.60000610351562,40.0024299621582
2012-01-19,101.880615234375,52.81672286987305,78.25727081298828,161.22000122070312,40.06060409545898
2012-01-20,102.26036071777344,52.73731994628906,77.37096405029297,162.07000732421875,40.06060409545898
2012-01-23,101.99684143066406,52.754981994628906,76.88156127929688,163.16000366210938,40.19920349121094
2012-01-24,101.880615234375,52.657901763916016,77.02041625976562,162.00999450683594,40.30206680297852
2012-01-25,102.73312377929688,53.31966018676758,76.83522033691406,166.4199981689453,40.65536117553711
2012-01-26,102.20612335205078,53.13438415527344,77.85379791259766,167.27000427246094,40.75373840332031
2012-01-27,102.1596221923828,53.29320526123047,78.09848022460938,168.97000122070312,40.606178283691406
2012-01-30,101.81086730957033,53.33731842041016,79.01787567138672,168.02999877929688,40.47648620605469
2012-01-31,101.77210235595705,53.407901763916016,79.93061828613281,169.30999755859375,40.5793571472168
2012-02-01,102.6633529663086,53.84025955200195,79.0150146484375,169.55999755859375,40.65445709228516
2012-02-02,102.82611083984376,54.00789260864258,78.98184967041016,171.0500030517578,40.681434631347656
2012-02-03,104.2676010131836,54.74905014038086,77.28460693359375,167.63999938964844,40.7983512878418
2012-02-06,104.19780731201172,54.70494079589844,78.05363464355469,167.17999267578125,40.80735778808594
2012-02-07,104.46136474609376,54.819637298583984,77.0857162475586,169.6999969482422,40.888275146484375
2012-02-08,104.77132415771484,55.11081314086914,77.14537048339844,168.5,40.924278259277344
2012-02-09,104.90308380126952,55.50786972045898,76.568603515625,168.02000427246094,40.94224548339844
2012-02-10,104.12808990478516,55.11963272094727,77.56304168701172,167.13999938964844,40.58699417114258
2012-02-13,104.90308380126952,55.63136291503906,77.66251373291016,167.50999450683594,40.70391082763672
2012-02-14,104.77132415771484,55.7725715637207,78.07355499267578,167.1199951171875,40.70391082763672
2012-02-15,104.2830810546875,55.38433456420898,77.9343032836914,168.11000061035156,40.57352066040039
2012-02-16,105.43783569335938,56.14314651489258,77.31114959716797,168.0,40.74436950683594
2012-02-17,105.7168197631836,55.96668243408203,77.29129028320312,167.35000610351562,40.73090744018555
2012-02-21,105.76329803466795,56.12549209594727,76.43600463867188,171.02000427246094,40.883785247802734
2012-02-22,105.42229461669922,55.86963272094727,77.39730834960938,172.94000244140625,41.01421737670898
2012-02-23,105.8873519897461,56.240211486816406,77.39730834960938,173.02000427246094,41.162628173828125
2012-02-24,106.11980438232422,56.43432235717773,77.90118408203125,172.22999572753906,41.28852462768555
2012-02-27,106.29808044433594,56.51374435424805,78.59069061279297,171.6999969482422,41.29755401611328
2012-02-28,106.60811614990234,57.08724594116211,78.3321533203125,173.49000549316406,41.37847137451172
2012-02-29,106.18954467773438,56.83136749267578,77.85476684570312,164.2899932861328,41.43244552612305
2012-03-01,106.7398452758789,57.2813606262207,77.12183380126953,166.61000061035156,41.50348663330078
2012-03-02,106.414306640625,57.23724365234375,77.84613800048828,166.33999633789062,41.33160400390625
2012-03-05,105.98033142089844,56.64608383178711,77.22811889648438,165.64999389648438,41.100887298583984
2012-03-06,104.43035125732422,56.0902214050293,78.16507720947266,162.6999969482422,40.55356216430664
2012-03-07,105.1588134765625,56.52253341674805,77.68665313720703,163.6300048828125,40.6666259765625
2012-03-08,106.20507049560548,57.1313705444336,76.90918731689453,165.27999877929688,40.98325347900391
2012-03-09,106.61582946777344,57.36961364746094,77.06201171875,166.3800048828125,41.02848434448242
2012-03-12,106.6235580444336,57.39607620239258,77.04869842529297,165.07000732421875,41.02848434448242
2012-03-13,108.54557037353516,58.46371841430664,75.69316864013672,162.3000030517578,41.32705307006836
2012-03-14,108.42935943603516,58.6666374206543,73.78604125976562,159.57000732421875,41.2230110168457
2012-03-15,109.05704498291016,58.834285736083984,73.89901733398438,161.0800018310547,41.0827751159668
2012-03-16,109.2080535888672,58.79271697998047,74.04521942138672,161.3000030517578,40.933502197265625
2012-03-19,109.63619995117188,59.20817184448242,73.161376953125,161.58999633789062,41.08730697631836
2012-03-20,109.3170166015625,59.31418991088867,73.45380401611328,160.1300048828125,41.05563735961914
2012-03-21,109.13801574707033,59.32305908203125,74.28440856933594,160.2100067138672,40.92447280883789
2012-03-22,108.3518295288086,59.19932174682617,74.52361297607422,159.57000732421875,41.02396774291992
2012-03-23,108.70207214355467,59.16395568847656,75.22799682617188,161.52999877929688,40.93803024291992
2012-03-26,110.22776794433594,60.19805145263672,74.84262084960938,164.39999389648438,41.186824798583984
2012-03-27,109.8852767944336,60.28642272949219,75.38085174560547,163.24000549316406,41.25920486450195
2012-03-28,109.34036254882812,60.04776763916016,75.2745361328125,161.50999450683594,41.12348175048828
2012-03-29,109.15357208251952,59.81800842285156,75.8393325805664,161.27999877929688,41.11895751953125
2012-03-30,109.60504913330078,59.70307922363281,74.5568618774414,162.1199951171875,41.03754425048828
2012-04-02,110.4067611694336,60.32176971435547,74.96989440917969,162.94000244140625,41.10810089111328
2012-04-03,109.9552764892578,60.30409240722656,73.67081451416016,159.88999938964844,41.07166290283203
2012-04-04,108.86559295654295,59.48213195800781,74.68344116210938,157.2100067138672,40.92148971557617
2012-04-05,108.8110809326172,59.85335540771485,75.22310638427734,158.30999755859375,40.82139205932617
2012-04-09,107.5889892578125,59.402587890625,76.98194122314453,159.3699951171875,40.61205291748047
2012-04-10,105.78313446044922,58.448028564453125,77.85466766357422,161.10000610351562,40.41181182861328
2012-04-11,106.6393814086914,58.7308464050293,76.92195892333984,161.07000732421875,40.65755081176758
2012-04-12,108.03269958496094,59.402587890625,76.6021499633789,162.6999969482422,41.02164459228516
2012-04-13,106.74838256835938,58.5010986328125,77.84140014648438,160.85000610351562,40.88962936401367
2012-04-16,106.67831420898438,57.84702682495117,77.72809600830078,160.4600067138672,40.9533576965332
2012-04-17,108.2583999633789,59.022552490234375,77.68144989013672,160.25,41.1308479309082
2012-04-18,107.8926010131836,58.87228393554688,77.90798950195312,159.30999755859375,41.11719512939453
2012-04-19,107.19984436035156,58.209415435791016,77.98123168945312,159.42999267578125,41.03985977172852
2012-04-20,107.37883758544922,58.05031967163086,77.99459838867188,159.5399932861328,41.10353469848633
2012-04-23,106.4758758544922,57.520015716552734,78.56084442138672,159.07000732421875,41.01704406738281
2012-04-24,106.88068389892578,57.210670471191406,78.00789642333984,159.3000030517578,41.11263275146485
2012-04-25,108.3440170288086,58.7308464050293,77.608154296875,159.6199951171875,41.41300582885742
2012-04-26,109.09906768798828,59.0755729675293,78.07453918457031,161.02999877929688,41.44030380249024
2012-04-27,109.27808380126952,59.429107666015625,78.14106750488281,161.3800048828125,41.42211532592773
2012-04-30,108.87335205078124,59.00485229492188,78.16114044189453,161.8800048828125,41.50404357910156
2012-05-01,109.5505599975586,59.10210037231445,77.7557144165039,161.32000732421875,41.53558349609375
2012-05-02,109.22361755371094,59.27001190185547,78.3033676147461,160.58999633789062,41.69576644897461
2012-05-03,108.39070129394533,58.642486572265625,78.28337860107422,158.97000122070312,41.66831207275391
2012-05-04,106.6393814086914,57.18416595458984,78.89775085449219,159.47000122070312,41.58594512939453
2012-05-07,106.71721649169922,57.2371826171875,78.9111328125,159.0800018310547,41.654579162597656
2012-05-08,106.2890853881836,57.02507019042969,79.33184051513672,156.0,41.64541244506836
2012-05-09,105.65860748291016,56.848289489746094,79.38528442382812,154.47000122070312,41.49898910522461
2012-05-10,105.87655639648438,56.73340225219727,79.15151977539062,154.77000427246094,41.4532470703125
2012-05-11,105.55743408203124,56.724586486816406,79.80599212646484,153.55999755859375,41.55847930908203
2012-05-14,104.38983154296876,56.19427108764648,80.9212646484375,151.3300018310547,41.251861572265625
2012-05-15,103.79046630859376,56.0086669921875,81.24851989746094,149.74000549316406,41.05049896240234
2012-05-16,103.39348602294922,55.62859725952149,81.48226165771484,149.4600067138672,40.647743225097656
2012-05-17,101.8600845336914,54.453102111816406,82.92479705810547,152.8000030517578,40.08486175537109
2012-05-18,100.98826599121094,53.74604415893555,82.94477844238281,154.5500030517578,40.08486175537109
2012-05-21,102.72409057617188,55.24856185913086,82.77118682861328,154.64999389648438,40.50132751464844
2012-05-22,102.90310668945312,55.18669509887695,81.84957122802734,152.0800018310547,40.49676513671875
2012-05-23,102.95758819580078,55.292747497558594,82.41724395751953,151.6199951171875,40.4555549621582
2012-05-24,103.16002655029295,54.93038177490234,82.10335540771484,151.41000366210938,40.46469879150391
2012-05-25,102.82527923583984,54.859676361083984,82.41056060791016,152.67999267578125,40.33658981323242
2012-05-29,104.07068634033205,55.557899475097656,82.15679168701172,151.02000427246094,40.78047561645508
2012-05-30,102.56061553955078,55.08946990966797,84.24040985107422,151.91000366210938,40.59744644165039
2012-05-31,102.33486938476562,54.85083770751953,85.21544647216797,151.6199951171875,40.16722869873047
2012-06-01,99.7583999633789,53.392486572265625,87.2384033203125,157.5,39.81821823120117
2012-06-04,99.71172332763672,53.79905319213867,86.54917907714844,157.32000732421875,39.85042953491211
2012-06-05,100.46676635742188,54.02003479003906,85.3914566040039,157.13999938964844,40.10367584228516
2012-06-06,102.72409057617188,55.25740432739258,83.68496704101562,157.2100067138672,40.53195190429688
2012-06-07,102.78634643554688,55.03643035888672,83.81210327148438,154.5,40.68391799926758
2012-06-08,103.60364532470705,55.56672286987305,83.79203796386719,154.72999572753906,40.8404541015625
2012-06-11,102.28815460205078,54.6298828125,84.17347717285156,155.36000061035156,40.57340240478516
2012-06-12,103.4635238647461,55.292747497558594,83.40388488769531,156.4600067138672,40.85892105102539
2012-06-13,102.80194091796876,54.91269302368164,84.22698211669922,157.1199951171875,40.73917007446289
2012-06-14,103.8916473388672,55.115997314453125,84.11994171142578,157.75,41.043087005615234
2012-06-15,104.95417785644533,55.80076599121094,84.58841705322266,157.83999633789062,41.116737365722656
2012-06-18,105.1576156616211,56.32342529296875,85.04341888427734,157.92999267578125,41.13056945800781
2012-06-19,106.17474365234376,56.90808868408203,83.9325942993164,157.16000366210938,41.42069625854492
2012-06-20,106.00265502929688,56.952396392822266,84.34746551513672,155.97000122070312,41.58187103271485
2012-06-21,103.62405395507812,55.53499603271485,84.79588317871094,152.02000427246094,41.241092681884766
2012-06-22,104.4221649169922,56.119667053222656,83.66488647460938,152.63999938964844,41.522010803222656
2012-06-25,102.7477569580078,55.03890228271485,84.8828125,153.75999450683594,41.457515716552734
2012-06-26,103.26412200927734,55.38439178466797,84.54824829101562,152.6199951171875,41.397647857666016
2012-06-27,104.19522094726562,55.72103500366211,84.68209075927734,152.8300018310547,41.64631271362305
2012-06-28,103.8979034423828,55.10092926025391,84.88955688476562,151.0500030517578,41.641746520996094
2012-06-29,106.48775482177734,56.83722686767578,83.78533935546875,155.19000244140625,42.03774642944336
2012-07-02,106.80854034423828,57.00553894042969,84.64983367919922,155.08999633789062,42.083126068115234
2012-07-03,107.51270294189452,57.4839096069336,83.99930572509766,157.4600067138672,42.2359619140625
2012-07-05,107.02761840820312,57.51933670043945,84.428466796875,155.67999267578125,42.24059677124024
2012-07-06,106.01048278808594,56.8017807006836,85.21316528320312,153.7100067138672,42.18500518798828
2012-07-09,105.87744903564452,56.69548034667969,85.96426391601562,154.0399932861328,42.198917388916016
2012-07-10,104.95417785644533,56.13739013671875,86.13868713378906,152.14999389648438,42.013648986816406
2012-07-11,104.9698257446289,55.82733917236328,86.24597930908203,152.99000549316406,42.14795303344727
2012-07-12,104.46126556396484,55.30467987060547,86.85628509521484,152.58999633789062,42.05532836914063
2012-07-13,106.2139129638672,56.146244049072266,86.62828063964844,154.13999938964844,42.18500518798828
2012-07-16,105.9635238647461,55.9868049621582,87.03062438964844,154.2100067138672,42.02291870117188
2012-07-17,106.691162109375,56.27911376953125,86.34658813476562,153.47000122070312,42.22205352783203
2012-07-18,107.48143005371094,57.04098510742188,86.39348602294922,153.0500030517578,42.39803314208984
2012-07-19,107.7630844116211,57.6699333190918,86.17220306396484,153.3800048828125,42.50455093383789
2012-07-20,106.77723693847656,56.90808868408203,87.2251205444336,153.6699981689453,42.30541610717773
2012-07-23,105.69750213623048,56.21710205078125,87.7147445678711,153.02999877929688,42.2359619140625
2012-07-24,104.78987121582033,55.774173736572266,88.40544891357422,153.52000427246094,41.9765853881836
2012-07-25,104.8133316040039,55.40211868286133,88.63346862792969,155.6699981689453,41.888614654541016
2012-07-26,106.54248809814452,56.13739013671875,87.82201385498047,156.77000427246094,42.3193244934082
2012-07-27,108.50634002685548,57.4661865234375,86.16549682617188,157.5399932861328,42.56938934326172
2012-07-30,108.50634002685548,57.42187881469727,86.80929565429688,157.42999267578125,42.56938934326172
2012-07-31,107.74742889404295,57.4041862487793,86.983642578125,156.49000549316406,42.46749496459961
2012-08-01,107.65352630615234,57.23587417602539,86.54888916015625,155.13999938964844,42.6980094909668
2012-08-02,106.91026306152344,57.032108306884766,87.0394515991211,154.1300048828125,42.52573776245117
2012-08-03,109.03057861328124,58.11286163330078,85.63484954833984,155.5500030517578,42.70266342163086
2012-08-06,109.24187469482422,58.5557975769043,85.66844940185547,156.3000030517578,42.67474365234375
2012-08-07,109.78958129882812,59.04302597045898,84.56626892089844,156.27999877929688,42.59090805053711
2012-08-08,109.92257690429688,59.01646423339844,84.11601257324219,156.47999572753906,42.61882019042969
2012-08-09,110.01651763916016,59.193626403808594,84.05549621582031,156.99000549316406,42.623512268066406
2012-08-10,110.19641876220705,59.22907257080078,84.47886657714844,157.17999267578125,42.58625411987305
2012-08-13,110.14166259765624,59.37080764770508,84.33775329589844,155.99000549316406,42.60953521728516
2012-08-14,110.15731048583984,59.39737319946289,83.19525146484375,155.1300048828125,42.67474365234375
2012-08-15,110.28247833251952,59.5479621887207,82.02584838867188,155.6300048828125,42.469844818115234
2012-08-16,111.09617614746094,60.25665664672852,81.3268814086914,156.55999755859375,42.62815856933594
2012-08-17,111.24492645263672,60.522422790527344,81.7234115600586,156.72000122070312,42.62815856933594
2012-08-20,111.2526626586914,60.61100769042969,81.89137268066406,157.25999450683594,42.679386138916016
2012-08-21,110.9162368774414,60.371829986572266,82.2543716430664,158.8300018310547,42.77254867553711
2012-08-22,110.96319580078124,60.6198844909668,83.6119155883789,160.5399932861328,42.73061752319336
2012-08-23,110.05559539794922,60.123802185058594,83.96138000488281,161.88999938964844,42.72129440307617
2012-08-24,110.72062683105467,60.49584579467773,83.88072204589844,161.97000122070312,42.912227630615234
2012-08-27,110.7441177368164,60.5932846069336,84.37138366699219,161.36000061035156,42.87963485717773
2012-08-28,110.63458251953124,60.5932846069336,84.57295227050781,161.63999938964844,42.842376708984375
2012-08-29,110.72062683105467,60.5932846069336,84.20333862304688,160.58999633789062,42.90293884277344
2012-08-30,109.92257690429688,59.982059478759766,84.6402359008789,160.52000427246094,42.8842887878418
2012-08-31,110.44683837890624,60.38068008422852,85.83647918701172,164.22000122070312,42.99606704711914
2012-09-04,110.34510040283205,60.31868362426758,85.75025177001953,164.47999572753906,42.9951171875
2012-09-05,110.25119018554688,60.25665664672852,85.34619140625,164.30999755859375,42.999794006347656
2012-09-06,112.4889144897461,61.59434127807617,83.92508697509766,164.88999938964844,43.25267028808594
2012-09-07,112.92706298828124,61.505767822265625,83.53446197509766,168.44000244140625,43.32755661010742
2012-09-10,112.28550720214844,60.717323303222656,83.73644256591797,167.2899932861328,43.25734329223633
2012-09-11,112.59847259521484,60.6198844909668,83.21110534667969,167.89999389648438,43.552337646484375
2012-09-12,112.97402954101562,60.79705047607422,82.17399597167969,167.9199981689453,43.68343734741211
2012-09-13,114.69536590576172,61.620880126953125,81.85070037841797,171.30999755859375,43.96439743041992
2012-09-14,115.20392608642578,62.17016220092773,79.67524719238281,171.8000030517578,43.9597282409668
2012-09-17,114.81273651123048,62.19670867919922,80.63163757324219,170.39999389648438,43.922271728515625
2012-09-18,114.71882629394533,62.24985504150391,81.03575134277344,171.72000122070312,43.94097137451172
2012-09-19,114.78141784667967,62.36503601074219,81.5678482055664,171.74000549316406,43.88481140136719
2012-09-20,114.78927612304688,62.30302047729492,81.76990509033203,171.47000122070312,43.67877960205078
2012-09-21,114.7412567138672,62.320796966552734,81.86421203613281,171.9600067138672,43.61788558959961
2012-09-24,114.56820678710938,61.95652389526367,82.50393676757812,171.0500030517578,43.561710357666016
2012-09-25,113.34895324707033,61.085933685302734,83.31892395019531,170.77000427246094,43.17304611206055
2012-09-26,112.71183013916016,60.588409423828125,84.21465301513672,169.80999755859375,42.9576530456543
2012-09-27,113.77375030517578,61.42351531982422,83.61528015136719,172.33999633789062,43.425907135009766
2012-09-28,113.24673461914062,60.9171257019043,83.66240692138672,171.88999938964844,43.219871520996094
2012-10-01,113.5456085205078,60.82828521728516,83.97284698486328,172.2899932861328,43.146934509277344
2012-10-02,113.66358947753906,61.00596618652344,83.85812377929688,172.10000610351562,43.25514602661133
2012-10-03,114.12772369384766,61.3968620300293,83.88514709472656,172.41000366210938,43.36344146728516
2012-10-04,114.94580841064452,61.61006546020508,82.83903503417969,173.61000061035156,43.547019958496094
2012-10-05,114.9536361694336,61.281368255615234,81.76590728759766,172.6199951171875,43.52349472045898
2012-10-08,114.56037139892578,60.72166442871094,82.45429992675781,172.0500030517578,43.46232604980469
2012-10-09,113.42765045166016,59.75333404541016,82.3058090209961,170.99000549316406,43.33990097045898
2012-10-10,112.70398712158205,59.451290130615234,82.88623809814453,170.83999633789062,43.236366271972656
2012-10-11,112.76690673828124,59.26471328735352,83.45990753173828,171.32000732421875,43.471717834472656
2012-10-12,112.39718627929688,59.238067626953125,83.66917419433594,170.05999755859375,43.547019958496094
2012-10-15,113.33324432373048,59.673370361328125,83.48017883300781,168.35000610351562,43.744720458984375
2012-10-16,114.48168182373048,60.517364501953125,82.32605743408203,169.4199981689453,43.90477752685547
2012-10-17,115.00086975097656,60.48179626464844,81.56342315673828,169.5399932861328,44.00364685058594
2012-10-18,114.7019500732422,59.77996826171875,81.06401062011719,168.7899932861328,43.98011016845703
2012-10-19,112.79048919677734,58.34966278076172,82.16407775878906,166.97000122070312,43.75886154174805
2012-10-22,112.80622100830078,58.65171051025391,81.63764953613281,167.5800018310547,43.768287658691406
2012-10-23,111.24090576171876,58.092044830322266,82.80525207519531,165.42999267578125,43.60354232788086
2012-10-24,110.92630004882812,57.8877067565918,81.98863220214844,164.86000061035156,43.56584548950195
2012-10-25,111.24876403808594,57.8877067565918,81.57017517089844,166.02000427246094,43.63648223876953
2012-10-26,111.18584442138672,58.05649566650391,82.77151489257812,165.92999267578125,43.53290939331055
2012-10-31,111.18584442138672,57.70113754272461,83.25745391845703,166.8300018310547,43.58467102050781
2012-11-01,112.34998321533205,58.51848602294922,82.57579803466797,166.07000732421875,43.5611686706543
2012-11-02,111.35101318359376,57.89658737182617,82.51504516601562,162.60000610351562,43.49994659423828
2012-11-05,111.57911682128906,58.278594970703125,82.98075866699219,163.22999572753906,43.42935562133789
2012-11-06,112.4522705078125,58.38521957397461,82.19784545898438,166.3000030517578,43.49526596069336
2012-11-07,109.90370178222656,57.008209228515625,83.68936157226562,166.49000549316406,43.236366271972656
2012-11-08,108.58219909667967,56.11091613769531,84.93121337890625,167.99000549316406,43.09514617919922
2012-11-09,108.67658996582033,56.35079574584961,85.02574920654297,167.82000732421875,43.01982879638672
2012-11-12,108.76309204101562,56.341888427734375,85.16746520996094,167.4499969482422,43.033939361572266
2012-11-13,108.38557434082033,55.95100784301758,85.45091247558594,167.10000610351562,42.93510055541992
2012-11-14,106.92243957519533,55.29359436035156,85.53192901611328,167.13999938964844,42.6997184753418
2012-11-15,106.74153900146484,55.107032775878906,85.36319732666016,166.08999633789062,42.68089294433594
2012-11-16,107.26853942871094,55.34688568115234,85.2889404296875,165.8800048828125,42.80327606201172
2012-11-19,109.4395980834961,56.661720275878906,84.80975341796875,167.8699951171875,43.3446159362793
2012-11-20,109.48680114746094,56.67949295043945,83.95936584472656,167.38999938964844,43.34933090209961
2012-11-21,109.69127655029295,56.79499053955078,83.91210174560547,167.55999755859375,43.33519744873047
2012-11-23,111.18584442138672,57.65671920776367,83.83113098144531,169.61000061035156,43.48111724853516
2012-11-26,110.9498519897461,57.90547561645508,84.2293472290039,169.42999267578125,43.49056243896485
2012-11-27,110.38347625732422,57.71003341674805,84.56002807617188,168.7100067138672,43.53290939331055
2012-11-28,111.27234649658205,58.20750427246094,84.43852996826172,166.5500030517578,43.5423469543457
2012-11-29,111.7915496826172,58.553993225097656,84.4520492553711,167.17999267578125,43.73532485961914
2012-11-30,111.81513214111328,58.456302642822266,84.22260284423828,166.0500030517578,43.80119323730469
2012-12-03,111.26447296142578,58.340782165527344,84.30036163330078,166.1300048828125,44.02316284179688
2012-12-04,111.10720825195312,58.30526351928711,84.78724670410156,164.4199981689453,44.02316284179688
2012-12-05,111.30382537841795,57.65671920776367,84.7467041015625,164.1199951171875,44.09412384033203
2012-12-06,111.681396484375,58.02983856201172,84.9292984008789,164.5,44.174583435058594
2012-12-07,112.01964569091795,57.683372497558594,84.144775390625,165.16000366210938,44.10831069946289
2012-12-10,112.06682586669922,57.852169036865234,84.51673889160156,165.8000030517578,44.146217346191406
2012-12-11,112.82988739013672,58.60731506347656,83.87429809570312,165.64999389648438,44.18880844116211
2012-12-12,112.88491821289062,58.48292922973633,82.90055847167969,165.77000427246094,44.32128143310547
2012-12-13,112.19271850585938,58.020957946777344,82.96137237548828,164.3699951171875,44.16510391235352
2012-12-14,111.77579498291016,57.470157623291016,83.58354187011719,164.1300048828125,44.13200378417969
2012-12-17,113.08939361572266,58.23417282104492,82.33247375488281,164.44000244140625,44.302345275878906
2012-12-18,114.34793853759766,59.122554779052734,81.49394989013672,162.0800018310547,44.32600784301758
2012-12-19,113.49847412109376,58.86495971679688,81.76444244384766,161.69000244140625,44.27870941162109
2012-12-20,114.1513214111328,58.86495971679688,81.7779541015625,159.72999572753906,44.43486022949219
2012-12-21,113.1151351928711,58.245849609375,82.67057800292969,160.3300018310547,44.30710983276367
2012-12-24,112.7666015625,58.12970733642578,82.52180480957031,160.6199951171875,44.146217346191406
2012-12-26,112.29129791259766,57.620513916015625,82.81866455078125,160.77999877929688,44.25326156616211
2012-12-27,112.14075469970705,57.53116989135742,83.0965347290039,161.16000366210938,44.34363555908203
2012-12-28,110.92874908447266,56.97731018066406,83.5708999633789,160.5399932861328,44.224700927734375
2012-12-31,112.81414031982422,58.18332290649414,82.12740325927734,162.02000427246094,44.41500473022461
2013-01-02,115.70556640625,60.03251647949219,81.02947998046875,163.1699981689453,44.83372116088867
2013-01-03,115.44416046142578,59.719852447509766,79.93157196044922,161.1999969482422,44.69570541381836
2013-01-04,115.95116424560548,59.5233154296875,80.24333953857422,160.44000244140625,44.72429275512695
2013-01-07,115.63423919677734,59.54119491577149,80.27720642089844,159.42999267578125,44.76234817504883
2013-01-08,115.30157470703124,59.4250373840332,80.80582427978516,160.55999755859375,44.72904968261719
2013-01-09,115.59464263916016,59.648399353027344,80.73127746582031,160.49000549316406,44.81468200683594
2013-01-10,116.51359558105467,60.00572204589844,80.50762939453125,161.97999572753906,44.89083099365234
2013-01-11,116.5056610107422,60.08613586425781,81.22599029541016,161.05999755859375,44.97168731689453
2013-01-14,116.42645263671876,59.818145751953125,81.00234985351562,161.5399932861328,44.90985107421875
2013-01-15,116.5056610107422,59.5233154296875,81.37513732910156,162.55999755859375,44.91934967041016
2013-01-16,116.48980712890624,59.76454925537109,81.54454040527344,162.64999389648438,44.84323120117188
2013-01-17,117.24237060546876,60.050392150878906,80.73127746582031,163.35000610351562,45.0050163269043
2013-01-18,117.50382232666016,59.91639709472656,81.35475158691406,163.08999633789062,45.06684494018555
2013-01-22,118.13751220703124,60.01466369628906,81.51068878173828,163.6699981689453,45.09542083740234
2013-01-23,118.32762908935548,60.38093566894531,81.38868713378906,163.2100067138672,45.04306411743164
2013-01-24,118.35934448242188,59.55013656616211,81.10403442382812,161.4199981689453,45.14301300048828
2013-01-25,119.02481079101562,59.8538818359375,79.99254608154297,160.64999389648438,45.128692626953125
2013-01-28,118.88219451904295,59.98786544799805,79.70113372802734,160.2899932861328,45.10491180419922
2013-01-29,119.3495864868164,59.99679565429688,79.26061248779297,160.99000549316406,45.02878952026367
2013-01-30,118.88219451904295,59.87174606323242,79.12503814697266,162.19000244140625,44.70523071289063
2013-01-31,118.58911895751952,59.73775100708008,79.51134490966797,161.1999969482422,44.56727981567383
2013-02-01,119.80905151367188,60.44348907470703,78.47892761230469,161.4499969482422,44.71505355834961
2013-02-04,118.46231842041016,59.38933563232422,79.4841537475586,162.0,44.52853012084961
2013-02-05,119.65850067138672,60.26480484008789,78.77777862548828,161.9600067138672,44.62897109985352
2013-02-06,119.74565887451172,60.068267822265625,79.4230728149414,162.38999938964844,44.5620231628418
2013-02-07,119.58724975585938,60.12186813354492,79.24644470214844,161.83999633789062,44.47592544555664
2013-02-08,120.25265502929688,60.738277435302734,79.55210876464844,161.57000732421875,44.4854736328125
2013-02-11,120.2289047241211,60.75615692138672,79.4909896850586,159.6999969482422,44.48069381713867
2013-02-12,120.42692565917967,60.50600814819336,79.29399871826172,159.88999938964844,44.63374328613281
2013-02-13,120.5299301147461,60.72041320800781,78.64868927001953,159.0500030517578,44.700721740722656
2013-02-14,120.64081573486328,60.70253753662109,79.36192321777344,158.35000610351562,44.681602478027344
2013-02-15,120.49822235107422,60.52388000488281,79.13096618652344,155.75999450683594,44.68635559082031
2013-02-19,121.40130615234376,60.96160507202149,78.73702239990234,155.3300018310547,44.72941970825195
2013-02-20,119.88826751708984,60.02360916137695,78.9747543334961,151.44000244140625,44.68635559082031
2013-02-21,119.15947723388672,59.380401611328125,79.43665313720703,152.6199951171875,44.73423004150391
2013-02-22,120.3239517211914,59.97892761230469,79.4909896850586,152.97000122070312,44.844215393066406
2013-02-25,118.03459930419922,59.23744583129883,81.05323791503906,154.33999633789062,44.70549392700195
2013-02-26,118.84260559082033,59.46080017089844,80.58457946777344,156.22000122070312,44.92555618286133
2013-02-27,120.3398666381836,60.068267822265625,80.3468017578125,154.57000732421875,45.00209426879883
2013-02-28,120.10212707519533,59.94318771362305,80.49626922607422,153.0,44.98294448852539
2013-03-01,120.49822235107422,60.19331741333008,80.93462371826172,152.44000244140625,45.07240676879883
2013-03-04,121.1399154663086,60.461368560791016,80.50575256347656,152.3000030517578,45.07724380493164
2013-03-05,122.22517395019533,61.35466384887695,80.27428436279297,152.3800048828125,45.16860580444336
2013-03-06,122.39157104492188,61.20284271240234,79.54600524902344,153.22999572753906,45.13972854614258
2013-03-07,122.61338806152344,61.36362838745117,78.93333435058594,152.69000244140625,45.20708847045898
2013-03-08,123.13622283935548,61.43507766723633,78.1097640991211,152.7100067138672,45.25996017456055
2013-03-11,123.60360717773438,61.61373901367188,78.18455505371094,152.99000549316406,45.23111343383789
2013-03-12,123.32633972167967,61.39042663574219,78.74959564208984,154.19000244140625,45.211910247802734
2013-03-13,123.50055694580078,61.310020446777344,78.66789245605469,153.66000366210938,45.221466064453125
2013-03-14,124.15803527832033,61.51546859741211,78.4296646118164,153.67999267578125,45.39463424682617
2013-03-15,123.99420166015624,61.34447479248047,78.79722595214844,154.0,45.38977813720703
2013-03-18,123.30987548828124,61.21015167236328,79.3962173461914,155.3800048828125,45.39944076538086
2013-03-19,123.0233917236328,61.09375,79.93399810791016,156.0800018310547,45.32247161865234
2013-03-20,123.88278198242188,61.52353286743164,79.04226684570312,155.3699951171875,45.47156524658203
2013-03-21,122.82453155517578,60.825103759765625,79.80459594726562,156.25,45.38977813720703
2013-03-22,123.8111801147461,61.41606521606445,79.86591339111328,155.5500030517578,45.35616302490234
2013-03-25,123.29397583007812,61.19222640991211,79.79100799560547,155.24000549316406,45.2888069152832
2013-03-26,124.2806396484375,61.52353286743164,79.8863296508789,154.72000122070312,45.37057113647461
2013-03-27,124.2806396484375,61.6041374206543,80.5670394897461,155.36000061035156,45.29361343383789
2013-03-28,124.66255950927734,61.7563591003418,80.15866088867188,154.4499969482422,45.37535858154297
2013-04-01,124.16927337646484,61.33549499511719,80.7623291015625,154.6699981689453,45.45658493041992
2013-04-02,124.78195190429688,61.81901931762695,80.43489074707031,152.42999267578125,45.42277908325195
2013-04-03,123.51679229736328,61.254913330078125,81.15799713134766,150.72999572753906,45.42277908325195
2013-04-04,124.01806640625,61.27284240722656,82.12667083740234,150.2899932861328,45.40826034545898
2013-04-05,123.46106719970705,60.76243209838867,83.78434753417969,152.80999755859375,45.45175552368164
2013-04-08,124.29657745361328,61.084774017333984,83.14314270019531,152.16000366210938,45.500125885009766
2013-04-09,124.72628784179688,61.49666213989258,82.93844604492188,153.33999633789062,45.6451416015625
2013-04-10,126.25399780273438,62.69652557373047,81.7992935180664,150.75,45.79016876220703
2013-04-11,126.66776275634766,62.669654846191406,81.95614624023438,151.0500030517578,45.79016876220703
2013-04-12,126.357421875,62.6248664855957,83.17723083496094,143.9499969482422,45.80467224121094
2013-04-15,123.4292449951172,61.38924026489258,83.90034484863281,131.30999755859375,45.514610290527344
2013-04-16,125.2514419555664,62.204044342041016,83.2113265991211,132.8000030517578,45.82884979248047
2013-04-17,123.42132568359376,60.98630142211914,83.76385498046875,132.8699951171875,45.75632095336914
2013-04-18,122.64944458007812,60.14458465576172,83.96856689453125,134.3000030517578,45.68379592895508
2013-04-19,123.71570587158205,60.968353271484375,83.7911605834961,135.47000122070312,45.65961837768555
2013-04-22,124.26473236083984,61.59514617919922,83.85259246826172,137.89999389648438,45.7659912109375
2013-04-23,125.5458526611328,62.18613052368164,83.55924224853516,136.8800048828125,45.94486999511719
2013-04-24,125.62539672851562,62.15924835205078,83.7706527709961,138.3699951171875,46.02703094482422
2013-04-25,126.1346664428711,62.49056243896485,83.4091796875,141.6300048828125,46.15275573730469
2013-04-26,125.91181182861328,62.29360580444336,84.17321014404297,140.91000366210938,46.104373931884766
2013-04-29,126.75525665283205,62.86664581298828,83.86624908447266,142.3000030517578,46.19142150878906
2013-04-30,127.05764770507812,63.32331085205078,83.91395568847656,142.77000427246094,46.3364372253418
2013-05-01,125.94364166259766,63.02778625488281,84.77603149414062,141.11000061035156,46.24801635742188
2013-05-02,127.11329650878906,63.82473373413086,84.66665649414062,141.9199981689453,46.54438018798828
2013-05-03,128.4023895263672,64.576904296875,82.67044067382812,142.08999633789062,46.61722946166992
2013-05-06,128.72860717773438,64.82759857177734,82.46540069580078,142.14999389648438,46.64638137817383
2013-05-07,129.38113403320312,64.79175567626953,82.14410400390625,140.3800048828125,46.61235046386719
2013-05-08,129.9698944091797,65.10516357421875,82.27396392822266,142.4600067138672,46.777530670166016
2013-05-09,129.6038818359375,65.01564025878906,82.06202697753906,140.80999755859375,46.64150619506836
2013-05-10,130.0255889892578,65.40961456298828,81.1801528930664,139.60000610351562,46.39860153198242
2013-05-13,130.12904357910156,65.49021911621094,80.55805969238281,138.42999267578125,46.209171295166016
2013-05-14,131.47381591796875,65.83043670654297,79.68301391601562,137.80999755859375,46.25772476196289
2013-05-15,132.1820068359375,65.96476745605469,80.21629333496094,134.6300048828125,46.2625846862793
2013-05-16,131.56134033203125,65.89313507080078,81.05032348632812,134.08999633789062,46.37433242797852
2013-05-17,132.8343963623047,66.52887725830078,80.02481842041016,131.07000732421875,46.37433242797852
2013-05-20,132.82652282714844,66.43037414550781,79.9291763305664,135.1199951171875,46.42291259765625
2013-05-21,133.0174560546875,66.50202178955078,80.55805969238281,132.8800048828125,46.51034927368164
2013-05-22,132.0307159423828,65.92001342773438,79.36175537109375,131.94000244140625,46.223731994628906
2013-05-23,131.64883422851562,65.76776885986328,79.73772430419922,134.61000061035156,46.097450256347656
2013-05-24,131.53744506835938,65.73197174072266,79.84712219238281,133.75999450683594,46.00997543334961
2013-05-28,132.32522583007812,66.1617660522461,77.82357788085938,133.49000549316406,45.83993148803711
2013-05-29,131.4657745361328,65.84835815429688,78.69866943359375,134.8300018310547,45.65533828735352
2013-05-30,131.95123291015625,66.19757843017578,78.5072250366211,136.6999969482422,45.74763870239258
2013-05-31,130.05743408203125,65.5887222290039,78.2405776977539,133.9199981689453,45.14039611816406
2013-06-03,130.7735595703125,65.70509338378906,78.6551742553711,136.50999450683594,45.100833892822266
2013-06-04,130.14495849609375,65.36483764648438,77.9288101196289,135.22999572753906,45.100833892822266
2013-06-05,128.3227996826172,64.51422119140625,79.00469970703125,135.52000427246094,44.710182189941406
2013-06-06,129.48458862304688,64.82759857177734,78.95671844482422,136.52999877929688,45.06178665161133
2013-06-07,131.1316375732422,65.71405792236328,77.54505920410156,133.27999877929688,45.091087341308594
2013-06-10,131.1316375732422,65.74090576171875,77.17499542236328,133.94000244140625,44.9983024597168
2013-06-11,129.77896118164062,65.08727264404297,78.09330749511719,133.25,44.71994018554688
2013-06-12,128.70474243164062,64.33512878417969,76.97628021240234,134.25,44.75414657592773
2013-06-13,130.6621856689453,65.14993286132812,78.18232727050781,133.74000549316406,45.26687240600586
2013-06-14,129.84268188476562,64.72016143798828,77.99735260009766,134.42999267578125,45.320587158203125
2013-06-17,130.84521484375,65.3469467163086,77.58615112304688,133.77000427246094,45.315711975097656
2013-06-18,131.87957763671875,65.88417053222656,77.6273193359375,132.1300048828125,45.428009033203125
2013-06-19,130.05743408203125,65.14993286132812,76.8255615234375,130.58999633789062,44.74922943115234
2013-06-20,126.8348388671875,63.60089874267578,75.56459045410156,123.5999984741211,44.30978775024414
2013-06-21,127.24205780029295,63.26313781738281,74.28318786621094,125.0500030517578,44.02168273925781
2013-06-24,125.6341781616211,62.634403228759766,74.59156799316406,123.93000030517578,43.479610443115234
2013-06-25,126.84207916259766,63.09249114990234,73.9268798828125,123.47000122070312,44.09981155395508
2013-06-26,128.0979461669922,63.65838623046875,74.40650939941406,118.27999877929688,44.46605682373047
2013-06-27,128.84988403320312,63.9278564453125,75.16719055175781,115.94000244140624,44.680912017822266
2013-06-28,128.3219451904297,64.01766204833984,75.6811294555664,119.11000061035156,44.37813186645508
2013-07-01,129.0738067626953,64.41292572021484,75.83362579345703,121.12999725341795,44.618682861328125
2013-07-02,128.95384216308594,64.43984985351562,75.7854995727539,120.0500030517578,44.481239318847656
2013-07-03,129.0098419189453,64.70032501220703,75.55890655517578,120.73999786376952,44.58434677124024
2013-07-05,130.4016571044922,65.19436645507812,72.9832534790039,118.08999633789062,44.10813522338867
2013-07-08,131.14556884765625,65.25725555419922,73.69068145751953,119.51000213623048,44.71686553955078
2013-07-09,132.08950805664062,65.65247344970703,73.76616668701172,120.62000274658205,44.74142074584961
2013-07-10,132.137451171875,66.02973937988281,73.18924713134766,120.9499969482422,44.91814041137695
2013-07-11,133.9373321533203,67.34117126464844,74.04783630371094,124.23999786376952,45.48268508911133
2013-07-12,133.99327087402344,67.63760375976562,73.98599243164062,124.12999725341795,45.43849563598633
2013-07-15,134.5052490234375,67.790283203125,74.37752532958984,124.18000030517578,45.62995147705078
2013-07-16,134.00125122070312,67.70044708251953,74.63162994384766,124.88999938964844,45.51703643798828
2013-07-17,134.34519958496094,67.87113952636719,74.76897430419922,123.31999969482422,45.85085678100586
2013-07-18,135.08116149902344,67.70044708251953,73.83490753173828,124.01000213623048,46.12576675415039
2013-07-19,135.32107543945312,66.99981689453125,75.00248718261719,125.11000061035156,46.096336364746094
2013-07-22,135.58509826660156,67.19745635986328,75.11244201660156,128.83999633789062,46.13069152832031
2013-07-23,135.29713439941406,66.70342254638672,74.79647064208984,129.7100067138672,46.017765045166016
2013-07-24,134.8011474609375,66.91897583007812,73.84862518310547,127.4800033569336,45.62995147705078
2013-07-25,135.12913513183594,67.34117126464844,73.82115173339844,128.6699981689453,45.5268783569336
2013-07-26,135.2731170654297,67.70044708251953,74.27446746826172,128.77999877929688,45.54649353027344
2013-07-29,134.857177734375,67.5747299194336,73.73189544677734,128.47000122070312,45.44833755493164
2013-07-30,134.857177734375,67.9339828491211,73.70437622070312,128.1199951171875,45.51215362548828
2013-07-31,134.9531707763672,68.05976104736328,73.97225952148438,127.95999908447266,45.64468002319336
2013-08-01,136.5129852294922,68.75141906738281,72.54692840576172,126.61000061035156,45.21205520629883
2013-08-02,136.7449951171875,69.13764190673828,73.34567260742188,126.36000061035156,45.48828125
2013-08-05,136.54498291015625,69.18253326416016,72.78105163574219,125.6999969482422,45.25646209716797
2013-08-06,135.76907348632812,68.76935577392578,72.99451446533203,123.97000122070312,45.21205520629883
2013-08-07,135.3291015625,68.64360809326172,73.53849792480469,124.1500015258789,45.068973541259766
2013-08-08,135.8250732421875,68.98494720458984,73.73817443847656,126.86000061035156,45.16764831542969
2013-08-09,135.43316650390625,68.70652770996094,73.85520935058594,126.86000061035156,45.17259216308594
2013-08-12,135.2731170654297,68.8681640625,73.35259246826172,129.1300048828125,45.13315200805664
2013-08-13,135.67308044433594,69.25440979003906,72.29219818115234,127.73999786376952,45.13315200805664
2013-08-14,134.9771728515625,68.99392700195312,72.40235900878906,129.0,45.04433059692383
2013-08-15,133.08941650390625,67.82623291015625,71.42456817626953,131.69000244140625,44.81243515014648
2013-08-16,132.64944458007812,67.79928588867188,71.17671966552734,132.5800018310547,44.65955352783203
2013-08-19,131.80148315429688,67.68248748779297,70.55705261230469,132.00999450683594,44.363582611083984
2013-08-20,132.44944763183594,67.97892761230469,71.10095977783203,132.4499969482422,44.77300643920898
2013-08-21,131.633544921875,67.74539184570312,70.32288360595703,132.07000732421875,44.61020278930664
2013-08-22,132.83340454101562,68.41007995605469,71.03899383544922,132.80999755859375,44.851932525634766
2013-08-23,133.2813262939453,68.8681640625,71.81022644042969,134.89999389648438,45.0394172668457
2013-08-26,132.78541564941406,68.90411376953125,72.1682357788086,135.4499969482422,45.04433059692383
2013-08-27,130.6496124267578,67.4938735961914,73.0771484375,136.75,44.75327301025391
2013-08-28,131.11361694335938,67.75435638427734,72.48497772216797,136.7100067138672,44.92100143432617
2013-08-29,131.32151794433594,68.23043060302734,73.0633544921875,135.8699951171875,45.103515625
2013-08-30,130.90562438964844,67.790283203125,72.98072814941406,134.6199951171875,45.064064025878906
2013-09-03,131.49754333496094,68.1765365600586,71.95135498046875,136.4199981689453,44.82600784301758
2013-09-04,132.5854034423828,68.90411376953125,71.79258728027344,134.66000366210938,44.9946403503418
2013-09-05,132.75340270996094,69.0208740234375,70.79154968261719,132.1999969482422,44.76649475097656
2013-09-06,132.81739807128906,69.1017074584961,71.14363861083984,134.14999389648438,44.9152717590332
2013-09-09,134.0892791748047,69.91016387939453,71.17815399169922,133.91000366210938,45.02935409545898
2013-09-10,135.08116149902344,70.25144958496094,70.68108367919922,131.74000549316406,45.18804931640625
2013-09-11,135.50515747070312,70.11672973632812,71.3093490600586,131.6999969482422,45.247554779052734
2013-09-12,135.1451873779297,70.07180786132812,71.21267700195312,127.66999816894533,45.192996978759766
2013-09-13,135.4490509033203,70.11672973632812,71.48880767822266,127.81999969482422,45.15827560424805
2013-09-16,136.2330780029297,69.92813110351562,71.012451171875,126.4499969482422,45.40623092651367
2013-09-17,136.8409881591797,70.39521789550781,71.59930419921875,126.5,45.55501174926758
2013-09-18,138.42478942871094,71.23954772949219,72.4830093383789,132.00999450683594,45.99143600463867
2013-09-19,138.19277954101562,71.41022491455078,72.05491638183594,131.75,45.857513427734375
2013-09-20,137.2266845703125,71.16513061523438,72.43466186523438,127.95999908447266,45.80294418334961
2013-09-23,136.59161376953125,71.02098083496094,72.96620178222656,127.5500030517578,45.79803466796875
2013-09-24,136.2700958251953,71.02098083496094,73.75325012207031,127.66000366210938,45.698829650878906
2013-09-25,135.87620544433594,70.77774047851562,73.90516662597656,128.7899932861328,45.61944961547852
2013-09-26,136.39871215820312,71.32730865478516,73.38737487792969,127.79000091552734,45.59468460083008
2013-09-27,135.7716827392578,71.23722076416016,73.56686401367188,128.97000122070312,45.54508972167969
2013-09-30,135.0482940673828,71.06603240966797,73.4564208984375,128.17999267578125,45.41614532470703
2013-10-01,136.1173553466797,71.78681182861328,73.23350524902344,124.58999633789062,45.61299896240234
2013-10-02,135.98875427246094,71.75975799560547,73.34423828125,127.05999755859376,45.632930755615234
2013-10-03,134.73483276367188,70.921875,73.2265625,127.18000030517578,45.662818908691406
2013-10-04,135.75567626953125,71.53455352783203,73.17125701904297,126.52999877929688,45.7425651550293
2013-10-07,134.5820770263672,70.93988800048828,73.46888732910156,127.63999938964844,45.62297439575195
2013-10-08,133.01463317871094,69.57048034667969,73.48966979980469,127.4000015258789,45.60303115844727
2013-10-09,133.1111297607422,69.35425567626953,72.90128326416016,126.11000061035156,45.64291763305664
2013-10-10,135.98069763183594,70.82276916503906,73.01895904541016,124.2699966430664,45.85221099853516
2013-10-11,136.85690307617188,71.38135528564453,72.99813079833984,122.5999984741211,45.93693542480469
2013-10-14,137.4035186767578,71.8858871459961,72.40985107421875,122.83000183105467,46.0067024230957
2013-10-15,136.40675354003906,71.60662078857422,72.36137390136719,123.7300033569336,45.99174118041992
2013-10-16,138.31178283691406,72.41744995117188,73.26811981201172,123.54000091552734,46.23593521118164
2013-10-17,139.23617553710938,72.83187103271484,73.93260955810547,127.41999816894533,46.46016311645508
2013-10-18,140.1766357421875,74.01212310791016,74.0918197631836,126.8499984741211,46.55488586425781
2013-10-21,140.1846160888672,74.17430114746094,73.85650634765625,126.9800033569336,46.45022201538086
2013-10-22,140.99649047851562,74.28238677978516,74.68022155761719,129.33999633789062,46.58975982666016
2013-10-23,140.3212432861328,73.83191680908203,74.97090911865234,128.69000244140625,46.6296272277832
2013-10-24,140.7875213623047,74.15625762939453,74.68022155761719,129.89999389648438,46.64456558227539
2013-10-25,141.43060302734375,74.68783569335938,74.95706939697266,130.4600067138672,46.65951919555664
2013-10-28,141.65565490722656,74.7058334350586,74.70099639892578,130.55999755859375,46.64955139160156
2013-10-29,142.41119384765625,74.83194732666016,74.79788970947266,129.77000427246094,46.72428512573242
2013-10-30,141.70388793945312,74.75989532470703,74.34799194335938,129.60000610351562,46.53493118286133
2013-10-31,141.3019256591797,74.58871459960938,74.50714874267578,127.73999786376952,46.55984878540039
2013-11-01,141.63955688476562,74.60672760009766,73.70064544677734,126.9499969482422,46.47972869873047
2013-11-04,142.13792419433594,74.71485137939453,73.77010345458984,126.80999755859376,46.55984878540039
2013-11-05,141.68777465820312,74.79591369628906,72.88865661621094,126.55999755859376,46.43465805053711
2013-11-06,142.41119384765625,74.77787780761719,72.92337799072266,127.1999969482422,46.56986618041992
2013-11-07,140.6106719970703,73.37245178222656,73.54100799560547,126.16000366210938,46.59988784790039
2013-11-08,142.5076904296875,74.36351776123047,71.77122497558594,124.27999877929688,46.519775390625
2013-11-11,142.5317840576172,74.24634552001953,71.50049591064453,123.87000274658205,46.34450912475586
2013-11-12,142.24237060546875,74.36351776123047,71.83366394042969,122.4499969482422,46.2794189453125
2013-11-13,143.38381958007812,75.2644271850586,72.09745025634766,122.8499984741211,46.45465469360352
2013-11-14,144.0992431640625,75.49864959716797,72.54163360595703,124.2699966430664,46.58990097045898
2013-11-15,144.7261962890625,75.6427993774414,72.68737030029297,124.31999969482422,46.65999603271485
2013-11-18,144.2198028564453,74.90404510498047,73.12461853027344,122.9000015258789,46.5247802734375
2013-11-19,143.9063262939453,74.68783569335938,72.56936645507812,122.9499969482422,46.50475311279297
2013-11-20,143.4561004638672,74.50762939453125,71.3340072631836,120.12000274658205,46.45969009399414
2013-11-21,144.61366271972656,75.2644271850586,71.45195007324219,119.94000244140624,46.619911193847656
2013-11-22,145.33706665039062,75.66983795166016,72.1183090209961,119.91999816894533,46.655006408691406
2013-11-25,145.19244384765625,75.85005187988281,72.32644653320312,120.45999908447266,46.72507858276367
2013-11-26,145.23257446289062,76.24642181396484,72.59716033935547,119.81999969482422,46.76015090942383
2013-11-27,145.58628845214844,76.77799987792969,72.47216796875,119.45999908447266,46.730098724365234
2013-11-29,145.4898223876953,77.2374496459961,72.49308013916016,120.6999969482422,46.7801513671875
2013-12-02,145.11199951171875,77.01223754882812,71.92919158935547,117.58000183105467,46.79526901245117
2013-12-03,144.48512268066406,76.94918060302734,72.19369506835938,117.95999908447266,46.75001907348633
2013-12-04,144.46897888183594,77.0212631225586,71.50456237792969,119.95999908447266,46.62922668457031
2013-12-05,143.8339385986328,76.92216491699219,71.30268859863281,118.3000030517578,46.59400177001953
2013-12-06,145.4416046142578,77.48075103759766,71.64375305175781,118.5500030517578,46.7248420715332
2013-12-09,145.81129455566406,77.79606628417969,71.81083679199219,119.72000122070312,46.895904541015625
2013-12-10,145.28883361816406,77.74201965332031,72.32596588134766,121.81999969482422,46.895904541015625
2013-12-11,143.6571044921875,76.74197387695312,71.76908874511719,120.86000061035156,46.755008697509766
2013-12-12,143.182861328125,76.5437240600586,71.49763488769531,118.29000091552734,46.66948318481445
2013-12-13,143.1667938232422,76.44464111328125,71.84565734863281,119.37999725341795,46.74496841430664
2013-12-16,144.05906677246094,76.86808776855469,71.58109283447266,119.69000244140624,46.78521728515625
2013-12-17,143.60086059570312,76.71492767333984,71.90132141113281,118.6500015258789,46.790225982666016
2013-12-18,146.05252075195312,77.60686492919922,71.53938293457031,117.61000061035156,46.87075805664063
2013-12-19,145.8836669921875,77.390625,71.46977233886719,114.81999969482422,46.82044982910156
2013-12-20,146.7322235107422,78.17874908447266,72.5695571899414,115.94000244140624,46.85062789916992
2013-12-23,147.5161590576172,79.001220703125,72.15889739990234,115.56999969482422,46.885833740234375
2013-12-24,147.83950805664062,79.03738403320312,71.58109283447266,116.0999984741211,46.86066818237305
2013-12-26,148.59103393554688,79.29945373535156,71.30525207519531,116.73999786376952,46.90468597412109
2013-12-27,148.58294677734375,79.1006088256836,71.10275268554688,117.12000274658205,46.89961624145508
2013-12-30,148.5587158203125,78.983154296875,71.59164428710938,115.38999938964844,46.94010162353516
2013-12-31,149.26185607910156,79.498291015625,71.13765716552734,116.12000274658205,46.97042083740234
2014-01-02,147.83139038085938,78.8746566772461,71.35414123535156,118.0,47.05133438110352
2014-01-03,147.80714416503906,78.30528259277344,71.35414123535156,119.29000091552734,47.03617477416992
2014-01-06,147.3787841796875,78.01606750488281,71.6544418334961,119.5,47.13727951049805
2014-01-07,148.28390502929688,78.73908233642578,71.83601379394531,118.81999969482422,47.13727951049805
2014-01-08,148.31631469726562,78.91085052490234,71.6405029296875,118.12000274658205,47.106971740722656
2014-01-09,148.4132537841797,78.64872741699219,72.05953216552734,118.45999908447266,47.17777633666992
2014-01-10,148.81735229492188,78.90178680419922,72.91854095458984,120.26000213623048,47.31938934326172
2014-01-13,146.83731079101562,77.73588562011719,73.28166961669922,121.0199966430664,47.26877975463867
2014-01-14,148.4375,79.2181167602539,72.94649505615234,119.88999938964844,47.339576721191406
2014-01-15,149.237548828125,79.86888885498047,72.86966705322266,119.66000366210938,47.43567657470703
2014-01-16,149.04368591308594,79.87791442871094,73.3585205078125,119.79000091552734,47.41543960571289
2014-01-17,148.4132537841797,79.42597198486328,73.66580963134766,120.93000030517578,47.42554473876953
2014-01-21,148.84963989257812,80.03154754638672,73.7216567993164,119.6999969482422,47.48625946044922
2014-01-22,148.94667053222656,80.23942565917969,73.54008483886719,119.19000244140624,47.41543960571289
2014-01-23,147.7262420654297,79.96829223632812,74.58069610595703,121.79000091552734,47.35474395751953
2014-01-24,144.5744171142578,78.39566040039062,75.06258392333984,122.29000091552734,47.04124450683594
2014-01-27,143.8632354736328,77.63645935058594,74.538818359375,120.95999908447266,47.02603912353516
2014-01-28,144.7199249267578,77.59127807617188,74.7203598022461,120.9499969482422,47.23340606689453
2014-01-29,143.32984924316406,76.75978088378906,75.33496856689453,122.47000122070312,47.09181213378906
2014-01-30,144.8491973876953,78.17874908447266,75.11843872070312,119.7699966430664,47.172698974609375
2014-01-31,144.0006103515625,77.97089385986328,75.62129974365234,120.08999633789062,47.157527923583984
2014-02-03,140.7598419189453,76.1813735961914,76.5427017211914,121.31999969482422,47.016258239746094
2014-02-04,141.74583435058594,76.74168395996094,75.7305679321289,120.98999786376952,47.0721549987793
2014-02-05,141.5680389404297,76.54288482666016,75.03034210205078,121.29000091552734,47.0721549987793
2014-02-06,143.4348907470703,77.51897430419922,74.70828247070312,121.23999786376952,47.2398567199707
2014-02-07,145.21287536621094,78.90178680419922,74.77130126953125,122.16999816894533,47.47873306274414
2014-02-10,145.4795684814453,79.35367584228516,74.9813461303711,122.91999816894533,47.50922775268555
2014-02-11,147.07168579101562,80.25747680664062,74.54725646972656,124.36000061035156,47.59052658081055
2014-02-12,147.14442443847656,80.41114044189453,74.16212463378906,124.43000030517578,47.51431274414063
2014-02-13,147.9041290283203,81.00764465332031,74.58226776123047,125.48999786376952,47.651512145996094
2014-02-14,148.72032165527344,81.17034149169922,74.62423706054688,127.1500015258789,47.727783203125
2014-02-18,148.89828491210938,81.56803131103516,74.79228210449219,127.4000015258789,47.793853759765625
2014-02-19,147.9121856689453,81.00764465332031,74.47724151611328,126.2699966430664,47.67185592651367
2014-02-20,148.7849884033203,81.38724517822266,74.2951431274414,127.5999984741211,47.81923294067383
2014-02-21,148.61534118652344,81.2787857055664,74.68727111816406,127.58000183105467,47.859893798828125
2014-02-24,149.43963623046875,81.71261596679688,74.49818420410156,128.99000549316406,47.96662139892578
2014-02-25,149.3831329345703,81.6221923828125,75.16337585449219,129.2100067138672,48.02253341674805
2014-02-26,149.39111328125,81.5499267578125,75.56248474121094,128.11000061035156,48.10387420654297
2014-02-27,150.1750946044922,82.07902526855469,75.97561645507812,128.1999969482422,48.1953353881836
2014-02-28,150.554931640625,81.98829650878906,76.01759338378906,127.62000274658205,48.24616241455078
2014-03-03,149.49623107910156,81.38021087646484,76.5250244140625,130.2899932861328,48.20169448852539
2014-03-04,151.59750366210938,82.41481018066406,75.37400817871094,128.67999267578125,48.3753662109375
2014-03-05,151.73487854003906,82.64170837402344,75.535400390625,128.88999938964844,48.28853225708008
2014-03-06,152.0823974609375,82.5691146850586,74.79143524169922,130.1699981689453,48.21706008911133
2014-03-07,152.14698791503906,82.16072082519531,74.32118225097656,129.08999633789062,48.03318405151367
2014-03-10,152.0662078857422,82.23332214355469,74.42646026611328,129.1300048828125,48.03829193115234
2014-03-11,151.3146514892578,81.87937927246094,74.62297821044922,129.86000061035156,47.98722839355469
2014-03-12,151.35501098632812,82.18795776367188,75.14232635498047,131.75999450683594,48.068939208984375
2014-03-13,149.65780639648438,81.02629852294922,76.15306091308594,132.2100067138672,47.94126510620117
2014-03-14,149.237548828125,80.47266387939453,76.16708374023438,133.10000610351562,47.9055061340332
2014-03-17,150.58721923828125,81.1805648803711,75.59857940673828,131.63999938964844,47.9719123840332
2014-03-18,151.66213989257812,82.16072082519531,75.87229919433594,130.6199951171875,48.11490249633789
2014-03-19,150.85389709472656,81.71599578857422,75.28270721435547,128.08999633789062,47.8697509765625
2014-03-20,151.73487854003906,81.94290161132812,75.14934539794922,127.86000061035156,48.03318405151367
2014-03-21,151.14634704589844,80.95684051513672,75.96353912353516,128.47000122070312,48.00254821777344
2014-03-24,150.52133178710938,80.2473373413086,76.5040283203125,126.18000030517578,48.017860412597656
2014-03-25,151.23558044433594,80.5111312866211,76.21623992919922,126.41000366210938,48.11490249633789
2014-03-26,150.14796447753906,79.47416687011719,76.81282806396484,125.41000366210938,48.1251335144043
2014-03-27,149.831298828125,79.0284423828125,77.19886016845703,124.58999633789062,48.053619384765625
2014-03-28,150.57000732421875,79.18311309814453,76.76367950439453,124.55999755859376,48.13533782958984
2014-03-31,151.8039093017578,79.74705505371094,76.57417297363281,123.61000061035156,48.206817626953125
2014-04-01,152.81039428710938,81.1478500366211,75.91973876953125,123.38999938964844,48.2966194152832
2014-04-02,153.32179260253906,81.35710144042969,75.48348999023438,124.31999969482422,48.24530029296875
2014-04-03,153.118896484375,80.71125793457031,75.814208984375,123.91999816894533,48.26583862304688
2014-04-04,151.3087158203125,78.56455993652344,76.32086181640625,125.56999969482422,48.37873458862305
2014-04-07,149.63653564453125,77.81864166259766,76.77821350097656,124.91000366210938,48.27610397338867
2014-04-08,150.25341796875,78.53726196289062,76.96121978759766,126.08999633789062,48.38899993896485
2014-04-09,151.86880493164062,79.88351440429688,76.58121490478516,126.31999969482422,48.465965270996094
2014-04-10,148.67868041992188,77.40931701660156,77.2918930053711,127.01000213623048,48.32738494873047
2014-04-11,147.33926391601562,76.50878143310547,77.91822052001953,126.93000030517578,48.12215423583984
2014-04-14,148.50009155273438,77.109130859375,77.71414947509766,127.8499984741211,48.27610397338867
2014-04-15,149.52284240722656,77.36381530761719,78.19964599609375,125.48999786376952,48.32738494873047
2014-04-16,151.08956909179688,78.39173126220703,78.29816436767578,125.54000091552734,48.35308074951172
2014-04-17,151.3005828857422,78.40992736816406,77.43965148925781,124.75,48.2966194152832
2014-04-21,151.8282012939453,78.9920654296875,77.37635040283203,124.23999786376952,48.2966194152832
2014-04-22,152.51821899414062,79.61968231201172,77.6367416381836,123.77999877929688,48.34794235229492
2014-04-23,152.16104125976562,78.91927337646484,78.08004760742188,123.76000213623048,48.36333847045898
2014-04-24,152.46946716308594,79.67426300048828,78.22781372070312,124.55999755859376,48.37360000610352
2014-04-25,151.2194061279297,78.40081787109375,78.34041595458984,125.43000030517578,48.35819625854492
2014-04-28,151.6983642578125,78.6555404663086,77.96046447753906,124.87999725341795,48.34794235229492
2014-04-29,152.40452575683594,79.28309631347656,77.85490417480469,124.86000061035156,48.41976165771485
2014-04-30,152.8590850830078,79.49234771728516,78.17858123779297,124.22000122070312,48.40950775146485
2014-05-01,152.8753662109375,79.72887420654297,79.01722717285156,123.8000030517578,48.35953903198242
2014-05-02,152.6562042236328,79.58333587646484,79.50398254394531,125.05999755859376,48.47292709350586
2014-05-05,152.94842529296875,80.00171661376953,79.02427673339844,126.22000122070312,48.45231628417969
2014-05-06,151.61715698242188,78.96475219726562,79.3417739868164,125.9800033569336,48.46259689331055
2014-05-07,152.51002502441406,78.73737335205078,79.0595932006836,124.16999816894533,48.534786224365234
2014-05-08,152.3477325439453,78.66458892822266,78.72097778320312,124.16999816894533,48.52445602416992
2014-05-09,152.57501220703125,78.9557113647461,78.46710205078125,124.0999984741211,48.57084274291992
2014-05-12,154.06051635742188,80.25643157958984,78.14964294433594,124.94000244140624,48.62239837646485
2014-05-13,154.19850158691406,80.31101989746094,78.82681274414062,124.5999984741211,48.69972229003906
2014-05-14,153.46792602539062,79.89259338378906,79.68032836914062,125.80999755859376,48.72549057006836
2014-05-15,152.12045288085938,79.26496124267578,80.31515502929688,124.7699966430664,48.67908477783203
2014-05-16,152.64805603027344,79.78343200683594,80.08946228027344,124.5,48.77704620361328
2014-05-19,153.2081298828125,80.33833312988281,79.49691009521484,124.58000183105467,48.84919357299805
2014-05-20,152.24220275878906,80.04723358154297,79.67322540283203,124.69000244140624,48.787353515625
2014-05-21,153.52476501464844,80.8113021850586,79.18655395507812,124.38999938964844,48.782169342041016
2014-05-22,153.8981475830078,81.16606903076172,79.07373046875,124.66999816894533,48.81827545166016
2014-05-23,154.51515197753906,81.7573013305664,79.49691009521484,124.51000213623048,48.833763122558594
2014-05-27,155.46478271484375,82.7761001586914,79.96250915527344,121.8499984741211,48.88012313842773
2014-05-28,155.35116577148438,82.52143859863281,80.95004272460938,121.1999969482422,48.89561462402344
2014-05-29,156.15476989746094,83.04901123046875,80.51972961425781,120.94000244140624,48.94197082519531
2014-05-30,156.4064178466797,83.05809783935547,80.48452758789062,120.43000030517578,48.99354934692383
2014-06-02,156.58502197265625,82.97623443603516,79.88616180419922,119.6999969482422,48.837703704833984
2014-06-03,156.50387573242188,82.9398422241211,78.90314483642578,120.01000213623048,48.84285736083984
2014-06-04,156.82040405273438,83.2491226196289,78.8819808959961,119.76000213623048,48.84285736083984
2014-06-05,157.84320068359375,83.94952392578125,78.91727447509766,120.66000366210938,48.96193313598633
2014-06-06,158.59814453125,84.43161010742188,78.91727447509766,120.61000061035156,49.10174179077149
2014-06-09,158.76048278808594,84.36798095703125,78.80413818359375,120.6500015258789,49.1586799621582
2014-06-10,158.77671813964844,84.5135269165039,78.51415252685547,121.38999938964844,49.1328125
2014-06-11,158.22471618652344,84.49531555175781,78.6556396484375,121.41000366210938,49.137977600097656
2014-06-12,157.10455322265625,83.73120880126953,79.35578918457031,122.63999938964844,49.1069221496582
2014-06-13,157.58343505859375,83.97681427001953,79.3133316040039,122.95999908447266,49.16386413574219
2014-06-16,157.71334838867188,84.0495834350586,79.5113754272461,122.41999816894533,49.137977600097656
2014-06-17,158.15167236328125,84.0950698852539,78.8819808959961,122.27999877929688,49.10174179077149
2014-06-18,159.3124542236328,84.56806182861328,79.49012756347656,122.66999816894533,49.32439422607422
2014-06-19,159.4910430908203,84.5135269165039,78.47176361083984,126.94000244140624,49.314002990722656
2014-06-20,159.8148193359375,84.61290740966797,79.06582641601562,126.5,49.360618591308594
2014-06-23,159.76593017578125,84.63117980957031,78.81829833984375,126.8499984741211,49.35545349121094
2014-06-24,158.80348205566406,84.54907989501953,79.61741638183594,126.9800033569336,49.314002990722656
2014-06-25,159.52122497558594,85.08719635009766,79.82249450683594,126.98999786376952,49.386531829833984
2014-06-26,159.40704345703125,85.13280487060547,80.20439910888672,126.7300033569336,49.334754943847656
2014-06-27,159.71694946289062,85.5067367553711,80.0842056274414,126.66000366210938,49.334754943847656
2014-06-30,159.6353759765625,85.65266418457031,80.28221130371094,128.0399932861328,49.29331588745117
2014-07-01,160.70391845703125,86.59211730957031,79.61005401611328,127.6999969482422,49.30633163452149
2014-07-02,160.86703491210938,86.73804473876953,78.75920867919922,127.6999969482422,49.33754348754883
2014-07-03,161.65814208984375,87.28528594970703,78.47559356689453,127.16000366210938,49.264747619628906
2014-07-07,161.0954132080078,87.02079010009766,79.04989624023438,127.0199966430664,49.22833633422852
2014-07-08,160.0595703125,85.97187805175781,79.93617248535156,127.06999969482422,49.23874282836914
2014-07-09,160.7772979736328,86.6103286743164,80.00003051757812,127.83999633789062,49.20232391357422
2014-07-10,160.14108276367188,86.33673095703125,80.0212631225586,128.5399932861328,49.0515022277832
2014-07-11,160.3613739013672,86.89308166503906,80.53177642822266,128.77999877929688,49.134727478027344
2014-07-14,161.16880798339844,87.41297149658203,80.18436431884766,125.72000122070312,49.11910629272461
2014-07-15,160.86703491210938,87.11201477050781,80.0212631225586,124.52999877929688,49.04110336303711
2014-07-16,161.46243286132812,87.4585952758789,80.44672393798828,124.97000122070312,48.96310043334961
2014-07-17,159.6272430419922,86.30024719238281,81.4605941772461,127.08999633789062,48.61984252929688
2014-07-18,161.25851440429688,87.66837310791016,81.19831848144531,126.12999725341795,48.82268142700195
2014-07-21,160.956787109375,87.55889129638672,81.6024169921875,126.33999633789062,48.73945999145508
2014-07-22,161.65814208984375,88.11528015136719,81.7725830078125,125.73999786376952,48.80706405639648
2014-07-23,162.01702880859375,88.68075561523438,81.66625213623047,125.62000274658205,48.90068435668945
2014-07-24,162.0251922607422,88.58045196533203,81.05647277832031,124.3499984741211,48.98910140991211
2014-07-25,161.26670837402344,88.23382568359375,82.01364135742188,125.79000091552734,48.905887603759766
2014-07-28,161.3319091796875,88.26121520996094,81.90019989013672,125.58000183105467,48.760250091552734
2014-07-29,160.6386260986328,88.10616302490234,82.19800567626953,125.1999969482422,48.69266128540039
2014-07-30,160.6630859375,88.45274353027344,81.05647277832031,124.83000183105467,48.48982620239258
2014-07-31,157.4902801513672,86.66504669189453,80.8154067993164,123.38999938964844,48.09459686279297
2014-08-01,157.0090789794922,86.34586334228516,81.44095611572266,124.37999725341795,48.08991241455078
2014-08-04,158.14285278320312,86.93872833251953,81.22774505615234,123.98999786376952,48.38252258300781
2014-08-05,156.6094512939453,86.27288055419922,81.49076080322266,123.87000274658205,48.28847122192383
2014-08-06,156.6584014892578,86.20904541015625,81.54046630859375,125.66999816894533,48.40340805053711
2014-08-07,155.81011962890625,85.93544006347656,82.30118560791016,126.18000030517578,48.43474578857422
2014-08-08,157.61260986328125,86.55565643310547,82.12346649169922,126.19000244140624,48.58626937866211
2014-08-11,158.0693359375,87.06636810302734,82.11632537841797,125.95999908447266,48.816184997558594
2014-08-12,157.8491973876953,87.0299301147461,81.58317565917969,125.98999786376952,48.80568313598633
2014-08-13,158.91763305664062,87.95108795166016,82.11632537841797,126.1999969482422,48.94679641723633
2014-08-14,159.6680908203125,88.40713500976562,82.77752685546875,126.30999755859376,49.04082107543945
2014-08-15,159.6353759765625,88.8358154296875,83.68036651611328,125.4800033569336,49.14009094238281
2014-08-18,160.97305297851562,89.51984405517578,82.84856414794922,124.95999908447266,49.28117752075195
2014-08-19,161.81314086914062,90.0215072631836,82.5926284790039,124.68000030517578,49.26552581787109
2014-08-20,162.2454071044922,90.0215072631836,82.45761108398438,124.22000122070312,49.30208587646485
2014-08-21,162.71849060058594,90.20391845703124,82.91967010498047,122.87999725341795,49.30208587646485
2014-08-22,162.46568298339844,90.34072875976562,83.38175964355469,123.19000244140624,49.1818962097168
2014-08-25,163.2894744873047,90.65992736816406,83.69451904296875,122.73999786376952,49.286380767822266
2014-08-26,163.3954620361328,90.75114440917967,83.42440795898438,123.3499984741211,49.32297134399414
2014-08-27,163.33023071289062,90.76939392089844,84.13533020019531,123.31999969482422,49.275970458984375
2014-08-28,163.2405548095703,90.66908264160156,84.57605743408203,124.0,49.202781677246094
2014-08-29,163.70541381835938,91.00653076171876,84.63292694091797,123.86000061035156,49.23937225341797
2014-09-02,163.62388610839844,91.27105712890624,83.17300415039062,121.6500015258789,49.29710388183594
2014-09-03,163.53411865234375,90.7329330444336,83.63609313964844,122.1500015258789,49.1711540222168
2014-09-04,163.29757690429688,90.65081787109376,82.61724090576172,121.4800033569336,49.008426666259766
2014-09-05,164.0316925048828,91.10686492919922,82.46046447753906,122.05999755859376,48.95069122314453
2014-09-08,163.6075439453125,91.28016662597656,82.4961166381836,120.7300033569336,48.9034309387207
2014-09-09,162.57167053222656,90.52313232421876,82.43193817138672,120.87000274658205,48.67775344848633
2014-09-10,163.18341064453125,91.27105712890624,81.91181945800781,120.26000213623048,48.698726654052734
2014-09-11,163.3710479736328,91.19805908203124,81.64105987548828,119.47000122070312,48.698726654052734
2014-09-12,162.41676330566406,90.7329330444336,80.78604125976562,118.37999725341795,48.64101409912109
2014-09-15,162.29437255859375,89.85733795166016,80.90715026855469,118.63999938964844,48.55177307128906
2014-09-16,163.517822265625,90.64170837402344,80.5793685913086,118.83000183105467,48.65152359008789
2014-09-17,163.73805236816406,90.77854919433594,80.37276458740234,117.54000091552734,48.80896759033203
2014-09-18,164.61080932617188,91.46257781982422,80.62931060791016,117.77999877929688,48.824737548828125
2014-09-19,164.46240234375,91.40589904785156,81.65531158447266,117.08999633789062,48.89821243286133
2014-09-22,163.1923370361328,90.55564880371094,81.75502014160156,116.8499984741211,48.80896759033203
2014-09-23,162.25814819335938,90.30878448486328,82.26092529296875,117.5999984741211,48.56227493286133
2014-09-24,163.52825927734375,91.2778778076172,81.80492401123047,117.0500030517578,48.415306091308594
2014-09-25,160.88963317871094,89.3580093383789,82.77397918701172,117.38999938964844,48.08464813232422
2014-09-26,162.16802978515625,90.30878448486328,82.6528549194336,117.05999755859376,48.05315017700195
2014-09-29,161.8729705810547,90.18995666503906,83.31548309326172,117.02999877929688,47.953399658203125
2014-09-30,161.44692993164062,90.31795501708984,82.84522247314453,116.20999908447266,48.26309585571289
2014-10-01,159.25897216796875,88.87342071533203,84.45169830322266,116.7699966430664,48.31635284423828
2014-10-02,159.28358459472656,88.87342071533203,83.71592712402344,116.73999786376952,48.41119766235352
2014-10-03,161.0371551513672,89.7511215209961,84.07308959960938,114.61000061035156,48.57462310791016
2014-10-06,160.8486785888672,89.55912017822266,84.12307739257812,116.02999877929688,48.627323150634766
2014-10-07,158.3657989501953,88.28836059570312,85.25885772705078,116.36000061035156,48.44282913208008
2014-10-08,161.13551330566406,90.0071029663086,85.28028106689453,117.47000122070312,48.67479705810547
2014-10-09,157.93966674804688,88.553466796875,84.90879821777344,117.63999938964844,48.15817260742188
2014-10-10,156.1369171142578,86.34097290039062,85.751708984375,117.58999633789062,47.76812362670898
2014-10-13,153.57205200195312,84.98794555664062,86.27316284179688,118.5199966430664,47.53091430664063
2014-10-14,153.80970764160156,84.9970703125,86.83741760253906,118.58999633789062,47.68903732299805
2014-10-15,152.76902770996094,84.44851684570312,87.523193359375,118.98999786376952,47.6995735168457
2014-10-16,152.6378631591797,83.91828155517578,86.96603393554688,119.22000122070312,47.96842193603516
2014-10-17,154.44068908691406,85.02450561523438,86.48029327392578,118.98999786376952,48.37428665161133
2014-10-20,155.9402313232422,86.29527282714844,86.79457092285156,119.8000030517578,48.72221374511719
2014-10-21,159.02957153320312,88.56262969970703,86.10169219970703,120.0199966430664,49.1175651550293
2014-10-22,157.8987274169922,88.10549926757812,86.194580078125,119.33999633789062,48.7960205078125
2014-10-23,159.73423767089844,89.43111419677734,85.43025207519531,118.5199966430664,48.77492904663086
2014-10-24,160.96343994140625,90.16253662109376,85.51602172851562,118.3499984741211,48.9119873046875
2014-10-27,160.74220275878906,90.22650146484376,85.67314910888672,118.05999755859376,48.711692810058594
2014-10-28,162.58596801757812,91.5887451171875,85.13739776611328,118.0999984741211,48.7907600402832
2014-10-29,162.34010314941406,91.2504653930664,85.33027648925781,116.41000366210938,48.75384140014648
2014-10-30,163.38076782226562,91.44245910644533,85.40171813964844,115.19000244140624,48.73274230957031
2014-10-31,165.24913024902344,92.70413208007812,85.18026733398438,112.66000366210938,48.77492904663086
2014-11-03,165.33921813964844,92.9783706665039,85.18026733398438,112.1500015258789,48.87764358520508
2014-11-04,164.76565551757812,92.66753387451172,85.4451675415039,112.22000122070312,48.72409439086914
2014-11-05,165.80633544921875,92.67669677734376,85.3234634399414,109.79000091552734,48.71351623535156
2014-11-06,166.47012329101562,92.96923065185548,84.77216339111328,109.87999725341795,48.8405876159668
2014-11-07,166.62579345703125,92.88695526123048,85.74592590332031,112.97000122070312,48.88824081420898
2014-11-10,167.15025329589844,93.21610260009766,84.95829772949219,110.45999908447266,48.90939331054688
2014-11-11,167.31405639648438,93.5086441040039,85.0156021118164,112.04000091552734,49.02062225341797
2014-11-12,167.13388061523438,93.6732177734375,84.94392395019531,111.5,48.86176681518555
2014-11-13,167.3223114013672,94.0754852294922,85.14448547363281,111.66999816894533,48.66057586669922
2014-11-14,167.36329650878906,94.36805725097656,85.55976867675781,114.47000122070312,48.417030334472656
2014-11-17,167.46975708007812,94.08460235595705,85.344970703125,114.0500030517578,48.411766052246094
2014-11-18,168.436767578125,94.78861236572266,85.58126068115234,115.0500030517578,48.3164291381836
2014-11-19,168.16635131835938,94.35890197753906,85.03704071044922,113.68000030517578,48.30584716796875
2014-11-20,168.46133422851562,94.7794418334961,85.48101043701172,114.86000061035156,48.31113815307617
2014-11-21,169.3627166748047,94.9622573852539,85.99655151367188,115.38999938964844,48.57583999633789
2014-11-24,169.83799743652344,95.70281982421876,86.06813049316406,115.11000061035156,48.57059097290039
2014-11-25,169.71505737304688,95.84909057617188,86.78417205810547,115.37999725341795,48.64998626708984
2014-11-26,170.14938354492188,96.47077941894533,87.02047729492188,115.16000366210938,48.71351623535156
2014-11-28,169.78883361816406,96.91876983642578,87.70787811279297,112.11000061035156,48.24763488769531
2014-12-01,168.60888671875,95.82169342041016,87.19618225097656,116.58000183105467,47.76200866699219
2014-12-02,169.6986846923828,96.20565032958984,86.34932708740234,115.13999938964844,48.02262878417969
2014-12-03,170.354248046875,96.37938690185548,86.6866226196289,116.33000183105467,48.1024169921875
2014-12-04,170.1658172607422,96.3336410522461,87.41149139404297,115.87999725341795,48.07050323486328
2014-12-05,170.44442749023438,96.34275817871094,86.9019775390625,114.43000030517578,48.03327941894531
2014-12-08,169.30538940429688,95.65709686279295,87.964111328125,115.77999877929688,47.78865051269531
2014-12-09,169.1906280517578,95.95883178710938,88.41621398925781,118.19000244140624,47.76200866699219
2014-12-10,166.47830200195312,94.45033264160156,89.06209564208984,117.95999908447266,47.21419143676758
2014-12-11,167.3223114013672,94.89830780029295,89.42814636230469,117.69000244140624,47.04397964477539
2014-12-12,164.6181640625,93.86521911621094,90.6409683227539,117.41000366210938,46.40573501586914
2014-12-15,163.48728942871094,92.89612579345705,90.45437622070312,114.38999938964844,46.37915802001953
2014-12-16,162.17620849609375,91.40589904785156,91.57395935058594,114.9499969482422,46.214263916015625
2014-12-17,165.35568237304688,93.06980895996094,90.74861907958984,114.2699966430664,47.15571212768555
2014-12-18,169.44468688964844,95.3096923828125,89.13389587402344,115.1500015258789,47.53331756591797
2014-12-19,170.16567993164062,95.72908020019533,90.33240509033205,114.7699966430664,47.9907341003418
2014-12-22,170.94842529296875,95.96765899658205,90.45437622070312,112.5500030517578,47.87369537353516
2014-12-23,171.1791229248047,95.62813568115234,88.66022491455078,112.73999786376952,48.043907165527344
2014-12-24,171.1956024169922,95.71072387695312,89.14282989501953,112.7699966430664,48.20737075805664
2014-12-26,171.7476806640625,96.38976287841795,89.47364044189453,114.83000183105467,48.05778884887695
2014-12-29,171.97836303710938,96.3714370727539,90.1424789428711,113.66999816894533,48.08451843261719
2014-12-30,171.05551147460938,95.72908020019533,90.3869857788086,115.1999969482422,47.98834609985352
2014-12-31,169.358154296875,94.7471923828125,90.55956268310548,113.58000183105467,47.860137939453125
2015-01-02,169.2675323486328,94.46273040771484,91.56645965576172,114.08000183105467,47.860137939453125
2015-01-05,166.2106170654297,93.07705688476562,93.00479125976562,115.8000030517578,47.41681671142578
2015-01-06,164.64512634277344,91.8290557861328,94.68053436279295,117.12000274658205,47.23521041870117
2015-01-07,166.69674682617188,93.01280975341795,94.49354553222656,116.43000030517578,47.52899169921875
2015-01-08,169.65475463867188,94.79305267333984,93.2421646118164,115.94000244140624,47.88690185546875
2015-01-09,168.29525756835938,94.1690673828125,94.2634048461914,117.26000213623048,48.12724304199219
2015-01-12,166.9768829345703,93.18719482421876,94.80280303955078,118.55999755859376,48.06844329833984
2015-01-13,166.5072479248047,93.1596450805664,94.80280303955078,118.16000366210938,48.06844329833984
2015-01-14,165.5020294189453,92.645751953125,95.5219955444336,117.97000122070312,47.95633316040039
2015-01-15,163.9859161376953,91.4436264038086,97.0250473022461,120.94000244140624,47.66252136230469
2015-01-16,166.13644409179688,92.51729583740234,95.7880630493164,122.5199966430664,47.844146728515625
2015-01-20,166.49075317382812,93.2514190673828,97.06103515625,124.1999969482422,47.75866317749024
2015-01-21,167.3311767578125,93.72859954833984,95.9390869140625,124.2300033569336,48.01505661010742
2015-01-22,169.819580078125,95.46295166015624,95.59386444091795,125.2300033569336,48.079139709472656
2015-01-23,168.88848876953125,95.67400360107422,96.9243621826172,124.2300033569336,48.079139709472656
2015-01-26,169.28402709960938,95.56388092041016,96.62950897216795,122.98999786376952,48.29816055297852
2015-01-27,167.05108642578125,93.08623504638672,96.7805633544922,124.4000015258789,48.26075744628906
2015-01-28,164.90879821777344,92.60905456542967,98.3627471923828,123.41999816894533,48.15928268432617
2015-01-29,166.43312072753906,93.49918365478516,97.71550750732422,120.76000213623048,48.330223083496094
2015-01-30,164.34022521972656,92.7742156982422,99.44871520996094,123.4499969482422,48.1966552734375
2015-02-02,166.3754425048828,93.581787109375,99.0732421875,122.41999816894533,48.3817138671875
2015-02-03,168.78135681152344,94.48108673095705,96.97620391845705,121.0500030517578,48.65522384643555
2015-02-04,168.13870239257812,94.3984603881836,97.14193725585938,121.58000183105467,48.451438903808594
2015-02-05,169.8361053466797,95.21517944335938,96.07536315917967,121.79000091552734,48.73571014404297
2015-02-06,169.3664093017578,94.6370849609375,94.37469482421876,118.63999938964844,48.77323913574219
2015-02-09,168.6083221435547,94.33424377441406,94.22337341308594,119.16999816894533,48.65522384643555
2015-02-10,170.4046173095703,95.802490234375,93.473876953125,118.47000122070312,48.8215217590332
2015-02-11,170.50347900390625,96.15117645263672,93.64686584472656,117.06999969482422,48.80540084838867
2015-02-12,172.14315795898438,97.2707290649414,93.33699798583984,117.33999633789062,48.80002975463867
2015-02-13,172.85169982910156,98.10577392578124,92.3785171508789,117.9800033569336,48.86975860595703
2015-02-17,173.12371826171875,98.1975555419922,90.98765563964844,116.01000213623048,48.83758163452149
2015-02-18,173.14015197753906,98.33519744873048,91.52818298339844,116.33999633789062,49.00384521484375
2015-02-19,173.0165557861328,98.82154846191406,90.9228057861328,115.94000244140624,48.89122772216797
2015-02-20,174.0548095703125,99.48226165771484,91.189453125,115.27999877929688,49.02526092529297
2015-02-23,174.03001403808594,99.58318328857422,92.2343978881836,115.43000030517578,49.06281661987305
2015-02-24,174.52444458007812,99.65663146972656,93.4450912475586,115.26000213623048,49.11110305786133
2015-02-25,174.37612915039062,99.40885925292967,93.84856414794922,115.6999969482422,49.2719955444336
2015-02-26,174.17013549804688,99.9135513305664,92.56590270996094,116.06999969482422,49.26128768920898
2015-02-27,173.57687377929688,99.47306060791016,93.34417724609376,116.16000366210938,49.2719955444336
2015-03-02,174.6727294921875,100.3723602294922,91.60549926757812,115.68000030517578,49.262821197509766
2015-03-03,173.9558868408203,99.9043960571289,91.27336120605467,115.47000122070312,49.122825622558594
2015-03-04,173.2225341796875,99.51895141601562,91.30226135253906,115.11000061035156,49.03124237060547
2015-03-05,173.41207885742188,99.6933135986328,91.18670654296876,115.0,49.122825622558594
2015-03-06,170.9731903076172,98.56462097167967,89.17220306396484,111.86000061035156,48.81039810180664
2015-03-09,171.6817626953125,98.84909057617188,89.99534606933594,111.97000122070312,48.70808410644531
2015-03-10,168.89674377441406,97.01377868652344,91.17949676513672,111.41999816894533,48.519508361816406
2015-03-11,168.50119018554688,96.45401000976562,91.84380340576172,110.75,48.65419387817383
2015-03-12,170.6435089111328,97.08721160888672,91.7787628173828,110.72000122070312,48.75115966796875
2015-03-13,169.59710693359375,96.66505432128906,91.49720001220705,110.87999725341795,48.58416366577149
2015-03-16,171.863037109375,97.9130859375,92.37809753417967,110.80999755859376,48.53570556640625
2015-03-17,171.35215759277344,98.06907653808594,93.14348602294922,110.20999908447266,48.2933349609375
2015-03-18,173.41207885742188,99.03258514404295,94.94133758544922,112.37000274658205,48.72421646118164
2015-03-19,172.6210479736328,99.17940521240234,94.4575424194336,112.29000091552734,48.33639144897461
2015-03-20,174.1447296142578,99.8214340209961,94.95581817626952,113.56999969482422,48.71345901489258
2015-03-23,173.805419921875,99.62826538085938,94.84027862548828,114.29000091552734,48.75115966796875
2015-03-24,172.82882690429688,99.26958465576172,95.75723266601562,114.56999969482422,48.82654571533203
2015-03-25,170.29629516601562,96.99777221679688,94.9485855102539,114.7300033569336,48.69728469848633
2015-03-26,169.89071655273438,96.66666412353516,93.46834564208984,115.4800033569336,48.69188690185547
2015-03-27,170.2797088623047,97.05294036865234,94.63087463378906,115.05999755859376,48.729610443115234
2015-03-30,172.3570098876953,98.16585540771484,94.1615219116211,113.75,48.8642578125
2015-03-31,170.85069274902344,97.12651824951172,94.36366271972656,113.66000366210938,48.805023193359375
2015-04-01,170.24656677246094,96.62063598632812,95.60314178466795,115.5999984741211,48.9056282043457
2015-04-02,170.85903930664062,96.68502807617188,94.59015655517578,115.27999877929688,48.943546295166016
2015-04-06,172.00946044921875,97.47604370117188,94.06200408935548,116.69000244140624,49.06795120239258
2015-04-07,171.55426025390625,97.31048583984376,94.85066986083984,116.11000061035156,49.32767868041992
2015-04-08,172.13360595703125,98.08308410644533,94.87958526611328,115.47000122070312,49.31685256958008
2015-04-09,172.89501953125,98.69930267333984,93.64952087402344,114.66999816894533,49.26814270019531
2015-04-10,173.8385009765625,99.10399627685548,93.78697967529295,115.97000122070312,49.38177490234375
2015-04-13,173.05224609375,98.8556671142578,93.9172821044922,115.13999938964844,49.289772033691406
2015-04-14,173.38339233398438,98.57052612304688,94.5829086303711,114.44000244140624,49.31143951416016
2015-04-15,174.16131591796875,99.18678283691406,94.50334930419922,115.43000030517578,49.50621032714844
2015-04-16,174.1116180419922,99.04883575439452,94.03303527832033,115.02999877929688,49.403419494628906
2015-04-17,172.10874938964844,97.50362396240234,95.11111450195312,115.5999984741211,49.251930236816406
2015-04-20,173.68130493164062,98.9660415649414,94.27183532714844,114.72000122070312,49.36012268066406
2015-04-21,173.47438049316406,99.3891143798828,93.8449249267578,115.37999725341795,49.39258193969727
2015-04-22,174.32688903808594,99.93177032470705,92.41229248046876,113.83000183105467,49.34391784667969
2015-04-23,174.7654571533203,100.30889892578124,92.81024932861328,114.66000366210938,49.32767868041992
2015-04-24,175.17103576660156,101.67013549804688,93.38906860351562,113.0500030517578,49.408809661865234
2015-04-27,174.44271850585938,101.41263580322266,93.38906860351562,115.33000183105467,49.42502975463867
2015-04-28,174.99722290039062,101.21024322509766,92.10116577148438,116.33000183105467,49.34932708740234
2015-04-29,174.27716064453125,100.57560729980467,90.9723892211914,115.51000213623048,49.25732803344727
2015-04-30,172.53086853027344,98.9936294555664,91.13159942626952,113.47000122070312,49.230247497558594
2015-05-01,174.40138244628906,100.2996826171875,89.90479278564453,113.08000183105467,49.34006881713867
2015-05-04,174.8979034423828,100.46525573730467,89.05648040771484,114.0999984741211,49.32917404174805
2015-05-05,172.89501953125,98.8280792236328,88.93326568603516,114.41999816894533,49.26398468017578
2015-05-06,172.1832733154297,98.14745330810548,87.41069793701172,114.36000061035156,49.11724472045898
2015-05-07,172.8701171875,98.7361068725586,88.58528137207031,113.41999816894533,49.11182022094727
2015-05-08,175.14620971679688,99.96858215332033,88.82451629638672,113.97000122070312,49.4976921081543
2015-05-11,174.310302734375,99.58226776123048,86.66388702392578,113.52999877929688,49.18789291381836
2015-05-12,173.7888641357422,99.131591796875,86.88868713378906,114.5,49.18246078491211
2015-05-13,173.82200622558594,99.3339385986328,86.19266510009766,116.5500030517578,49.11182022094727
2015-05-14,175.63455200195312,100.78714752197266,86.42462158203125,117.18000030517578,49.35090637207031
2015-05-15,175.8248748779297,100.78714752197266,88.15750122070312,117.52999877929688,49.45962524414063
2015-05-18,176.37115478515625,101.22865295410156,86.67837524414062,117.5199966430664,49.37808227539063
2015-05-19,176.3131561279297,101.1183090209961,85.90988159179688,115.88999938964844,49.30201721191406
2015-05-20,176.18905639648438,101.18267059326172,86.05484771728516,116.08000183105467,49.24223709106445
2015-05-21,176.7021484375,101.7069320678711,87.25840759277344,115.69000244140624,49.3128776550293
2015-05-22,176.28009033203125,101.60575103759766,87.29468536376953,115.5999984741211,49.35090637207031
2015-05-26,174.38473510742188,100.43767547607422,88.78826904296875,113.91000366210938,49.247657775878906
2015-05-27,176.04006958007812,102.05643463134766,88.99127197265625,113.88999938964844,49.35634994506836
2015-05-28,175.84144592285156,101.82650756835938,88.7737808227539,114.0199966430664,49.33462524414063
2015-05-29,174.74891662597656,101.2194595336914,88.96949005126953,114.0999984741211,49.40530014038086
2015-06-01,175.10482788085938,101.55975341796876,88.01333618164062,114.0,49.48826217651367
2015-06-02,174.9310302734375,101.23783111572266,86.7853775024414,114.45999908447266,49.39545822143555
2015-06-03,175.39451599121094,101.5414047241211,85.39028930664062,113.63999938964844,49.12797164916992
2015-06-04,173.91305541992188,100.76876068115234,86.50196075439453,112.83999633789062,48.969669342041016
2015-06-05,173.6150665283203,100.52964782714844,85.44844818115234,112.23999786376952,48.82229232788086
2015-06-08,172.5474090576172,99.50870513916016,85.35395812988281,112.56999969482422,48.82229232788086
2015-06-09,172.52256774902344,99.34315490722656,84.6781997680664,112.81999969482422,48.74041748046875
2015-06-10,174.59165954589844,100.70436096191406,83.93710327148438,113.77999877929688,48.805908203125
2015-06-11,175.1544952392578,100.85153198242188,85.70269775390625,113.26000213623048,48.90415191650391
2015-06-12,173.81373596191406,100.02376556396484,85.70269775390625,113.2300033569336,48.72403335571289
2015-06-15,173.0688018798828,99.527099609375,85.84080505371094,113.7300033569336,48.49477005004883
2015-06-16,174.0123748779297,100.06974792480467,86.51652526855469,113.31999969482422,48.76771545410156
2015-06-17,174.29376220703125,100.3456802368164,85.84806823730469,113.8499984741211,48.72403335571289
2015-06-18,176.1063232421875,101.80811309814452,85.42662811279297,115.31999969482422,48.90415191650391
2015-06-19,175.32452392578125,101.30475616455078,86.52375030517578,115.12000274658205,48.93146896362305
2015-06-22,176.22271728515625,102.0514678955078,84.75813293457031,113.63999938964844,49.02970123291016
2015-06-23,176.3474884033203,102.13443756103516,84.24950408935547,112.88999938964844,48.99693298339844
2015-06-24,175.06668090820312,101.60900115966795,84.97611999511719,112.58999633789062,48.86593627929688
2015-06-25,174.5345001220703,101.40615844726562,84.6781997680664,112.44000244140624,48.71857452392578
2015-06-26,174.5011749267578,100.73319244384766,83.726318359375,112.55999755859376,48.57663345336914
2015-06-29,170.8418731689453,98.35476684570312,85.9425048828125,113.06999969482422,48.2436637878418
2015-06-30,171.19935607910156,98.7050552368164,85.34673309326172,112.37000274658205,48.47294998168945
2015-07-01,172.5717010498047,99.48866271972656,84.19463348388672,111.9800033569336,48.48116302490234
2015-07-02,172.41371154785156,99.51632690429688,84.47135162353516,111.76000213623048,48.66211318969727
2015-07-06,171.9229278564453,99.28587341308594,86.03704071044922,112.05999755859376,48.50308990478516
2015-07-07,173.00418090820312,99.5347671508789,86.84534454345703,110.76000213623048,48.54147338867188
2015-07-08,170.1016387939453,97.80165100097656,87.59538269042969,111.08999633789062,48.30023193359375
2015-07-09,170.40933227539062,97.74630737304688,85.8695068359375,111.36000061035156,48.40987396240234
2015-07-10,172.55508422851562,99.23974609375,84.50775909423828,111.48999786376952,48.68952560424805
2015-07-13,174.45953369140625,100.9820785522461,84.24561309814453,110.98999786376952,48.73337936401367
2015-07-14,175.21641540527344,101.64586639404295,84.52233123779297,110.73999786376952,48.68403244018555
2015-07-15,175.1581573486328,101.75645446777344,85.41803741455078,110.16000366210938,48.68403244018555
2015-07-16,176.56369018554688,103.19457244873048,86.00787353515625,109.76000213623048,48.76079177856445
2015-07-17,176.71340942382812,104.71568298339844,86.45209503173828,108.6500015258789,48.62919235229492
2015-07-20,176.8048858642578,105.0752410888672,86.0880126953125,105.6999969482422,48.40439987182617
2015-07-21,176.10630798339844,105.01071166992188,86.5540542602539,105.37000274658205,48.31665802001953
2015-07-22,175.79026794433594,103.82147979736328,87.09292602539062,104.8000030517578,48.004127502441406
2015-07-23,174.80055236816406,103.43428802490234,88.17794799804688,104.33000183105467,47.97670364379883
2015-07-24,172.98756408691406,102.4202117919922,88.39639282226562,105.3499984741211,47.839637756347656
2015-07-27,171.98117065429688,101.57209014892578,88.86972045898438,104.86000061035156,47.63678359985352
2015-07-28,174.0936279296875,102.44788360595705,88.22164154052734,105.0199966430664,47.89445877075195
2015-07-29,175.29122924804688,102.83505249023438,87.8939437866211,105.16999816894533,48.17409896850586
2015-07-30,175.33282470703125,103.32364654541016,88.57118225097656,104.2699966430664,48.31665802001953
2015-07-31,175.06668090820312,103.20382690429688,89.22653198242188,104.93000030517578,48.23440933227539
2015-08-03,174.47621154785156,102.88114166259766,90.16580200195312,104.0999984741211,48.144081115722656
2015-08-04,174.13523864746094,102.68755340576172,89.45059204101562,104.30999755859376,48.17160415649414
2015-08-05,174.70913696289062,103.48037719726562,88.7791748046875,103.93000030517578,48.10553359985352
2015-08-06,173.27862548828125,101.82099151611328,89.56734466552734,104.38999938964844,47.9072494506836
2015-08-07,172.9459686279297,101.6919403076172,90.7423324584961,104.6500015258789,47.75852966308594
2015-08-10,175.12493896484375,102.853515625,89.61845397949219,105.72000122070312,47.89625930786133
2015-08-11,173.54473876953125,101.53521728515624,91.04155731201172,106.26000213623048,47.67593002319336
2015-08-12,173.7526397705078,101.8855209350586,90.54527282714844,107.75,47.60982131958008
2015-08-13,173.53640747070312,101.71959686279295,90.25334167480467,106.86000061035156,47.54923629760742
2015-08-14,174.16847229003906,101.87632751464844,90.46498107910156,106.8499984741211,47.5767822265625
2015-08-17,175.14149475097656,102.72444152832033,90.87366485595705,107.12999725341795,47.5767822265625
2015-08-18,174.63424682617188,102.19898223876952,90.1584701538086,107.11000061035156,47.51620101928711
2015-08-19,173.2536163330078,101.52599334716795,91.048828125,108.5500030517578,47.47211456298828
2015-08-20,169.63592529296875,98.71428680419922,91.9683837890625,110.44000244140624,47.24080657958984
2015-08-21,164.52943420410156,94.39993286132812,92.24569702148438,111.12999725341795,47.07003402709961
2015-08-24,157.60162353515625,90.76773071289062,92.21649932861328,110.52999877929688,46.68450546264648
2015-08-25,155.7469482421875,90.42662048339844,90.73503875732422,109.16000366210938,46.77817916870117
2015-08-26,161.7267303466797,94.98069763183594,88.9834976196289,107.66999816894533,47.1691780090332
2015-08-27,165.72703552246094,97.38678741455078,89.03458404541016,107.7300033569336,47.521732330322266
2015-08-28,165.7353057861328,97.36833953857422,89.29732513427734,108.6999969482422,47.565731048583984
2015-08-31,164.3963165283203,96.16070556640624,88.61134338378906,108.81999969482422,47.49967193603516
2015-09-01,159.48947143554688,93.1554183959961,89.24980163574219,109.1999969482422,47.34641647338867
2015-09-02,162.51675415039062,95.78269958496094,88.48186492919922,108.62000274658205,47.5400619506836
2015-09-03,162.6332244873047,95.31258392333984,88.91339111328125,107.83999633789062,47.60644912719727
2015-09-04,160.17149353027344,94.17867279052734,89.72522735595703,107.48999786376952,47.55664443969727
2015-09-08,164.19674682617188,96.83366394042967,88.40142059326172,107.5199966430664,47.816680908203125
2015-09-09,162.0011444091797,95.7458724975586,88.82563781738281,106.12999725341795,47.75580978393555
2015-09-10,162.88272094726562,96.7875747680664,88.22586059570312,106.37999725341795,47.87199783325195
2015-09-11,163.62286376953125,97.3222427368164,88.78175354003906,106.16000366210938,47.85542297363281
2015-09-14,163.01577758789062,97.0272445678711,88.92068481445312,106.22000122070312,47.77241897583008
2015-09-15,165.05337524414062,98.17037963867188,87.2165756225586,105.9000015258789,47.761348724365234
2015-09-16,166.48387145996094,98.72349548339844,86.88745880126953,107.30999755859376,47.58984375
2015-09-17,166.10958862304688,98.76038360595705,87.94795989990234,108.41000366210938,47.62857818603516
2015-09-18,163.39517211914062,97.355712890625,89.3010482788086,109.20999908447266,47.49581146240234
2015-09-21,164.2394256591797,97.66068267822266,87.8455581665039,108.52999877929688,47.40727996826172
2015-09-22,162.10768127441406,96.20060729980467,89.06698608398438,107.79000091552734,47.06425476074219
2015-09-23,161.84857177734375,96.2745132446289,89.05966186523438,108.22000122070312,46.98127365112305
2015-09-24,161.26333618164062,95.92335510253906,89.66667938232422,110.48999786376952,46.74892044067383
2015-09-25,161.2215118408203,95.11016082763672,88.89149475097656,109.80999755859376,46.51104736328125
2015-09-28,157.17530822753906,92.4024658203125,90.41273498535156,108.41999816894533,45.797340393066406
2015-09-29,157.267333984375,91.92191314697266,90.6687240600586,107.9800033569336,45.79179763793945
2015-09-30,160.20162963867188,94.03813934326172,90.35417938232422,106.86000061035156,46.079498291015625
2015-10-01,160.6195831298828,94.46324920654295,90.73970794677734,106.7300033569336,45.78377151489258
2015-10-02,163.0189208984375,96.117431640625,91.28939819335938,108.98999786376952,45.82822799682617
2015-10-05,165.91983032226562,97.49434661865234,90.05081176757812,108.7699966430664,46.37856674194336
2015-10-06,165.351318359375,97.0322723388672,90.43928527832033,109.86000061035156,46.6342658996582
2015-10-07,166.7056884765625,97.61450958251952,90.13874053955078,109.6999969482422,47.11236190795898
2015-10-08,168.21047973632812,98.00265502929688,89.38384246826172,109.13999938964844,47.30695343017578
2015-10-09,168.310791015625,98.4461669921875,89.6183853149414,110.87000274658205,47.31247329711914
2015-10-12,168.46958923339844,98.68645477294922,90.29996490478516,111.30999755859376,47.223541259765625
2015-10-13,167.40792846679688,98.048828125,90.45388793945312,111.86000061035156,47.11236190795898
2015-10-14,166.60536193847656,97.89171600341795,91.24537658691406,113.80999755859376,47.079010009765625
2015-10-15,169.1634979248047,99.49967956542967,90.79833984375,113.29000091552734,47.19016647338867
2015-10-16,169.93260192871094,99.9155502319336,90.82762145996094,112.48999786376952,47.40696716308594
2015-10-19,170.01620483398438,100.48849487304688,90.57843780517578,112.0199966430664,47.53484725952149
2015-10-20,169.7988739013672,99.97098541259766,90.02149200439453,112.7300033569336,47.57930374145508
2015-10-21,168.7455291748047,99.36105346679688,90.9156265258789,111.7300033569336,47.5292854309082
2015-10-22,171.59616088867188,101.38487243652344,91.06952667236328,111.69000244140624,47.54594802856445
2015-10-23,173.4772186279297,104.22193908691406,90.29266357421876,111.5,47.71274185180664
2015-10-26,173.05088806152344,104.28661346435548,90.89358520507812,111.43000030517578,47.66267776489258
2015-10-27,172.71649169921875,104.49915313720705,91.12081909179688,111.68000030517578,47.50704574584961
2015-10-28,174.68104553222656,105.36780548095705,90.7543716430664,110.77999877929688,47.6348876953125
2015-10-29,174.5807647705078,105.20145416259766,89.31058502197266,109.72000122070312,47.512603759765625
2015-10-30,173.82833862304688,104.73019409179688,89.98483276367188,109.3000030517578,47.56819915771485
2015-11-02,175.88485717773438,105.91305541992188,89.57128143310547,108.58999633789062,47.71565246582031
2015-11-03,176.3948516845703,106.28269958496094,88.83680725097656,106.9800033569336,47.765899658203125
2015-11-04,175.85983276367188,106.29193115234376,88.93963623046875,105.97000122070312,47.62627410888672
2015-11-05,175.6842498779297,106.00544738769533,88.70459747314453,105.63999938964844,47.44197463989258
2015-11-06,175.59225463867188,106.07941436767578,87.40457916259766,104.0999984741211,47.2130012512207
2015-11-09,173.9537353515625,104.95196533203124,86.91240692138672,104.4000015258789,47.017520904541016
2015-11-10,174.3550262451172,104.68399047851562,87.16950988769531,104.18000030517578,46.91144180297852
2015-11-11,173.66946411132812,104.55461120605467,86.98588562011719,103.83000183105467,46.79975128173828
2015-11-12,171.24508666992188,103.53807067871094,87.40457916259766,103.8499984741211,46.486961364746094
2015-11-13,169.32229614257812,101.5050048828125,87.90399932861328,103.55999755859376,46.35295867919922
2015-11-16,171.8971710205078,102.96511840820312,87.82321166992188,103.70999908447266,46.570777893066406
2015-11-17,171.77178955078125,103.0298080444336,87.9701156616211,102.33999633789062,46.604270935058594
2015-11-18,174.49710083007812,105.0074234008789,88.15373229980469,102.43000030517578,46.693626403808594
2015-11-19,174.34661865234375,105.08135986328124,88.7413558959961,103.55999755859376,46.27477264404297
2015-11-20,174.9820098876953,105.79293060302734,88.46955871582031,103.08999633789062,46.26361083984375
2015-11-23,174.78140258789062,105.48796844482422,88.7413558959961,102.26000213623048,46.22453308105469
2015-11-24,175.01541137695312,105.39552307128906,88.7339859008789,102.94000244140624,46.28593826293945
2015-11-25,174.9904022216797,105.48796844482422,88.93963623046875,102.45999908447266,46.336219787597656
2015-11-27,175.1909637451172,105.63580322265624,88.85150146484375,101.25,46.4088134765625
2015-11-30,174.4636993408203,105.36780548095705,89.20405578613281,101.91999816894533,46.38087463378906
2015-12-01,176.12733459472656,106.42132568359376,90.4089813232422,102.27999877929688,46.71086120605469
2015-12-02,174.3299102783203,105.76519012451172,90.43844604492188,100.69000244140624,46.61544799804688
2015-12-03,171.88880920410156,103.972412109375,87.98001098632812,101.76000213623048,46.49199295043945
2015-12-04,175.24114990234375,106.40283203125,88.75286865234375,104.0199966430664,46.3853874206543
2015-12-07,174.17945861816406,105.92232513427734,89.61402130126953,102.66999816894533,46.05988693237305
2015-12-08,173.009033203125,105.93152618408205,89.65821075439453,102.83999633789062,45.48752975463867
2015-12-09,171.6630859375,104.32357788085938,89.56249237060547,102.63999938964844,45.72321319580078
2015-12-10,172.1061553955078,104.7948760986328,89.68025207519531,102.5500030517578,45.53242874145508
2015-12-11,168.7705841064453,102.38291931152344,91.09352111816406,103.11000061035156,44.62331008911133
2015-12-14,169.623291015625,103.15917205810548,89.91584014892578,101.79000091552734,44.23613357543945
2015-12-15,171.40396118164062,103.78759765625,89.38584899902344,101.5199966430664,44.96003341674805
2015-12-16,173.9119415283203,105.33087158203124,89.19451904296875,102.75,45.302345275878906
2015-12-17,171.2618865966797,103.79683685302734,90.20289611816406,100.5,44.79729461669922
2015-12-18,168.2108154296875,101.80574035644533,90.70340728759766,102.04000091552734,44.62895965576172
2015-12-21,169.598388671875,102.93665313720705,90.68128967285156,103.1500015258789,44.48867034912109
2015-12-22,171.13735961914062,103.61328887939452,90.02616882324219,102.61000061035156,45.0273551940918
2015-12-23,173.25660705566406,104.38265991210938,89.34907531738281,102.30999755859376,45.313568115234375
2015-12-24,172.97068786621094,104.36408996582033,89.8609848022461,103.0500030517578,45.40608978271485
2015-12-28,172.575439453125,104.30848693847656,90.12650299072266,102.2699966430664,45.135284423828125
2015-12-29,174.4171600341797,105.94915008544922,88.6291732788086,102.1999969482422,45.39479446411133
2015-12-30,173.18092346191406,104.99443817138672,88.54064178466797,101.41999816894533,45.42862701416016
2015-12-31,171.44851684570312,103.68743133544922,88.93896484375,101.45999908447266,45.45685195922852
2016-01-04,169.05172729492188,101.4998779296875,89.58065032958984,102.88999938964844,45.18608474731445
2016-01-05,169.3377227783203,101.32374572753906,89.2192611694336,103.18000030517578,45.27067565917969
2016-01-06,167.20164489746094,100.3504409790039,90.42153930664062,104.66999816894533,45.27067565917969
2016-01-07,163.19021606445312,97.20814514160156,90.58377838134766,106.1500015258789,44.97735595703125
2016-01-08,161.39891052246094,96.4109878540039,90.98944854736328,105.68000030517578,44.85886001586914
2016-01-11,161.55870056152344,96.70761108398438,89.99370574951172,104.73999786376952,44.79116821289063
2016-01-12,162.86224365234375,97.82917022705078,91.2918472290039,104.20999908447266,44.836307525634766
2016-01-13,158.80038452148438,94.45513916015624,92.19171905517578,104.72000122070312,44.33989334106445
2016-01-14,161.40736389160156,96.4665985107422,91.3288116455078,103.0199966430664,44.53731536865234
2016-01-15,157.94256591796875,93.4725341796875,92.75233459472656,104.08000183105467,43.9506721496582
2016-01-19,158.15283203125,93.67649841308594,92.4646224975586,103.9800033569336,43.79831314086914
2016-01-20,156.12603759765625,93.38914489746094,93.43830108642578,105.37000274658205,43.50499725341797
2016-01-21,157.00067138671875,93.48185729980467,92.80393981933594,105.48999786376952,43.79831314086914
2016-01-22,160.22161865234375,96.18850708007812,92.44987487792967,105.0,44.46962738037109
2016-01-25,157.7996368408203,94.7610092163086,92.95144653320312,106.08000183105467,44.02960968017578
2016-01-26,159.95248413085938,95.61382293701172,92.9957275390625,107.29000091552734,44.42451477050781
2016-01-27,158.211669921875,93.2315673828125,92.97357940673828,107.69000244140624,44.35680770874024
2016-01-28,159.0358123779297,94.5478286743164,93.10636138916016,106.54000091552734,44.58243179321289
2016-01-29,162.91268920898438,96.52220916748048,93.89559173583984,106.9499969482422,44.729148864746094
2016-02-01,162.8538360595703,96.78173828125,93.6081085205078,108.0500030517578,44.4632568359375
2016-02-02,159.91885375976562,94.68687438964844,95.34473419189452,108.08999633789062,44.14578628540039
2016-02-03,160.87753295898438,94.23265838623048,94.5540008544922,109.25,44.3612174987793
2016-02-04,161.12985229492188,94.22340393066406,95.01220703125,110.56999969482422,44.2194709777832
2016-02-05,158.06028747558594,90.95130157470705,95.1230697631836,112.31999969482422,43.87930679321289
2016-02-08,155.93264770507812,89.5608901977539,97.1700210571289,113.83000183105467,43.36912536621094
2016-02-09,155.9410400390625,89.28277587890625,97.27355194091795,113.58000183105467,43.20470428466797
2016-02-10,155.8065185546875,89.62578582763672,98.13076782226562,114.45999908447266,43.14231491088867
2016-02-11,153.77975463867188,89.49598693847656,98.81795501708984,119.05999755859376,42.85320663452149
2016-02-12,156.9502410888672,90.8585968017578,97.17747497558594,118.36000061035156,43.49381637573242
2016-02-16,159.59927368164062,92.90715789794922,96.15023803710938,114.7699966430664,43.53350830078125
2016-02-17,162.206298828125,95.01129150390624,95.55905151367188,115.4800033569336,43.89068603515625
2016-02-18,161.54196166992188,93.92677307128906,96.73405456542967,118.29000091552734,43.930362701416016
2016-02-19,161.46627807617188,94.2048568725586,96.8153305053711,117.58000183105467,44.01536178588867
2016-02-22,163.8041534423828,95.73429870605467,96.76358795166016,115.48999786376952,44.39522171020508
2016-02-23,161.7353973388672,94.15850067138672,97.15528869628906,117.22000122070312,44.30451583862305
2016-02-24,162.47537231445312,95.05765533447266,96.9631576538086,117.61000061035156,44.378204345703125
2016-02-25,164.4432830810547,95.9938507080078,97.31045532226562,117.91999816894533,44.6163215637207
2016-02-26,164.0647735595703,95.87334442138672,96.37195587158205,117.11000061035156,44.916786193847656
2016-02-29,162.77809143066406,95.01129150390624,96.79314422607422,118.63999938964844,45.398685455322266
2016-03-01,166.60455322265625,98.0608901977539,95.08876037597656,117.7699966430664,46.116153717041016
2016-03-02,167.35304260253906,98.09800720214844,95.481201171875,118.68000030517578,45.80270385742188
2016-03-03,168.00900268554688,97.91259765625,95.82919311523438,120.7300033569336,45.95659255981445
2016-03-04,168.55557250976562,97.94965362548828,95.21465301513672,120.54000091552734,46.087650299072266
2016-03-07,168.69017028808594,97.34715270996094,95.18498992919922,121.13999938964844,46.14466094970703
2016-03-08,166.84844970703125,96.54075622558594,96.236328125,120.58000183105467,45.81982421875
2016-03-09,167.67257690429688,97.16180419921876,95.65151977539062,119.58000183105467,45.93379211425781
2016-03-10,167.80712890625,97.01348114013672,95.25908660888672,121.5,46.25294494628906
2016-03-11,170.51504516601562,98.7097625732422,94.29659271240234,119.41000366210938,46.81143951416016
2016-03-14,170.29644775390625,98.8766098022461,94.59268951416016,117.87000274658205,46.68037033081055
2016-03-15,170.01889038085938,98.83954620361328,94.68157958984376,117.95999908447266,46.24724578857422
2016-03-16,171.00277709960938,99.72014617919922,94.96294403076172,120.58999633789062,46.55496597290039
2016-03-17,172.08766174316406,99.66448211669922,95.35530853271484,120.12999725341795,46.85133361816406
2016-03-18,172.76388549804688,99.82072448730467,95.55521392822266,119.8000030517578,46.95962524414063
2016-03-21,173.0089874267578,100.2111587524414,94.82225036621094,118.95999908447266,46.90829849243164
2016-03-22,172.9160614013672,100.51798248291016,94.8000259399414,119.30999755859376,46.78292846679688
2016-03-23,171.77488708496094,99.69058227539062,95.87361145019533,116.61000061035156,46.56637573242188
2016-03-24,171.69882202148438,99.7184600830078,95.91055297851562,116.33000183105467,46.36122894287109
2016-03-28,171.80023193359375,99.57898712158205,96.03645324707033,116.5999984741211,46.150367736816406
2016-03-29,173.389404296875,101.17807006835938,97.0434341430664,118.76000213623048,46.32704162597656
2016-03-30,174.15017700195312,101.67082214355467,96.02164459228516,117.0999984741211,46.49225997924805
2016-03-31,173.72756958007812,101.52202606201172,96.70285034179688,117.63999938964844,46.55496597290039
2016-04-01,174.9109649658203,102.60047149658205,96.955078125,116.93000030517578,46.58879470825195
2016-04-04,174.3446502685547,102.21002960205078,97.01444244384766,116.1500015258789,46.47425842285156
2016-04-05,172.6033477783203,101.22453308105467,98.07540130615234,117.66000366210938,46.30250930786133
2016-04-06,174.48829650878906,102.888671875,97.36321258544922,116.94000244140624,46.69182968139648
2016-04-07,172.40040588378906,101.41047668457033,98.56510162353516,118.61000061035156,46.46281814575195
2016-04-08,172.86534118652344,101.33612060546876,97.94183349609376,118.43000030517578,46.67463684082031
2016-04-11,172.45965576171875,100.9642562866211,97.815673828125,120.02999877929688,46.737640380859375
2016-04-12,174.06568908691406,101.81022644042967,97.14057159423828,120.0500030517578,47.01244354248047
2016-04-13,175.8239288330078,103.11183166503906,97.4818344116211,118.7699966430664,47.32162857055664
2016-04-14,175.83241271972656,103.1211166381836,97.01444244384766,117.11000061035156,47.3044548034668
2016-04-15,175.6379852294922,102.86077880859376,97.8454132080078,117.91999816894533,47.23003387451172
2016-04-18,176.8721160888672,103.40930938720705,97.42249298095705,117.73999786376952,47.499114990234375
2016-04-19,177.43002319335938,102.77713012695312,97.11833953857422,119.58000183105467,47.69953536987305
2016-04-20,177.5990447998047,102.86077880859376,96.0499496459961,118.97000122070312,47.79112243652344
2016-04-21,176.64385986328125,102.87007904052734,95.4786376953125,119.41999816894533,47.64226913452149
2016-04-22,176.64385986328125,101.3175277709961,95.23382568359376,117.88999938964844,47.75109100341797
2016-04-25,176.33950805664062,101.3175277709961,94.84059143066406,118.2300033569336,47.56783676147461
2016-04-26,176.6016082763672,100.82476806640624,94.4102783203125,118.6999969482422,47.72814178466797
2016-04-27,176.96507263183594,100.01594543457033,95.35254669189452,119.04000091552734,48.00868606567383
2016-04-28,175.35902404785156,98.80733489990234,95.74579620361328,121.29000091552734,47.92854690551758
2016-04-29,174.41229248046875,98.28672790527344,95.99055480957033,123.6500015258789,48.00868606567383
2016-05-02,175.798583984375,99.21641540527344,95.02415466308594,123.23999786376952,48.027130126953125
2016-05-03,174.26853942871094,98.2960433959961,96.22107696533205,122.95999908447266,47.71651077270508
2016-05-04,173.29644775390625,97.66383361816406,96.7488784790039,122.20999908447266,47.53819274902344
2016-05-05,173.26260375976562,97.63592529296876,97.3956069946289,122.06999969482422,47.497955322265625
2016-05-06,173.89659118652344,98.15656280517578,96.97933197021484,123.18000030517578,47.46918869018555
2016-05-09,174.04029846191406,98.43545532226562,97.2841339111328,120.6500015258789,47.382911682128906
2016-05-10,176.2042999267578,99.78350830078124,97.29155731201172,120.9800033569336,47.7855339050293
2016-05-11,174.5559539794922,98.88175201416016,97.84170532226562,122.12000274658205,47.751007080078125
2016-05-12,174.606689453125,98.44477081298828,97.3956069946289,121.16000366210938,47.825828552246094
2016-05-13,173.0851287841797,98.08219909667967,98.3397979736328,121.70999908447266,47.612979888916016
2016-05-16,174.79263305664062,99.30937957763672,97.4923324584961,121.8000030517578,47.87757873535156
2016-05-17,173.16119384765625,98.06360626220705,97.6558837890625,122.22000122070312,47.77980422973633
2016-05-18,173.21194458007812,98.4168701171875,96.2656707763672,120.0999984741211,47.7855339050293
2016-05-19,172.6116943359375,97.905517578125,96.68197631835938,119.87000274658205,47.653228759765625
2016-05-20,173.70216369628906,98.9840087890625,96.75625610351562,119.70999908447266,47.8200569152832
2016-05-23,173.4655303955078,98.85382843017578,96.97197723388672,119.37000274658205,47.83153533935547
2016-05-24,175.71400451660156,100.83407592773438,96.54068756103516,117.3000030517578,48.119136810302734
2016-05-25,176.90591430664062,101.55924987792967,96.17642211914062,116.9800033569336,48.19392013549805
2016-05-26,176.9566192626953,101.8567123413086,96.67452239990234,116.58000183105467,48.05587005615234
2016-05-27,177.71739196777344,102.38665008544922,96.53329467773438,115.62000274658205,48.13639831542969
2016-05-31,177.37930297851562,102.5819091796875,96.76373291015624,116.05999755859376,48.090362548828125
2016-06-01,177.7427520751953,102.59119415283205,97.15624237060548,115.94000244140624,48.166648864746094
2016-06-02,178.28369140625,102.80501556396484,97.85660552978516,115.66999816894533,48.17822265625
2016-06-03,177.751220703125,102.32158660888672,99.2496337890625,118.87999725341795,48.26491165161133
2016-06-06,178.65567016601562,102.69342803955078,98.51213073730467,118.91999816894533,48.47874450683594
2016-06-07,178.93467712402344,102.4331512451172,98.7505111694336,118.81999969482422,48.69262313842773
2016-06-08,179.5178985595703,102.60977172851562,99.27945709228516,120.58000183105467,48.87751388549805
2016-06-09,179.27273559570312,102.44245910644533,99.92012786865234,121.25,48.686805725097656
2016-06-10,177.5736846923828,101.28031158447266,100.40428161621094,121.73999786376952,48.44988632202149
2016-06-13,176.2042999267578,100.4343032836914,100.85126495361328,122.63999938964844,48.126224517822266
2016-06-14,175.85769653320312,100.4343032836914,100.77679443359376,122.7699966430664,47.96441268920898
2016-06-15,175.612548828125,100.1461181640625,101.1641616821289,123.68000030517578,47.98751068115234
2016-06-16,176.13668823242188,100.44359588623048,101.65583801269533,122.37999725341795,48.016395568847656
2016-06-17,175.48074340820312,99.26627349853516,101.02259826660156,123.9499969482422,48.0452766418457
2016-06-20,176.61083984375,99.8908233642578,99.9424285888672,123.20999908447266,48.32849884033203
2016-06-21,177.11215209960938,100.2077865600586,99.48053741455078,120.83999633789062,48.513427734375
2016-06-22,176.82327270507812,99.96539306640624,99.6444854736328,120.9000015258789,48.559688568115234
2016-06-23,179.12600708007812,101.39161682128906,98.50470733642578,120.11000061035156,48.91802597045898
2016-06-24,172.69366455078125,97.21550750732422,101.14926147460938,126.0,48.11462020874024
2016-06-27,169.60081481933594,95.28592681884766,103.67462158203124,126.68000030517578,47.42110824584961
2016-06-28,172.65968322753906,97.37397003173828,103.89066314697266,125.31999969482422,48.016395568847656
2016-06-29,175.5996856689453,99.09847259521484,103.0935516357422,125.83999633789062,48.623233795166016
2016-06-30,177.99583435058594,100.24506378173828,103.47349548339844,126.47000122070312,48.95272064208984
2016-07-01,178.3696746826172,100.7484359741211,104.91016387939452,128.41000366210938,49.04967498779297
2016-07-05,177.086669921875,100.1332015991211,106.22371673583984,129.47000122070312,48.77093505859375
2016-07-06,178.14877319335938,100.95349884033205,106.39532470703124,130.22999572753906,48.985801696777344
2016-07-07,178.03831481933594,101.25178527832033,106.38786315917967,129.74000549316406,49.04967498779297
2016-07-08,180.68942260742188,102.8178253173828,107.17151641845705,130.52000427246094,49.70001602172852
2016-07-11,181.32667541503903,103.40509033203124,106.2311782836914,129.2899932861328,49.72904968261719
2016-07-12,182.6436920166016,103.92707824707033,104.48474884033205,127.1500015258789,49.86840057373047
2016-07-13,182.6182403564453,103.67542266845705,105.71619415283205,128.32000732421875,49.723243713378906
2016-07-14,183.63787841796875,104.38387298583984,104.17872619628906,127.33000183105467,49.82195281982422
2016-07-15,183.39141845703125,104.2160873413086,103.28317260742188,126.83999633789062,49.723243713378906
2016-07-18,183.88429260253903,104.90587615966795,103.18621826171876,127.04000091552734,49.89161682128906
2016-07-19,183.6973571777344,104.523681640625,103.768310546875,127.20999908447266,49.75807189941406
2016-07-20,184.46206665039065,105.74484252929688,103.20108032226562,125.38999938964844,49.88581085205078
2016-07-21,183.7652740478516,105.50247192382812,103.41007232666016,127.3000030517578,49.816165924072266
2016-07-22,184.5894927978516,105.94055938720705,103.58914184570312,126.3499984741211,50.03681182861328
2016-07-25,184.08816528320312,105.9499053955078,103.51459503173828,125.47000122070312,49.79876327514648
2016-07-26,184.1731719970703,106.07108306884766,103.67871856689452,126.0,49.60710525512695
2016-07-27,183.9777984619141,106.8074951171875,104.96990203857422,128.02999877929688,49.75807189941406
2016-07-28,184.19017028808597,107.18034362792967,104.77581787109376,127.66000366210938,49.54904174804688
2016-07-29,184.48751831054688,107.41339111328124,105.64901733398438,128.97999572753906,49.5954704284668
2016-08-01,184.3345489501953,107.9820327758789,104.50357055664062,129.22000122070312,49.31722259521485
2016-08-02,183.15354919433597,107.1617202758789,103.42689514160156,130.27000427246094,49.24728775024414
2016-08-03,183.6888732910156,107.51593017578124,103.48672485351562,129.64999389648438,49.46891784667969
2016-08-04,183.88429260253903,107.82356262207033,104.26434326171876,129.8699951171875,49.78388214111328
2016-08-05,185.3882598876953,108.85824584960938,103.18016052246094,127.5500030517578,49.89473724365234
2016-08-08,185.27780151367188,108.73709106445312,103.3746109008789,127.44000244140624,50.098854064941406
2016-08-09,185.3882598876953,108.98873901367188,104.39136505126952,127.95999908447266,50.27383804321289
2016-08-10,184.9293670654297,108.70912170410156,104.79519653320312,128.55999755859375,50.18051528930664
2016-08-11,185.78759765625,109.17518615722656,103.86060333251952,127.66999816894533,50.303035736083984
2016-08-12,185.62615966796875,109.24976348876952,104.73536682128906,127.4000015258789,50.34385681152344
2016-08-15,186.16146850585935,109.71582794189452,103.74844360351562,127.83999633789062,50.49550628662109
2016-08-16,185.2013092041016,109.10997009277344,103.4717254638672,128.47000122070312,50.39051818847656
2016-08-17,185.5497131347656,109.3057098388672,104.0923309326172,128.5,50.46052169799805
2016-08-18,185.966064453125,109.33368682861328,104.25682830810548,129.11000061035156,50.658809661865234
2016-08-19,185.69415283203125,109.3057098388672,103.71106719970705,127.97000122070312,50.50715255737305
2016-08-22,185.68569946289065,109.38957977294922,104.58585357666016,127.77999877929688,50.425514221191406
2016-08-23,186.05950927734372,109.5853500366211,104.697998046875,127.76000213623048,50.59464645385742
2016-08-24,185.1078338623047,108.87688446044922,104.45121002197266,126.33999633789062,50.4547004699707
2016-08-25,184.9803771972656,108.69977569580078,104.0549545288086,126.2300033569336,50.54801940917969
2016-08-26,184.63201904296875,108.85824584960938,103.4493408203125,126.0500030517578,50.48967742919922
2016-08-29,185.5411834716797,109.0074234008789,104.83260345458984,126.3000030517578,50.74049758911133
2016-08-30,185.2353057861328,108.65319061279295,104.42877960205078,125.02999877929688,50.769657135009766
2016-08-31,184.70849609375,108.54132843017578,104.57833862304688,124.77999877929688,50.57134246826172
2016-09-01,184.71697998046875,108.82096862792967,104.69368743896484,125.29000091552734,50.67152786254883
2016-09-02,185.5497131347656,109.17518615722656,103.8397979736328,126.56999969482422,50.90583038330078
2016-09-06,186.1104736328125,109.85565948486328,104.59634399414062,128.7100067138672,50.96440887451172
2016-09-07,186.0935516357422,109.9209213256836,104.5214385986328,128.27000427246094,50.82382583618164
2016-09-08,185.6686553955078,109.27777862548828,103.21060180664062,127.58999633789062,50.73009490966797
2016-09-09,181.2247009277344,106.52783203125,101.51026153564452,126.75,50.24386978149414
2016-09-12,183.8247833251953,108.43879699707033,101.56268310546876,126.58999633789062,50.41960144042969
2016-09-13,181.18223571777344,107.46932983398438,100.40912628173828,125.75,50.032981872558594
2016-09-14,181.11422729492188,107.9820327758789,100.5589370727539,126.18000030517578,50.02128219604492
2016-09-15,182.9241180419922,109.6599349975586,100.1245346069336,125.37000274658205,50.31416320800781
2016-09-16,182.2169952392578,109.60758209228516,100.93351745605467,125.05999755859376,50.32587432861328
2016-09-19,182.25112915039065,109.1309814453125,100.60393524169922,125.31999969482422,50.35517120361328
2016-09-20,182.25970458984372,109.33656311035156,100.95594787597656,125.44000244140624,50.296573638916016
2016-09-21,184.3092803955078,110.41123962402344,101.77243041992188,127.2699966430664,50.712520599365234
2016-09-22,185.4706878662109,111.2896957397461,102.58135223388672,127.56999969482422,50.88240432739258
2016-09-23,184.45445251464844,110.57946014404295,102.48400115966795,127.6500015258789,50.82382583618164
2016-09-26,182.9600067138672,109.65431213378906,103.1356964111328,127.5500030517578,50.6011848449707
2016-09-27,184.09580993652344,110.7383270263672,103.89224243164062,126.62000274658205,50.74765396118164
2016-09-28,185.00958251953125,110.92526245117188,103.66754150390624,126.22000122070312,51.08741760253906
2016-09-29,183.3357086181641,110.12156677246094,103.92967987060548,126.06999969482422,50.89407730102539
2016-09-30,184.7192230224609,110.9439468383789,103.00079345703124,125.63999938964844,51.11670303344727
2016-10-03,184.27513122558597,110.78507995605467,102.660888671875,125.31999969482422,51.08492660522461
2016-10-04,183.3357086181641,110.6168441772461,101.46031188964844,120.97000122070312,50.99666595458984
2016-10-05,184.1470489501953,111.00936889648438,100.98757934570312,120.77999877929688,51.13200378417969
2016-10-06,184.27513122558597,110.9532470703125,100.42481231689452,119.66000366210938,51.16143035888672
2016-10-07,183.6431884765625,110.71028900146484,100.4923095703125,119.73999786376952,51.27911376953125
2016-10-10,184.5996551513672,111.41116333007812,99.89942932128906,120.16000366210938,51.426212310791016
2016-10-11,182.26821899414065,109.82252502441406,99.67438507080078,119.5500030517578,51.13790512084961
2016-10-12,182.5073699951172,109.72908020019533,99.7719497680664,119.73999786376952,51.12025451660156
2016-10-13,181.9095458984375,109.33656311035156,100.14715576171876,120.02999877929688,50.990814208984375
2016-10-14,182.0035095214844,109.46741485595705,98.74388885498048,119.36000061035156,51.108489990234375
2016-10-17,181.3715362548828,109.16838073730467,99.3742218017578,119.68000030517578,51.0378532409668
2016-10-18,182.5073699951172,110.14027404785156,99.69695281982422,120.41999816894533,51.24381256103516
2016-10-19,182.99420166015625,110.13089752197266,99.77943420410156,121.11000061035156,51.390899658203125
2016-10-20,182.6525115966797,110.00008392333984,99.88448333740234,120.73999786376952,51.39679718017578
2016-10-21,182.7378845214844,110.41123962402344,100.03458404541016,120.83000183105467,51.40856170654297
2016-10-24,183.5150604248047,111.7382583618164,99.59933471679688,120.55999755859376,51.43796157836914
2016-10-25,182.9001922607422,111.3831558227539,99.86196899414062,121.47000122070312,51.40856170654297
2016-10-26,182.532958984375,110.62620544433594,99.1866226196289,120.79000091552734,51.202632904052734
2016-10-27,182.0462188720703,110.12156677246094,98.10610961914062,121.01000213623048,51.01432800292969
2016-10-28,181.5081787109375,109.43002319335938,97.88842010498048,121.58000183105467,50.767208099365234
2016-10-31,181.51670837402344,109.32726287841795,98.48878479003906,121.94000244140624,50.61420440673828
2016-11-01,180.2016143798828,108.50486755371094,98.49630737304688,122.7300033569336,50.41679382324219
2016-11-02,179.116943359375,107.63580322265624,98.92481994628906,123.63999938964844,50.19221115112305
2016-11-03,178.29713439941406,106.57981872558594,98.16546630859376,124.3000030517578,50.20402526855469
2016-11-04,178.10073852539062,106.20600128173828,99.0451202392578,124.38999938964844,50.22764587402344
2016-11-07,182.0290985107422,108.72916412353516,98.20305633544922,122.1500015258789,50.930999755859375
2016-11-08,182.84896850585935,109.4394073486328,97.80460357666016,121.63999938964844,50.81875991821289
2016-11-09,184.7875213623047,109.94403076171876,93.65453338623048,121.55999755859376,50.46407318115234
2016-11-10,185.2487030029297,108.16845703125,92.2711944580078,119.75,49.802093505859375
2016-11-11,184.8216857910156,108.2151870727539,91.75242614746094,117.0999984741211,49.33516311645508
2016-11-14,184.9668731689453,107.12181091308594,91.20358276367188,116.11000061035156,49.70163345336914
2016-11-15,186.41012573242188,108.60767364501952,91.65467071533205,117.12000274658205,50.35768508911133
2016-11-16,186.0600128173828,109.2524642944336,92.48170471191406,116.7699966430664,50.15673828125
2016-11-17,187.01649475097656,110.0468292236328,91.1208953857422,116.16999816894533,50.02078628540039
2016-11-18,186.5980224609375,109.63563537597656,90.85778045654295,115.1500015258789,50.02078628540039
2016-11-21,188.00706481933597,110.77571868896484,91.08332824707033,115.58000183105467,50.42271041870117
2016-11-22,188.3742828369141,111.11212158203124,91.05326080322266,115.54000091552734,50.79506301879883
2016-11-23,188.47679138183597,110.66358947753906,90.6999282836914,113.25,50.605953216552734
2016-11-25,189.17703247070312,111.0186996459961,90.8352279663086,112.61000061035156,50.67096710205078
2016-11-28,188.2888946533203,110.7663803100586,91.50432586669922,113.8000030517578,50.66503143310547
2016-11-29,188.65611267089844,111.14952850341795,91.88778686523438,113.2699966430664,50.60000991821289
2016-11-30,188.2035217285156,109.80384063720705,90.39913940429688,111.75,50.62368392944336
2016-12-01,187.5118103027344,107.90679168701172,89.44467163085938,111.54000091552734,50.38678741455078
2016-12-02,187.6056671142578,108.12171936035156,90.10009002685548,112.13999938964844,50.68955993652344
2016-12-05,188.7329559326172,108.9627914428711,90.00215148925781,111.54000091552734,50.82018661499024
2016-12-06,189.33079528808597,109.22444915771484,89.9343490600586,111.43000030517578,51.075469970703125
2016-12-07,191.8073883056641,110.6075210571289,90.70272827148438,111.83000183105467,51.33076095581055
2016-12-08,192.2771148681641,110.80374145507812,89.63302612304688,111.56999969482422,51.324832916259766
2016-12-09,193.43849182128903,111.6728286743164,88.51805114746094,110.4000015258789,51.34856796264648
2016-12-12,193.21646118164065,111.16819763183594,88.68377685546875,110.81999969482422,51.2773323059082
2016-12-13,194.5059967041016,112.56998443603516,89.00018310546875,110.4499969482422,51.40201950073242
2016-12-14,192.9005126953125,112.33631896972656,88.00575256347656,108.83000183105467,51.01612091064453
2016-12-15,193.6947021484375,112.51390075683594,88.45023345947266,107.33999633789062,51.03986358642578
2016-12-16,193.31585693359372,112.09681701660156,88.24681091308594,108.0500030517578,51.08737564086914
2016-12-19,193.73681640625,112.55606842041016,89.19607543945312,108.58999633789062,51.21797561645508
2016-12-20,194.48411560058597,112.98719787597656,88.75154113769531,107.79000091552734,51.28921890258789
2016-12-21,193.94293212890625,112.90284729003906,89.1433334350586,107.8499984741211,51.378265380859375
2016-12-22,193.60791015625,112.58416748046876,88.98397827148438,107.58999633789062,51.48906326293945
2016-12-23,193.89141845703125,112.6591567993164,89.16522216796875,107.93000030517578,51.58436965942383
2016-12-27,194.37245178222656,113.2402801513672,88.87823486328125,108.55999755859376,51.53670883178711
2016-12-28,192.7660675048828,112.3592300415039,89.52777099609375,108.86000061035156,51.46522903442383
2016-12-29,192.72317504882807,112.19992065429688,89.84500885009766,110.29000091552734,51.53670883178711
2016-12-30,192.01876831054688,111.04708099365234,89.9809799194336,109.61000061035156,51.55456161499024
2017-01-03,193.4877166748047,112.04056549072266,90.36618041992188,110.47000122070312,51.76902770996094
2017-01-04,194.6387939453125,112.64981079101562,90.7136688232422,110.86000061035156,52.048954010009766
2017-01-05,194.48411560058597,113.28712463378906,92.13363647460938,112.58000183105467,51.97153854370117
2017-01-06,195.17996215820312,114.28062438964844,91.2876968383789,111.75,51.95961380004883
2017-01-09,194.53570556640625,114.65553283691406,92.02031707763672,112.66999816894533,51.94772338867188
2017-01-10,194.53570556640625,114.90862274169922,91.95992279052734,113.1500015258789,51.95366668701172
2017-01-11,195.0854339599609,115.21788024902344,92.26960754394533,113.5,51.98345947265625
2017-01-12,194.5958251953125,115.03981018066406,92.0655746459961,113.91000366210938,51.995365142822266
2017-01-13,195.0425262451172,115.43348693847656,91.62751007080078,114.20999908447266,52.01324081420898
2017-01-17,194.3553009033203,115.0866928100586,92.58682250976562,115.8499984741211,51.95961380004883
2017-01-18,194.78482055664065,115.32100677490234,91.40099334716795,114.87000274658205,52.00727844238281
2017-01-19,194.06326293945312,115.26478576660156,90.77405548095705,114.7699966430664,51.84052276611328
2017-01-20,194.77621459960935,115.51780700683594,90.5927734375,115.0500030517578,51.9417610168457
2017-01-23,194.26937866210935,115.61155700683594,91.4991226196289,115.79000091552734,51.9417610168457
2017-01-24,195.51495361328125,116.38948059082033,90.87223815917967,115.2699966430664,51.97751998901367
2017-01-25,197.20724487304688,117.56106567382812,89.73174285888672,114.31999969482422,52.16216659545898
2017-01-26,197.00112915039065,117.68289947509766,90.03380584716797,113.26000213623048,52.138309478759766
2017-01-27,196.69186401367188,117.90786743164062,90.358642578125,113.48999786376952,52.185977935791016
2017-01-30,195.4720916748047,116.98931884765624,90.08673095703124,113.97000122070312,52.07877731323242
2017-01-31,195.45486450195312,116.75501251220705,90.7136688232422,115.5500030517578,52.0251350402832
2017-02-01,195.5321502685547,117.56106567382812,90.15272521972656,115.1999969482422,52.21778869628906
2017-02-02,195.6610107421875,117.45794677734376,90.11489868164062,115.83999633789062,52.2476921081543
2017-02-03,197.0096893310547,117.79537200927734,90.07704162597656,116.12999725341795,52.337440490722656
2017-02-06,196.6574859619141,117.9359359741211,90.62205505371094,117.6999969482422,52.30155563354492
2017-02-07,196.6661071777344,118.36710357666016,91.2881851196289,117.45999908447266,52.22377014160156
2017-02-08,196.9237823486328,118.56391143798828,92.5295639038086,118.19000244140624,52.25968551635742
2017-02-09,198.09207153320312,118.99506378173828,91.46226501464844,117.29000091552734,52.33146667480469
2017-02-10,198.87380981445312,119.38871002197266,91.40928649902344,117.5999984741211,52.36735916137695
2017-02-13,199.9561767578125,120.06356048583984,91.12161254882812,116.8000030517578,52.44513320922852
2017-02-14,200.7550201416016,120.46658325195312,90.46309661865234,116.93000030517578,52.48101043701172
2017-02-15,201.80303955078125,121.17887115478516,90.04676055908203,117.4499969482422,52.49899673461914
2017-02-16,201.63128662109372,121.14142608642578,90.5387954711914,118.08000183105467,52.45709228515625
2017-02-17,201.94908142089844,121.6662368774414,91.07620239257812,117.68000030517578,52.51094818115234
2017-02-21,203.15174865722656,122.2661590576172,90.91722106933594,117.75,52.68444442749024
2017-02-22,202.9713592529297,122.31298065185548,91.0686492919922,117.91000366210938,52.708404541015625
2017-02-23,203.10882568359372,121.8537368774414,91.34114837646484,118.94000244140624,52.75624465942383
2017-02-24,203.3665008544922,122.08804321289062,92.35546112060548,119.6999969482422,52.79811477661133
2017-02-27,203.68435668945312,122.23800659179688,91.81046295166016,119.12000274658205,52.86393356323242
2017-02-28,203.1345672607422,121.86311340332033,92.15103149414062,119.2300033569336,52.822044372558594
2017-03-01,205.9779510498047,123.19403076171876,90.60696411132812,119.05999755859376,53.016746520996094
2017-03-02,204.68084716796875,122.57542419433594,90.28083038330078,117.58000183105467,52.84848403930664
2017-03-03,204.8096466064453,122.8003387451172,90.51593780517578,117.51000213623048,52.87254333496094
2017-03-06,204.1997528076172,122.52855682373048,90.0836410522461,116.72000122070312,52.70428085327149
2017-03-07,203.5898284912109,122.32234191894533,89.81063842773438,115.77999877929688,52.36179733276367
2017-03-08,203.21192932128903,122.5379409790039,89.32527160644531,115.05999755859376,52.01324844360352
2017-03-09,203.46957397460935,122.63162231445312,88.6123275756836,114.47000122070312,51.87504959106445
2017-03-10,204.1826019287109,123.14713287353516,88.92333984375,114.72000122070312,51.85703659057617
2017-03-13,204.2856903076172,123.3533706665039,88.3620834350586,114.73999786376952,51.89908981323242
2017-03-14,203.50396728515625,123.05338287353516,88.78679656982422,114.12000274658205,51.74285125732422
2017-03-15,205.26499938964844,123.81262969970705,89.871337890625,116.25,52.457916259765625
2017-03-16,204.86122131347656,123.72824096679688,89.41629791259766,116.7300033569336,52.30768966674805
2017-03-17,204.50146484375,123.68505096435548,89.97750091552734,116.98999786376952,52.32572555541992
2017-03-20,204.2771148681641,123.79778289794922,90.36429595947266,117.51000213623048,52.22358322143555
2017-03-21,201.65432739257807,121.91931915283205,91.11511993408205,118.54000091552734,51.85102844238281
2017-03-22,202.1288299560547,122.74585723876952,91.47911834716795,118.83000183105467,51.97721862792969
2017-03-23,201.9131622314453,122.4358901977539,91.35018920898438,118.66999816894533,51.9952278137207
2017-03-24,201.76649475097656,122.68952178955078,91.6762924194336,118.86000061035156,52.17548370361328
2017-03-27,201.5593719482422,122.88670349121094,92.09345245361328,119.52999877929688,52.12139892578125
2017-03-28,203.0261383056641,123.6380615234375,91.47911834716795,119.04000091552734,52.40983581542969
2017-03-29,203.2158966064453,124.21100616455078,92.0251922607422,119.33000183105467,52.51800155639648
2017-03-30,203.86300659179688,124.41766357421876,91.28196716308594,118.47000122070312,52.76436233520508
2017-03-31,203.3884735107422,124.33312225341795,91.54739379882812,118.72000122070312,52.74629974365234
2017-04-03,203.03472900390625,124.2580108642578,92.47080993652344,119.3499984741211,52.71799087524414
2017-04-04,203.16412353515625,124.45523071289062,91.96915435791016,119.62000274658205,52.736061096191406
2017-04-05,202.5602264404297,123.94800567626952,92.25040435791016,119.62000274658205,52.69382858276367
2017-04-06,203.12962341308597,124.01380157470705,92.11360168457033,119.18000030517578,52.76023864746094
2017-04-07,202.92259216308597,123.94800567626952,91.7411880493164,119.45999908447266,52.736061096191406
2017-04-10,203.0433654785156,123.99496459960938,92.16681671142578,119.45999908447266,52.8084831237793
2017-04-11,202.80181884765625,123.45964813232422,93.04085540771484,121.19000244140624,52.70589065551758
2017-04-12,201.9131622314453,122.96184539794922,93.5500030517578,122.0199966430664,52.74208831787109
2017-04-13,200.60171508789065,122.47345733642578,93.8388442993164,122.5999984741211,52.63347625732422
2017-04-17,202.37905883789065,123.48783111572266,93.5500030517578,122.23999786376952,52.7904052734375
2017-04-18,201.7751007080078,123.29998779296876,94.7736358642578,122.81999969482422,52.77834701538086
2017-04-19,201.4040985107422,123.4972152709961,94.25682067871094,121.7300033569336,52.73004913330078
2017-04-20,203.0433654785156,124.53034210205078,93.89202117919922,121.95999908447266,52.905067443847656
2017-04-21,202.3963165283203,124.50215911865234,93.89202117919922,122.30999755859376,52.862831115722656
2017-04-24,204.6222381591797,126.00494384765624,93.42841339111328,121.4800033569336,53.1102180480957
2017-04-25,205.81280517578125,126.91596221923828,92.30360412597656,120.25,53.206790924072266
2017-04-26,205.6834259033203,126.73749542236328,92.81278228759766,120.83999633789062,53.15850067138672
2017-04-27,205.85597229003903,127.49829864501952,92.78244018554688,120.38999938964844,53.19472122192383
2017-04-28,205.40733337402344,127.72370910644533,92.98756408691406,120.7699966430664,53.17662048339844
2017-05-01,205.92501831054688,128.86012268066406,92.2145767211914,119.66999816894533,53.20388412475586
2017-05-02,206.002685546875,129.07614135742188,92.68677520751952,119.6500015258789,53.2220573425293
2017-05-03,205.75244140625,128.66287231445312,92.74769592285156,117.9800033569336,53.27056503295898
2017-05-04,205.9939727783203,128.70985412597656,92.29073333740234,116.79000091552734,52.9857292175293
2017-05-05,206.8050079345703,129.17941284179688,92.37452697753906,117.01000213623048,53.07661819458008
2017-05-08,206.7705078125,129.461181640625,91.87186431884766,116.75,53.13718795776367
2017-05-09,206.5807037353516,129.91200256347656,91.86426544189452,116.0500030517578,53.100852966308594
2017-05-10,206.95166015625,129.9871826171875,91.75764465332033,116.04000091552734,53.33114242553711
2017-05-11,206.52891540527344,129.88389587402344,91.75764465332033,116.5,53.337188720703125
2017-05-12,206.18382263183597,130.17501831054688,92.45065307617188,116.83000183105467,53.319034576416016
2017-05-15,207.32269287109372,130.5882568359375,92.19935607910156,117.13999938964844,53.44025039672852
2017-05-16,207.1328582763672,131.13302612304688,92.54209899902344,117.6500015258789,53.51900100708008
2017-05-17,203.45751953125,127.79881286621094,93.89010620117188,119.79000091552734,53.28265380859375
2017-05-18,204.2771148681641,128.9164581298828,93.99674987792967,118.80999755859376,53.34326553344727
2017-05-19,205.6057891845703,129.461181640625,94.2175750732422,119.4000015258789,53.44025039672852
2017-05-22,206.6497344970703,130.55067443847656,93.9586410522461,119.9000015258789,53.603851318359375
2017-05-23,207.1070098876953,130.68218994140625,93.32650756835938,119.13999938964844,53.59779739379883
2017-05-24,207.59014892578125,131.28329467773438,93.85206604003906,119.61000061035156,53.68871307373047
2017-05-25,208.58233642578125,132.40098571777344,93.88249969482422,119.4800033569336,53.64628219604492
2017-05-26,208.53921508789065,132.6357421875,94.0424575805664,120.54000091552734,53.67659759521485
2017-05-30,208.3580017089844,132.74850463867188,94.50699615478516,120.13999938964844,53.73112869262695
2017-05-31,208.30625915527344,132.7015380859375,94.74308013916016,120.62000274658205,53.72507858276367
2017-06-01,209.96270751953125,133.2180633544922,94.75301361083984,120.72000122070312,53.88148498535156
2017-06-02,210.6615753173828,134.73960876464844,95.8749542236328,121.61000061035156,53.91193771362305
2017-06-05,210.50631713867188,134.71136474609375,95.2796630859375,121.7300033569336,53.863243103027344
2017-06-06,209.83334350585935,134.17604064941406,95.79861450195312,123.0999984741211,53.77803421020508
2017-06-07,210.22157287597656,134.7020263671875,95.34073638916016,122.4499969482422,53.66849136352539
2017-06-08,210.3251037597656,134.84295654296875,95.08883666992188,121.6500015258789,53.71109390258789
2017-06-09,210.00592041015625,131.47116088867188,94.94381713867188,120.54000091552734,53.7536735534668
2017-06-12,209.96270751953125,130.76675415039062,94.9132843017578,120.36000061035156,53.844974517822266
2017-06-13,210.9894561767578,131.82801818847656,94.92855072021484,120.4800033569336,53.94234848022461
2017-06-14,210.7220001220703,131.25514221191406,96.3939208984375,119.81999969482422,53.94845199584961
2017-06-15,210.3165435791016,130.67279052734375,96.2413101196289,119.31999969482422,53.741512298583984
2017-06-16,210.3624267578125,130.10585021972656,96.43211364746094,119.33999633789062,53.65019989013672
2017-06-19,212.1137542724609,132.2813720703125,96.29473114013672,118.43000030517578,53.81452941894531
2017-06-20,210.6832275390625,131.2454376220703,97.15716552734376,118.18000030517578,53.6258659362793
2017-06-21,210.6311798095703,132.54505920410156,97.35559844970705,118.5199966430664,53.31546401977539
2017-06-22,210.53582763671875,132.5073699951172,97.56925964355467,118.91999816894533,53.461524963378906
2017-06-23,210.78729248046875,133.01597595214844,97.5234832763672,119.43000030517578,53.68065643310547
2017-06-26,210.92596435546875,132.39437866210938,97.88980102539062,118.36000061035156,53.7536735534668
2017-06-27,209.2266998291016,129.9928436279297,96.84425354003906,118.80999755859376,53.58324813842773
2017-06-28,211.0993804931641,131.8669891357422,96.52367401123048,118.9000015258789,53.802345275878906
2017-06-29,209.2440643310547,129.57850646972656,95.7146987915039,118.31999969482422,53.66849136352539
2017-06-30,209.6341552734375,129.62557983398438,95.49337768554688,118.0199966430664,53.79629898071289
2017-07-03,209.98960876464844,128.26002502441406,95.18585968017578,116.08999633789062,53.77001190185547
2017-07-05,210.47512817382807,129.52197265625,95.2088394165039,116.5199966430664,53.72721862792969
2017-07-06,208.55047607421875,128.35415649414062,94.42112731933594,116.47000122070312,53.59273147583008
2017-07-07,209.9029083251953,129.7386016845703,93.85514068603516,115.27999877929688,53.543827056884766
2017-07-10,210.1283264160156,130.58616638183594,93.99279022216795,115.47000122070312,53.604957580566406
2017-07-11,209.9723052978516,130.95347595214844,94.15342712402344,115.62000274658205,53.56830978393555
2017-07-12,211.5502014160156,132.5073699951172,94.80352783203124,116.02999877929688,53.91672897338867
2017-07-13,211.90565490722656,132.79933166503906,94.20701599121094,115.81999969482422,53.9594841003418
2017-07-14,212.8939971923828,133.8446807861328,94.32164764404295,116.7699966430664,54.112281799316406
2017-07-17,212.8679656982422,133.9105682373047,94.58170318603516,117.29000091552734,54.13064193725586
2017-07-18,212.980712890625,134.8052978515625,95.40769958496094,118.11000061035156,54.155059814453125
2017-07-19,214.1337738037109,135.59637451171875,95.4459457397461,118.08000183105467,54.24674224853516
2017-07-20,214.22915649414065,135.77537536621094,95.72127532958984,118.23999786376952,54.27734375
2017-07-21,214.0384521484375,135.71885681152344,96.12657165527344,119.26000213623048,54.23453521728516
2017-07-24,213.98638916015625,136.34042358398438,95.75181579589844,119.30999755859376,54.27734375
2017-07-25,214.5065460205078,135.99191284179688,94.50525665283205,118.91999816894533,54.30176162719727
2017-07-26,214.51524353027344,136.4344940185547,94.65823364257812,119.87999725341795,54.3812255859375
2017-07-27,214.3158416748047,135.5775604248047,94.19165802001952,119.79000091552734,54.33845138549805
2017-07-28,214.0644073486328,135.46453857421875,94.74998474121094,120.69000244140624,54.34455871582031
2017-07-31,213.94305419921875,134.8900909423828,94.86469268798828,120.75,54.34455871582031
2017-08-01,214.4198760986328,135.2008819580078,95.5307388305664,120.6500015258789,54.39855194091797
2017-08-02,214.52389526367188,135.56813049316406,95.58438873291016,120.4000015258789,54.41084289550781
2017-08-03,214.10777282714844,135.04075622558594,96.57310485839844,120.58999633789062,54.306488037109375
2017-08-04,214.49789428710935,135.28561401367188,95.75303649902344,119.6500015258789,54.31876754760742
2017-08-07,214.8966827392578,136.1426239013672,95.86035919189452,119.51000213623048,54.29419708251953
2017-08-08,214.36785888671875,135.90719604492188,95.51543426513672,119.86000061035156,54.06100463867188
2017-08-09,214.35916137695312,135.7282257080078,96.0365753173828,121.30999755859376,53.852294921875
2017-08-10,211.33343505859372,132.81817626953125,96.85669708251952,122.20999908447266,53.50860595703125
2017-08-11,211.64553833007807,133.82582092285156,96.90269470214844,122.79000091552734,53.60066604614258
2017-08-14,213.7436370849609,135.54930114746094,96.40447998046876,121.91999816894533,53.88298416137695
2017-08-15,213.71763610839844,135.64344787597656,95.99822235107422,120.9800033569336,53.90140914916992
2017-08-16,214.09039306640625,135.87893676757812,96.350830078125,121.87000274658205,53.90756607055664
2017-08-17,210.75254821777344,133.10073852539062,97.07129669189452,122.48999786376952,53.606815338134766
2017-08-18,210.4231109619141,133.00648498535156,97.04830932617188,122.3000030517578,53.68658065795898
2017-08-21,210.5878753662109,132.83702087402344,97.28591918945312,122.76000213623048,53.74181365966797
2017-08-22,212.7899475097656,134.86178588867188,96.9103546142578,122.20999908447266,53.96278381347656
2017-08-23,212.02700805664065,134.3815460205078,97.56951141357422,122.66999816894533,53.96891403198242
2017-08-24,211.5328826904297,133.98602294921875,97.20926666259766,122.29000091552734,54.04868698120117
2017-08-25,212.02700805664065,133.7034454345703,97.58483123779295,122.73999786376952,54.14690780639648
2017-08-28,212.0356903076172,134.11782836914062,97.52352905273438,124.69000244140624,54.15307235717773
2017-08-29,212.2784576416016,134.64520263671875,97.83779907226562,124.41999816894533,54.0855598449707
2017-08-30,213.2841339111328,136.2273712158203,97.80711364746094,124.36000061035156,54.232852935791016
2017-08-31,214.56723022460935,137.68714904785156,98.0983657836914,125.81999969482422,54.38016891479492
2017-09-01,214.8706817626953,137.498779296875,97.34796142578124,126.05999755859376,54.43561172485352
2017-09-05,213.3274688720703,136.26507568359375,98.89175415039062,127.45999908447266,54.31237030029297
2017-09-06,214.05572509765625,136.67945861816406,98.28497314453124,126.80999755859376,54.27534103393555
2017-09-07,214.0297088623047,136.9996337890625,99.29110717773438,128.1300048828125,54.28154754638672
2017-09-08,213.7783203125,135.81301879882812,99.07608795166016,127.97000122070312,54.10894775390625
2017-09-11,216.05848693847656,137.37632751464844,97.89327239990234,126.19000244140624,54.28154754638672
2017-09-12,216.7866973876953,137.7059783935547,97.37869262695312,126.55999755859376,54.34934997558594
2017-09-13,216.89073181152344,137.894287109375,96.9947280883789,125.61000061035156,54.36781692504883
2017-09-14,216.82139587402344,137.08441162109375,97.39407348632812,126.16000366210938,54.44175338745117
2017-09-15,217.11328125,137.5552978515625,97.43245697021484,125.52999877929688,54.49111175537109
2017-09-18,217.5750274658203,137.37503051757812,96.87179565429688,124.36000061035156,54.46643829345703
2017-09-19,217.79286193847656,137.6109619140625,96.63372039794922,124.62000274658205,54.52189254760742
2017-09-20,217.8712615966797,137.18624877929688,96.70285034179688,123.62000274658205,54.5157356262207
2017-09-21,217.2875213623047,136.34625244140625,96.6490707397461,122.68000030517578,54.44795227050781
2017-09-22,217.33111572265625,136.21412658691406,96.92554473876952,123.23999786376952,54.50343704223633
2017-09-25,216.88673400878903,134.77943420410156,97.53229522705078,124.52999877929688,54.53423309326172
2017-09-26,217.0174102783203,135.128662109375,97.35564422607422,123.13999938964844,54.602046966552734
2017-09-27,217.86257934570312,136.34625244140625,95.88872528076172,121.9800033569336,54.62667083740234
2017-09-28,218.12396240234372,136.29905700683594,95.60456848144533,122.20999908447266,54.62667083740234
2017-09-29,218.8906707763672,137.2806396484375,95.8196029663086,121.58000183105467,54.70684814453125
2017-10-02,219.8403778076172,137.40333557128906,95.6441421508789,120.7699966430664,54.67896270751953
2017-10-03,220.31085205078125,137.6959228515625,95.7364730834961,120.83000183105467,54.77798843383789
2017-10-04,220.57228088378903,137.8280029296875,95.74420166015624,121.16999816894533,54.7222785949707
2017-10-05,221.879150390625,139.17771911621094,95.38248443603516,120.5199966430664,54.79036712646485
2017-10-06,221.62649536132807,139.36648559570312,95.11311340332033,121.08999633789062,54.70989227294922
2017-10-09,221.26052856445312,139.20603942871094,95.41327667236328,122.08000183105467,54.71611022949219
2017-10-10,221.8442840576172,139.3098907470703,95.567138671875,122.4000015258789,54.75941848754883
2017-10-11,222.1928253173828,139.7251434326172,95.75186920166016,122.79000091552734,54.70375061035156
2017-10-12,221.8616943359375,139.4703369140625,96.15975952148438,122.88999938964844,54.64181518554688
2017-10-13,222.13186645507807,140.00827026367188,96.85240173339844,123.81999969482422,54.66654968261719
2017-10-16,222.4280548095703,140.48971557617188,96.78314208984376,122.97000122070312,54.697540283203125
2017-10-17,222.58485412597656,140.66896057128906,96.9062042236328,122.12999725341795,54.77798843383789
2017-10-18,222.8027191162109,140.49911499023438,96.26750183105467,121.66999816894533,54.83371353149414
2017-10-19,222.8636932373047,139.97996520996094,96.43678283691406,122.38999938964844,54.83987045288086
2017-10-20,224.0138092041016,140.3575439453125,95.41327667236328,121.61000061035156,54.88938522338867
2017-10-23,223.1424865722656,139.4420166015625,95.58255004882812,121.8000030517578,54.82751083374024
2017-10-24,223.5345764160156,139.67794799804688,94.9899673461914,121.33000183105467,54.82751083374024
2017-10-25,222.4280548095703,139.14942932128906,94.5359344482422,121.3499984741211,54.67277908325195
2017-10-26,222.71556091308597,138.705810546875,94.22039031982422,120.33000183105467,54.60470581054688
2017-10-27,224.53646850585935,142.7454071044922,94.84378814697266,120.9000015258789,54.75320816040039
2017-10-30,223.70013427734372,143.06634521484375,95.75186920166016,121.12999725341795,54.740840911865234
2017-10-31,224.0486297607422,143.60430908203125,95.78265380859376,120.66999816894533,54.75320816040039
2017-11-01,224.3448486328125,143.55715942382812,96.20912170410156,121.11000061035156,54.70104598999024
2017-11-02,224.4320068359375,143.2833709716797,96.63331604003906,121.19000244140624,54.66994094848633
2017-11-03,225.18130493164065,144.661376953125,96.8955535888672,120.62000274658205,54.67618179321289
2017-11-06,225.52980041503903,145.1522216796875,97.25799560546876,121.6500015258789,54.68236923217773
2017-11-07,225.3729553222656,145.23707580566406,97.666748046875,121.20999908447266,54.52701187133789
2017-11-08,225.7563323974609,145.8223114013672,97.45079803466795,121.62999725341795,54.28461837768555
2017-11-09,224.93734741210935,145.05783081054688,97.17317199707033,122.12999725341795,54.01740646362305
2017-11-10,224.86764526367188,145.04832458496094,95.7078857421875,121.12999725341795,54.13549423217773
2017-11-13,225.07669067382807,145.22769165039062,95.90837860107422,121.30999755859376,54.09820175170898
2017-11-14,224.5539703369141,144.69912719726562,96.55616760253906,121.55999755859376,53.86825942993164
2017-11-15,223.43003845214844,144.01962280273438,97.60506439208984,121.41000366210938,53.86825942993164
2017-11-16,225.3294219970703,145.86007690429688,96.75672149658205,121.4000015258789,54.39653015136719
2017-11-17,224.66722106933597,145.30323791503906,97.47393035888672,122.86000061035156,54.35921859741211
2017-11-20,225.0505523681641,145.18995666503906,97.43538665771484,121.30999755859376,54.37162399291992
2017-11-21,226.5230712890625,146.76620483398438,97.74384307861328,121.51000213623048,54.483524322509766
2017-11-22,226.3226623535156,146.94549560546875,98.06005859375,122.62999725341795,54.57051467895508
2017-11-24,226.84542846679688,147.4834442138672,97.79015350341795,122.31999969482422,54.60782623291016
2017-11-27,226.732177734375,147.4174041748047,97.6513214111328,122.83000183105467,54.44001770019531
2017-11-28,229.0323181152344,147.79489135742188,97.78243255615234,122.80999755859376,54.60782623291016
2017-11-29,228.8929443359375,145.21827697753906,96.8184051513672,122.04000091552734,54.53944396972656
2017-11-30,230.89682006835935,146.435791015625,96.49449157714844,121.0999984741211,54.55186462402344
2017-12-01,230.4176483154297,145.8128662109375,97.79668426513672,121.58999633789062,54.53438949584961
2017-12-04,230.1388397216797,144.1328582763672,97.84302520751952,121.18000030517578,54.51567459106445
2017-12-05,229.31109619140625,144.2272491455078,98.32986450195312,120.31999969482422,54.48447036743164
2017-12-06,229.3547515869141,144.87852478027344,98.6698989868164,120.06999969482422,54.43452835083008
2017-12-07,230.07786560058597,145.36927795410156,97.89712524414062,118.48999786376952,54.459503173828125
2017-12-08,231.33255004882807,146.01107788085938,97.90483856201172,118.4800033569336,54.51567459106445
2017-12-11,232.02952575683597,147.14364624023438,97.70391082763672,118.01000213623048,54.52817535400391
2017-12-12,232.43899536132807,146.94549560546875,97.6652374267578,118.1500015258789,54.5031852722168
2017-12-13,232.4128875732422,147.22862243652344,98.3994369506836,119.16999816894533,54.53438949584961
2017-12-14,231.46316528320312,147.12481689453125,98.8166961669922,118.93000030517578,54.42203140258789
2017-12-15,233.39068603515625,148.7953643798828,99.18766784667967,119.18000030517578,54.42828750610352
2017-12-18,234.8706817626953,150.04293823242188,98.28351593017578,119.7300033569336,54.48447036743164
2017-12-19,233.9686737060547,149.1538543701172,97.0084228515625,119.81999969482422,54.37213897705078
2017-12-20,233.84605407714844,148.9930419921875,95.93421936035156,120.13999938964844,54.41584396362305
2017-12-21,234.3277130126953,149.011962890625,96.49331665039062,120.30999755859376,54.47283554077149
2017-12-22,234.26641845703125,148.84170532226562,96.62500762939452,120.94000244140624,54.52298355102539
2017-12-26,233.98619079589844,148.03782653808594,96.91154479980467,121.7699966430664,54.6044807434082
2017-12-27,234.0999755859375,148.05673217773438,98.17386627197266,122.2300033569336,54.62952423095703
2017-12-28,234.5816650390625,148.2364501953125,98.08869171142578,122.8499984741211,54.6044807434082
2017-12-29,233.69723510742188,147.31900024414062,98.24356842041016,123.6500015258789,54.68589782714844
2018-01-02,235.3698272705078,149.9010009765625,97.18260955810548,125.1500015258789,54.73606491088867
2018-01-03,236.8585357666016,151.35760498046875,97.64722442626952,124.81999969482422,54.99927520751953
2018-01-04,237.8568572998047,151.6223907470703,97.63175201416016,125.45999908447266,55.09328842163086
2018-01-05,239.4420166015625,153.1451873779297,97.35295867919922,125.33000183105467,55.13088607788086
2018-01-08,239.87985229492188,153.7410125732422,97.29103088378906,125.30999755859376,55.08702850341797
2018-01-09,240.4228057861328,153.75047302246094,95.9899444580078,124.7300033569336,54.91780853271485
2018-01-10,240.05503845214844,153.39105224609375,95.87383270263672,125.02999877929688,54.798736572265625
2018-01-11,241.8065185546875,154.44091796875,96.268798828125,125.44000244140624,54.98047256469727
2018-01-12,243.3827362060547,155.57591247558594,96.4313735961914,126.95999908447266,54.8864860534668
2018-01-16,242.5507659912109,155.13136291503906,96.83409881591795,127.16999816894533,54.85515594482422
2018-01-17,244.8627014160156,156.80545043945312,96.70244598388672,126.13999938964844,54.86140441894531
2018-01-18,244.4512481689453,156.8337860107422,95.80409240722656,125.86000061035156,54.80498504638672
2018-01-19,245.56332397460935,157.3256378173828,95.30076599121094,126.41999816894533,54.86140441894531
2018-01-22,247.5599670410156,159.0092315673828,95.39369201660156,126.6500015258789,54.91152572631836
2018-01-23,248.0855255126953,160.3238067626953,95.80409240722656,127.27999877929688,55.07445526123047
2018-01-24,247.98904418945312,159.28343200683594,95.28524780273438,128.8300018310547,54.99300765991211
2018-01-25,248.0941619873047,159.22671508789062,96.06743621826172,127.97000122070312,54.9554328918457
2018-01-26,250.96658325195312,161.66690063476562,95.71118927001952,128.07000732421875,54.99927520751953
2018-01-29,249.3026885986328,160.8818817138672,95.04520416259766,127.3499984741211,54.80498504638672
2018-01-30,246.74549865722656,159.55772399902344,94.4875946044922,126.8000030517578,54.61698913574219
2018-01-31,246.86822509765625,160.2197723388672,95.04520416259766,127.6500015258789,54.71100234985352
2018-02-01,246.58792114257807,158.8578338623047,93.66771697998048,128.07000732421875,54.60778427124024
2018-02-02,241.2197113037109,155.68934631347656,92.79854583740234,126.38999938964844,54.26163482666016
2018-02-05,231.1312713623047,149.55105590820312,93.67546081542967,126.70999908447266,53.95953750610352
2018-02-06,235.68505859375,153.5140380859375,93.0934600830078,125.37999725341795,54.28683090209961
2018-02-07,234.40652465820312,151.52783203125,92.20880126953124,124.79000091552734,54.08544158935547
2018-02-08,225.6142578125,145.13418579101562,92.10787200927734,124.9800033569336,53.61344146728516
2018-02-09,229.00323486328125,147.64051818847656,91.5258560180664,124.7699966430664,53.46237564086914
2018-02-12,232.36610412597656,150.26046752929688,91.9293975830078,125.37000274658205,53.827415466308594
2018-02-13,232.94406127929688,151.03599548339844,92.34066772460938,126.08000183105467,53.65749740600586
2018-02-14,236.0878448486328,153.86399841308594,91.31629943847656,128.22999572753906,53.75188827514648
2018-02-15,239.1004180908203,156.72032165527344,91.62674713134766,128.3800048828125,54.18611526489258
2018-02-16,239.1704864501953,156.02041625976562,92.1233901977539,127.95999908447266,54.40639114379883
2018-02-20,237.6729736328125,156.33248901367188,91.71987915039062,126.23999786376952,54.21760177612305
2018-02-21,236.49073791503903,155.88800048828125,90.59461212158205,125.66000366210938,53.972145080566406
2018-02-22,236.79722595214844,155.8690643310547,90.8662338256836,126.3000030517578,54.00992202758789
2018-02-23,240.5717315673828,159.05650329589844,91.67327117919922,126.13999938964844,54.3686408996582
2018-02-26,243.36520385742188,161.16558837890625,91.7043228149414,126.4499969482422,54.46302032470703
2018-02-27,240.32652282714844,159.16995239257812,91.57240295410156,125.12999725341795,54.31830596923828
2018-02-28,237.8918914794922,158.14849853515625,92.1544952392578,125.0,54.23646926879883
2018-03-01,234.43276977539065,155.56642150878906,92.78353118896484,124.72000122070312,53.87694549560547
2018-03-02,235.64122009277344,156.99461364746094,92.0292510986328,125.38999938964844,54.18024826049805
2018-03-05,238.36480712890625,158.7349090576172,91.7804183959961,125.18000030517578,54.18024826049805
2018-03-06,238.96905517578125,159.4063720703125,91.8659439086914,126.52999877929688,54.25605773925781
2018-03-07,238.8814392089844,159.77528381347656,91.76488494873048,125.72000122070312,54.12339019775391
2018-03-08,240.0374755859375,160.65489196777344,92.2936553955078,125.41999816894533,54.18657684326172
2018-03-09,244.214599609375,163.7760009765625,91.68711853027344,125.54000091552734,54.382415771484375
2018-03-12,243.90821838378903,164.6461639404297,92.21585083007812,125.54000091552734,54.29401016235352
2018-03-13,242.3319091796875,162.40464782714844,92.6823959350586,125.77999877929688,54.12339019775391
2018-03-14,241.08831787109372,162.37623596191406,93.49891662597656,125.6999969482422,54.060203552246094
2018-03-15,240.8255615234375,162.23435974121094,93.49891662597656,124.9000015258789,54.09809112548828
2018-03-16,241.08676147460935,161.75201416015625,93.1645965576172,124.5999984741211,54.21184921264648
2018-03-19,237.8248443603516,158.3008575439453,92.86906433105467,124.87000274658205,53.99069595336914
2018-03-20,238.22921752929688,158.82188415527344,92.4958267211914,124.30999755859376,54.09809112548828
2018-03-21,237.7720184326172,158.13034057617188,92.596923828125,126.4800033569336,54.1170768737793
2018-03-22,231.82843017578125,154.2273406982422,93.51445770263672,125.9800033569336,53.794803619384766
2018-03-23,226.88702392578125,150.1631317138672,93.44451141357422,127.61000061035156,53.65583419799805
2018-03-26,233.0944976806641,155.74301147460938,93.0868148803711,128.27999877929688,54.00333404541016
2018-03-27,229.12918090820312,150.70314025878906,94.08209991455078,127.48999786376952,53.95277786254883
2018-03-28,228.4521331787109,148.96954345703125,94.3309555053711,125.7300033569336,53.92749786376953
2018-03-29,231.3711700439453,151.6978759765625,94.78973388671876,125.79000091552734,54.110721588134766
2018-04-02,226.37713623046875,147.3211669921875,94.97676849365234,127.26000213623048,53.9007453918457
2018-04-03,229.278564453125,148.97901916503906,94.24425506591795,126.3000030517578,54.05301284790039
2018-04-04,231.73167419433597,151.32838439941406,94.04945373535156,126.4499969482422,54.17356872558594
2018-04-05,233.56051635742188,152.19052124023438,93.3481216430664,125.8000030517578,54.21797180175781
2018-04-06,228.35533142089844,148.38221740722656,94.3689422607422,126.38999938964844,54.09746170043945
2018-04-09,229.48081970214844,149.42425537109375,94.52479553222656,126.81999969482422,54.300437927246094
2018-04-10,233.12962341308597,152.72100830078125,94.35336303710938,127.12000274658205,54.49711608886719
2018-04-11,231.9074859619141,151.83993530273438,94.6884307861328,128.11000061035156,54.516151428222656
2018-04-12,233.81544494628903,153.6683807373047,93.9948959350586,126.62000274658205,54.71281433105469
2018-04-13,233.12962341308597,152.87257385253906,94.21309661865234,127.4499969482422,54.74452972412109
2018-04-16,235.0464324951172,154.0377960205078,94.24425506591795,127.62999725341795,54.82700729370117
2018-04-17,237.5611114501953,157.35345458984375,94.50141143798828,127.75,54.85235977172852
2018-04-18,237.7368927001953,157.67562866210938,93.74554443359376,127.8499984741211,54.7952880859375
2018-04-19,236.41802978515625,156.2261505126953,92.98185729980467,127.5999984741211,54.62399673461914
2018-04-20,234.4133758544922,153.75360107421875,92.31169128417967,126.62999725341795,54.49074172973633
2018-04-23,234.378173828125,153.36521911621094,92.3350830078125,125.62000274658205,54.34481430053711
2018-04-24,231.2217254638672,150.11582946777344,91.91426849365234,126.2300033569336,54.236961364746094
2018-04-25,231.79318237304688,150.2957763671875,91.29859924316406,125.41000366210938,54.24333190917969
2018-04-26,234.1495513916016,153.4599151611328,91.93763732910156,124.97000122070312,54.43370056152344
2018-04-27,234.3694000244141,153.5546417236328,92.64675903320312,125.5,54.408294677734375
2018-04-30,232.56695556640625,152.4652099609375,92.81041717529295,124.58999633789062,54.37023162841797
2018-05-01,232.98019409179688,154.20831298828125,92.47616577148438,123.70999908447266,54.41038513183594
2018-05-02,231.41514587402344,153.29888916015625,92.3746337890625,123.6500015258789,54.39125061035156
2018-05-03,230.9051971435547,153.2799072265625,92.78850555419922,124.27999877929688,54.384883880615234
2018-05-04,233.8946685791016,156.18829345703125,92.92911529541016,124.54000091552734,54.4230842590332
2018-05-07,234.6859130859375,157.4861297607422,92.7807388305664,124.56999969482422,54.47407150268555
2018-05-08,234.6859130859375,157.3250732421875,92.69485473632812,124.58999633789062,54.39125061035156
2018-05-09,236.9543609619141,159.0397491455078,92.1403350830078,124.33000183105467,54.48045349121094
2018-05-10,239.16995239257807,160.68809509277344,92.88224792480467,125.18000030517578,54.63972854614258
2018-05-11,239.8998260498047,160.5365447998047,93.11652374267578,125.0,54.6206283569336
2018-05-14,240.01412963867188,160.811279296875,92.62452697753906,124.48999786376952,54.63334274291992
2018-05-15,238.3610992431641,159.03028869628906,91.57020568847656,122.4800033569336,54.36576461791992
2018-05-16,239.36343383789065,160.08184814453125,91.21875,122.29000091552734,54.43582534790039
2018-05-17,239.16123962402344,159.4661102294922,90.75794219970705,122.36000061035156,54.46768569946289
2018-05-18,238.56336975097656,158.64195251464844,91.53894805908205,122.41000366210938,54.41038513183594
2018-05-21,240.3570251464844,159.5324249267578,91.58586120605467,122.4800033569336,54.4868278503418
2018-05-22,239.68878173828125,159.3239288330078,91.44522857666016,122.41000366210938,54.52505874633789
2018-05-23,240.34811401367188,160.66920471191406,92.1090850830078,122.54000091552734,54.56962966918945
2018-05-24,239.85577392578125,160.62179565429688,92.8432159423828,123.58999633789062,54.60149765014648
2018-05-25,239.28436279296875,160.78285217285156,93.42115783691406,123.20999908447266,54.51229476928711
2018-05-29,236.5323944091797,160.0723876953125,95.46732330322266,123.19000244140624,54.28293991088867
2018-05-30,239.68878173828125,161.21864318847656,94.82691955566406,123.37000274658205,54.44858932495117
2018-05-31,238.22044372558597,161.11451721191406,94.67072296142578,123.0999984741211,54.3975944519043
2018-06-01,240.5592803955078,163.6438446044922,94.1705093383789,122.48999786376952,54.521766662597656
2018-06-04,241.7022247314453,165.1217041015625,93.489501953125,122.37000274658205,54.63698959350586
2018-06-05,241.8780975341797,165.63327026367188,93.70862579345705,122.8499984741211,54.70098876953125
2018-06-06,243.9003448486328,166.59957885742188,92.9493179321289,122.91999816894533,54.83538436889648
2018-06-07,243.8739318847656,165.244873046875,93.8495101928711,122.86000061035156,54.85456466674805
2018-06-08,244.59487915039065,165.25433349609375,93.5677490234375,123.01000213623048,54.82257080078125
2018-06-11,244.9202423095703,165.69960021972656,93.39553833007812,123.2300033569336,54.92496490478516
2018-06-12,245.2367401123047,166.57118225097656,93.41902160644533,122.81999969482422,54.96974563598633
2018-06-13,244.4542694091797,166.5616912841797,93.3720474243164,123.19000244140624,54.98898696899414
2018-06-14,245.06968688964844,168.2479705810547,94.14700317382812,123.37999725341795,55.14897918701172
2018-06-15,244.75704956054688,167.6605682373047,94.23309326171876,121.33999633789062,55.11696243286133
2018-06-18,244.2536163330078,167.56378173828125,94.14700317382812,121.11000061035156,55.11056137084961
2018-06-19,243.3174285888672,167.08905029296875,94.6949691772461,120.8000030517578,55.03375244140625
2018-06-20,243.7325439453125,168.27577209472656,93.86522674560548,120.26000213623048,55.09138870239258
2018-06-21,242.2046356201172,166.81373596191406,94.3583755493164,120.0500030517578,54.9761848449707
2018-06-22,242.6461944580078,166.44351196289062,94.35053253173828,120.33999633789062,54.98259353637695
2018-06-25,239.34315490722656,162.69346618652344,94.56192016601562,119.88999938964844,54.85456466674805
2018-06-26,239.873046875,163.3580780029297,94.6949691772461,119.26000213623048,54.848182678222656
2018-06-27,237.88589477539065,161.13650512695312,95.58738708496094,118.58000183105467,54.73297500610352
2018-06-28,239.24594116210935,162.5225830078125,95.6108627319336,118.22000122070312,54.57938766479492
2018-06-29,239.59048461914065,162.95928955078125,95.2821044921875,118.6500015258789,54.45136260986328
2018-07-02,240.10260009765625,164.05108642578125,95.20755004882812,117.45999908447266,54.50344467163086
2018-07-03,239.2547912597656,162.15234375,95.71751403808594,118.6500015258789,54.509883880615234
2018-07-05,241.20664978027344,164.16500854492188,95.99212646484376,119.0500030517578,54.71562576293945
2018-07-06,243.2467803955078,166.71878051757812,96.30591583251952,118.86000061035156,54.85702133178711
2018-07-09,245.4371490478516,168.2187957763672,95.68610382080078,119.1500015258789,54.94059371948242
2018-07-10,246.3202362060547,168.3422393798828,95.6783218383789,118.93000030517578,54.947044372558594
2018-07-11,244.51852416992188,167.48777770996094,96.04702758789062,117.63999938964844,54.86347198486328
2018-07-12,246.7353515625,170.37388610839844,96.0391845703125,118.12999725341795,55.03705596923828
2018-07-13,246.92965698242188,170.51626586914062,96.28240203857422,117.61000061035156,55.03705596923828
2018-07-16,246.70887756347656,170.10801696777344,95.88224792480467,117.5500030517578,54.998477935791016
2018-07-17,247.7068328857422,171.1428985595703,95.7017822265625,116.27999877929688,55.01776885986328
2018-07-18,248.22799682617188,170.820068359375,95.31737518310548,116.30999755859376,55.04347229003906
2018-07-19,247.2917938232422,169.96566772460938,95.92150115966795,115.80999755859376,55.01776885986328
2018-07-20,247.0092315673828,169.9276885986328,94.74465942382812,116.55999755859376,55.04347229003906
2018-07-23,247.46847534179688,170.46881103515625,93.57563018798828,116.0,55.02418899536133
2018-07-24,248.7136993408203,171.17132568359375,93.89730072021484,116.04000091552734,55.13988876342773
2018-07-25,250.83335876464844,173.56378173828125,93.74820709228516,116.68000030517578,55.24277877807617
2018-07-26,250.2416534423828,170.93399047851562,93.56780242919922,115.7699966430664,55.24918746948242
2018-07-27,248.5459442138672,168.62701416015625,93.7247085571289,115.83000183105467,55.22991180419922
2018-07-30,247.2476501464844,166.24407958984375,93.4030303955078,115.6500015258789,55.24918746948242
2018-07-31,248.4664764404297,167.51629638671875,93.9129867553711,115.98999786376952,55.36488342285156
2018-08-01,248.05130004882807,168.15234375,93.14791107177734,115.13999938964844,55.41466522216797
2018-08-02,249.40261840820312,170.44033813476562,93.28155517578124,114.5199966430664,55.446903228759766
2018-08-03,250.47125244140625,170.96250915527344,93.74552154541016,114.91999816894533,55.49209976196289
2018-08-06,251.38986206054688,171.96878051757812,93.80056762695312,114.33000183105467,55.59537887573242
2018-08-07,252.21994018554688,172.59544372558594,93.3130340576172,114.58999633789062,55.62120819091797
2018-08-08,252.1139068603516,172.80426025390625,93.40738677978516,114.91000366210938,55.58894729614258
2018-08-09,251.76959228515625,172.6998748779297,94.19374084472656,114.73999786376952,55.55018615722656
2018-08-10,250.08270263671875,171.38023376464844,94.87783813476562,114.69000244140624,55.4533576965332
2018-08-13,249.14649963378903,171.1903533935547,94.68122100830078,112.95999908447266,55.41466522216797
2018-08-14,250.73617553710935,172.26312255859375,94.4689483642578,113.06999969482422,55.511478424072266
2018-08-15,248.86387634277344,170.15548706054688,95.01937866210938,111.19000244140624,55.41466522216797
2018-08-16,250.87754821777344,170.7156524658203,95.01148223876952,111.0999984741211,55.48565673828125
2018-08-17,251.76063537597656,170.75367736816406,95.12945556640624,112.12999725341795,55.55018615722656
2018-08-20,252.29954528808597,170.60174560546875,95.76637268066406,112.69000244140624,55.57605743408203
2018-08-21,252.89129638671875,171.22828674316406,95.4439926147461,113.0199966430664,55.65993118286133
2018-08-22,252.7410125732422,171.89288330078125,95.82144165039062,113.2699966430664,55.67933654785156
2018-08-23,252.4054412841797,171.64602661132812,95.9708023071289,112.1999969482422,55.6728744506836
2018-08-24,253.9245758056641,173.240966796875,96.15953826904295,114.16000366210938,55.769718170166016
2018-08-27,255.9293975830078,175.00682067871094,95.6091079711914,114.58999633789062,55.78908157348633
2018-08-28,256.052978515625,175.26312255859375,95.03509521484376,113.68000030517578,55.76325225830078
2018-08-29,257.4306945800781,177.2853240966797,95.160888671875,114.1999969482422,55.7309684753418
2018-08-30,256.3886413574219,176.97203063964844,95.3653564453125,113.63999938964844,55.68578338623047
2018-08-31,256.3974304199219,177.19979858398438,95.14515686035156,113.51000213623048,55.75679016113281
2018-09-04,255.95590209960935,176.44032287597656,94.59510040283205,112.93000030517578,55.6407585144043
2018-09-05,255.2668914794922,174.161865234375,94.3428955078125,113.31999969482422,55.582366943359375
2018-09-06,254.49855041503903,172.60494995117188,94.68964385986328,113.54000091552734,55.62776184082031
2018-09-07,254.0039825439453,171.9403076171875,93.88577270507812,113.2300033569336,55.56942367553711
2018-09-10,254.4455718994141,172.51943969726562,94.23255920410156,113.1500015258789,55.67962265014648
2018-09-11,255.28463745117188,173.8485870361328,93.515380859375,113.22000122070312,55.6926383972168
2018-09-12,255.3464508056641,173.3358917236328,93.73606872558594,114.16999816894533,55.822296142578125
2018-09-13,256.8566589355469,175.1872100830078,93.87794494628906,113.76000213623048,55.92600631713867
2018-09-14,256.9008178710937,174.6745147705078,93.42865753173828,113.0199966430664,55.97792053222656
2018-09-17,255.54071044921875,172.15867614746094,93.42865753173828,113.61000061035156,55.93902969360352
2018-09-18,256.92724609375,173.58273315429688,92.45142364501952,113.44000244140624,55.93252944946289
2018-09-19,257.2010803222656,173.4498291015625,91.89982604980467,113.87999725341795,55.82876586914063
2018-09-20,259.28546142578125,175.3675537109375,92.3253936767578,114.2699966430664,55.9066047668457
2018-09-21,259.0484924316406,174.40870666503906,92.28594207763672,113.48999786376952,55.91956329345703
2018-09-24,258.1879272460937,174.89370727539062,92.04955291748048,113.47000122070312,55.89361572265625
2018-09-25,257.9483642578125,175.1315155029297,91.95498657226562,113.6500015258789,55.84822463989258
2018-09-26,257.1766052246094,175.25515747070312,92.60121154785156,113.0500030517578,55.9066047668457
2018-09-27,257.895263671875,176.73886108398438,92.66423797607422,112.0500030517578,56.01033020019531
2018-09-28,257.921875,176.7007598876953,92.41993713378906,112.76000213623048,56.04921340942383
2018-10-01,258.81793212890625,177.06219482421875,91.741455078125,112.56999969482422,56.21143341064453
2018-10-02,258.6669921875,176.6627197265625,92.30225372314452,113.87000274658205,56.16584014892578
2018-10-03,258.8090515136719,176.8529510498047,90.69882202148438,113.41999816894533,56.01601028442383
2018-10-04,256.7862548828125,173.45761108398438,90.05906677246094,113.4800033569336,55.807579040527344
2018-10-05,255.34901428222656,171.3367156982422,89.28499603271484,113.8000030517578,55.560096740722656
2018-10-08,255.34901428222656,170.29054260253906,88.98487854003906,112.54000091552734,55.43634414672852
2018-10-09,254.97637939453125,170.84213256835938,89.88529968261719,112.5999984741211,55.52101135253906
2018-10-10,246.9030914306641,163.3286590576172,89.64044189453125,112.87999725341795,55.12367630004883
2018-10-11,241.4646148681641,161.30282592773438,90.7304229736328,115.77999877929688,55.16925430297852
2018-10-12,244.81820678710935,165.7919158935547,90.41452026367188,115.2300033569336,55.46236801147461
2018-10-15,243.44297790527344,163.7852020263672,90.375,116.0,55.42328643798828
2018-10-16,248.76611328125,168.55001831054688,90.58038330078124,115.8000030517578,55.61216735839844
2018-10-17,248.81044006347656,168.6166534423828,90.04327392578125,115.79000091552734,55.50146484375
2018-10-18,245.21739196777344,164.707763671875,90.01165771484375,115.91999816894533,55.2669792175293
2018-10-19,245.08432006835935,164.55555725097656,89.81417083740234,116.01000213623048,55.299537658691406
2018-10-22,243.98419189453125,165.40194702148438,89.69571685791016,115.70999908447266,55.32558059692383
2018-10-23,242.74208068847656,164.79331970214844,89.98011779785156,116.38999938964844,55.27345657348633
2018-10-24,235.3874053955078,157.2512664794922,90.65933990478516,116.66000366210938,54.99990081787109
2018-10-25,239.6103363037109,162.69142150878906,90.28026580810548,116.4000015258789,55.11064147949219
2018-10-26,235.3962554931641,158.50668334960938,90.82523345947266,116.7699966430664,54.863128662109375
2018-10-29,234.0920867919922,155.24444580078125,90.61986541748048,116.30999755859376,54.8110237121582
2018-10-30,237.56097412109372,157.80284118652344,90.16963958740234,115.8000030517578,54.94126510620117
2018-10-31,240.098388671875,161.5120391845703,89.71151733398438,115.1500015258789,54.94126510620117
2018-11-01,242.6534881591797,163.6425018310547,89.79466247558594,116.62999725341795,55.19332504272461
2018-11-02,241.21630859375,161.09356689453125,88.6782455444336,116.6500015258789,55.16058349609375
2018-11-05,242.5469207763672,160.69412231445312,89.02666473388672,116.37000274658205,55.20638656616211
2018-11-06,244.08177185058597,161.9115447998047,88.97122955322266,116.04000091552734,55.350399017333984
2018-11-07,249.30731201171875,166.99029541015625,89.08998107910156,116.02999877929688,55.671142578125
2018-11-08,248.85482788085935,165.92510986328125,89.08207702636719,115.77999877929688,55.53368377685547
2018-11-09,246.42398071289065,163.12890625,89.74715423583984,114.4800033569336,55.21949768066406
2018-11-12,241.8195343017578,158.19284057617188,90.33309173583984,113.66000366210938,54.87911987304688
2018-11-13,241.36697387695312,158.32595825195312,90.2776336669922,113.6999969482422,54.7874755859375
2018-11-14,239.71690368652344,157.11810302734375,90.33309173583984,114.63999938964844,54.682743072509766
2018-11-15,242.2187347412109,159.86669921875,90.29348754882812,114.7699966430664,54.66964340209961
2018-11-16,242.8485870361328,159.30557250976562,90.81604766845705,115.62000274658205,54.50603103637695
2018-11-19,238.740966796875,154.1317138671875,91.0693817138672,115.66999816894533,54.33580780029297
2018-11-20,234.32276916503903,151.3735809326172,91.10110473632812,115.66999816894533,54.1656608581543
2018-11-21,235.1212310791016,152.5243682861328,91.0693817138672,115.86000061035156,54.4405632019043
2018-11-23,233.5509185791016,151.42111206054688,91.16443634033205,115.7699966430664,54.13944625854492
2018-11-26,237.3214263916016,154.921142578125,90.95855712890624,115.63999938964844,54.39474105834961
2018-11-27,238.1198883056641,155.44424438476562,91.06148529052734,114.9499969482422,54.368534088134766
2018-11-28,243.6026763916016,160.44686889648438,90.61811065673828,115.37999725341795,54.82017135620117
2018-11-29,243.0703582763672,159.92372131347656,90.974365234375,115.73999786376952,54.833282470703125
2018-11-30,244.5519561767578,161.08409118652344,91.31484985351562,115.54000091552734,54.72200775146485
2018-12-03,247.79019165039065,163.89930725097656,91.96324157714844,116.41000366210938,55.10074234008789
2018-12-04,239.76119995117188,157.6126251220703,93.5028305053711,117.12000274658205,54.75885009765625
2018-12-06,239.3974456787109,158.7254180908203,93.79645538330078,117.13999938964844,54.568145751953125
2018-12-07,233.83482360839844,153.48500061035156,93.97107696533205,118.08999633789062,54.46296310424805
2018-12-10,234.2783660888672,155.09231567382812,94.35993194580078,117.68000030517578,54.50239562988281
2018-12-11,234.33157348632807,155.6058807373047,94.34406280517578,117.54000091552734,54.60103988647461
2018-12-12,235.5115966796875,156.97544860839844,93.92347717285156,117.79000091552734,54.778564453125
2018-12-13,235.43174743652344,157.02297973632812,93.70127868652344,117.52999877929688,54.91005706787109
2018-12-14,231.08453369140625,153.19969177246094,94.02664184570312,117.05999755859376,54.67992782592773
2018-12-17,226.5511016845703,149.7282257080078,94.57421875,117.87000274658205,54.3248405456543
2018-12-18,226.3026580810547,150.66978454589844,95.1406021118164,118.1500015258789,54.22641372680664
2018-12-19,222.91357421875,146.97010803222656,96.3974380493164,117.43000030517578,53.73754501342773
2018-12-20,219.2850341796875,144.8396759033203,96.04743957519533,119.23999786376952,53.26847076416016
2018-12-21,214.79196166992188,140.35060119628906,96.03156280517578,118.72000122070312,53.00422286987305
2018-12-24,209.11651611328125,136.87017822265625,96.5088348388672,120.0199966430664,52.60783386230469
2018-12-26,219.6820831298828,145.41627502441406,95.47471618652344,119.66000366210938,53.49309539794922
2018-12-27,221.36868286132807,145.97894287109375,95.49058532714844,120.56999969482422,53.46007537841797
2018-12-28,221.0831756591797,145.90264892578125,96.29402923583984,121.05999755859376,53.53937149047852
2018-12-31,223.0195770263672,147.13302612304688,96.65997314453124,121.25,53.57898712158203
2019-01-02,223.2515869140625,147.72442626953125,97.16905975341795,121.33000183105467,53.50633239746094
2019-01-03,217.9241943359375,142.898193359375,98.27481079101562,122.43000030517578,53.53274154663086
2019-01-04,225.2236785888672,149.01199340820312,97.13728332519533,121.44000244140624,54.43122863769531
2019-01-07,226.99952697753903,150.78610229492188,96.85089874267578,121.86000061035156,54.95975875854492
2019-01-08,229.1322326660156,152.15005493164062,96.5963363647461,121.52999877929688,55.316524505615234
2019-01-09,230.20314025878903,153.3899688720703,96.44518280029295,122.30999755859376,55.38257598876953
2019-01-10,231.01515197753903,153.8286895751953,95.8246841430664,121.58999633789062,55.6005859375
2019-01-11,231.10438537597656,153.2659912109375,96.19861602783205,121.8000030517578,55.42219924926758
2019-01-14,229.69444274902344,151.91160583496094,95.84062957763672,122.08999633789062,55.24382781982422
2019-01-15,232.326904296875,154.87786865234375,95.49058532714844,121.87999725341795,55.42884826660156
2019-01-16,232.88912963867188,154.84925842285156,95.58606719970705,122.2699966430664,55.51470184326172
2019-01-17,234.65599060058597,156.07015991210938,95.60995483398438,122.11000061035156,55.666648864746094
2019-01-18,237.779296875,157.61532592773438,95.10877990722656,121.0199966430664,55.8252182006836
2019-01-22,234.5668029785156,154.45823669433594,95.75312042236328,121.4499969482422,55.45525360107422
2019-01-23,235.0576019287109,154.6585235595703,95.71336364746094,121.27999877929688,55.56753158569336
2019-01-24,235.1824188232422,155.66004943847656,96.34178161621094,121.08999633789062,55.62702560424805
2019-01-25,237.17242431640625,157.51992797851562,95.8803939819336,122.86000061035156,55.7657470703125
2019-01-28,235.36990356445312,155.57418823242188,95.7849578857422,123.29000091552734,55.67987823486328
2019-01-29,235.0576019287109,154.10533142089844,96.27020263671876,123.9800033569336,55.64684295654297
2019-01-30,238.77874755859372,158.0254364013672,96.19861602783205,124.69000244140624,56.089481353759766
2019-01-31,240.87576293945312,160.390869140625,97.02589416503906,124.75,56.22820281982422
2019-02-01,240.9917449951172,159.7136688232422,96.43988037109376,124.5,56.20096206665039
2019-02-04,242.6872100830078,161.6975555419922,96.00933837890624,123.95999908447266,56.33372497558594
2019-02-05,243.70455932617188,163.12823486328125,96.44789123535156,124.27999877929688,56.53286743164063
2019-02-06,243.3832855224609,162.6417999267578,96.4957046508789,123.44000244140624,56.479740142822266
2019-02-07,241.0631866455078,160.45765686035156,97.1335220336914,123.73999786376952,56.28728103637695
2019-02-08,241.3576202392578,160.77239990234375,97.5481185913086,124.20999908447266,56.274024963378906
2019-02-11,241.4915008544922,160.6197967529297,97.16542053222656,123.5999984741211,56.300514221191406
2019-02-12,244.5968475341797,162.99473571777344,96.91826629638672,123.86000061035156,56.57266616821289
2019-02-13,245.3910980224609,163.1091766357422,96.55152893066406,123.37000274658205,56.49304962158203
2019-02-14,244.84671020507807,163.3094940185547,97.1016616821289,124.05999755859376,56.49966049194336
2019-02-15,247.51498413085935,163.99624633789062,97.25315856933594,124.8000030517578,56.67886352539063
2019-02-19,247.94325256347656,164.32054138183594,97.50029754638672,126.6999969482422,56.69876480102539
2019-02-20,248.4429931640625,164.29188537597656,97.22126007080078,126.4800033569336,56.74522018432617
2019-02-21,247.5595550537109,163.69105529785156,96.3521728515625,125.0500030517578,56.69213104248047
2019-02-22,249.09446716308597,164.90232849121094,96.92623901367188,125.5,56.804931640625
2019-02-25,249.4334716796875,165.50320434570312,96.63924407958984,125.37000274658205,56.85143661499024
2019-02-26,249.25509643554688,165.67494201660156,97.11756896972656,125.58000183105467,56.924415588378906
2019-02-27,249.1479949951172,165.5699462890625,96.01736450195312,124.69000244140624,56.94432067871094
2019-02-28,248.68394470214844,165.18849182128906,95.69046783447266,123.98999786376952,56.91113662719727
2019-03-01,250.2367401123047,166.3330535888672,94.80599975585938,121.87999725341795,57.07249450683594
2019-03-04,249.326416015625,166.3616180419922,95.54904174804688,121.55999755859376,56.98583221435547
2019-03-05,248.9874420166016,166.4856414794922,95.74874877929688,121.72000122070312,56.95915985107422
2019-03-06,247.4792633056641,165.54139709472656,96.1003189086914,121.61000061035156,56.865821838378906
2019-03-07,245.40896606445312,163.50978088378906,96.7235107421875,121.51000213623048,56.825809478759766
2019-03-08,244.91824340820312,163.26182556152344,97.1309814453125,122.83999633789062,56.73247909545898
2019-03-11,248.4697723388672,166.65731811523438,96.8433837890625,122.23999786376952,56.91914367675781
2019-03-12,249.40676879882807,167.57296752929688,97.52249908447266,122.9800033569336,57.01913833618164
2019-03-13,251.0576019287109,168.83200073242188,97.33871459960938,123.83999633789062,57.17250442504883
2019-03-14,250.8970642089844,168.5458221435547,96.63567352294922,122.41000366210938,57.13245391845703
2019-03-15,252.13658142089844,170.11007690429688,97.2748031616211,122.97000122070312,57.18582534790039
2019-03-18,253.05078125,170.5152130126953,97.21890258789062,123.04000091552734,57.16579055786133
2019-03-19,253.113525390625,171.08860778808594,97.0031509399414,123.37999725341795,57.19913864135742
2019-03-20,252.3516845703125,171.76698303222656,98.0177993774414,124.18000030517578,57.44581604003906
2019-03-21,255.2019195556641,174.45204162597656,98.23358154296876,123.68000030517578,57.43242263793945
2019-03-22,250.29019165039065,170.62034606933594,99.7596206665039,123.97000122070312,57.22578430175781
2019-03-25,250.1020355224609,170.2954559326172,99.91942596435548,124.91999816894533,57.20580291748047
2019-03-26,251.9663543701172,171.08860778808594,99.84748077392578,124.3000030517578,57.34580612182617
2019-03-27,250.64877319335935,169.98968505859375,100.7663116455078,123.6500015258789,57.38581848144531
2019-03-28,251.59884643554688,170.38145446777344,101.11785125732422,121.9000015258789,57.49912643432617
2019-03-29,253.1852264404297,171.6714630126953,101.0219955444336,122.01000213623048,57.64583206176758
2019-04-01,256.1877746582031,173.94561767578125,99.5870590209961,121.52999877929688,57.63177108764648
2019-04-02,256.3132629394531,174.60487365722656,99.77123260498048,121.9800033569336,57.65853118896485
2019-04-03,256.71661376953125,175.6082000732422,98.90646362304688,121.8000030517578,57.67861175537109
2019-04-04,257.3978271484375,175.54136657714844,99.18671417236328,122.11000061035156,57.76565170288086
2019-04-05,258.6436462402344,176.4490966796875,99.3148422241211,121.9800033569336,57.87278366088867
2019-04-08,258.84088134765625,176.89817810058594,98.96251678466795,122.51000213623048,57.839317321777344
2019-04-09,257.5144348144531,176.27706909179688,99.27479553222656,123.1500015258789,57.79912185668945
2019-04-10,258.3927001953125,177.2230987548828,99.51499938964844,123.52999877929688,58.0535774230957
2019-04-11,258.32098388671875,176.80262756347656,98.93049621582033,121.9499969482422,58.14060974121094
2019-04-12,260.0687561035156,177.5670623779297,98.225830078125,121.83000183105467,58.22767639160156
2019-04-15,259.8985290527344,177.59576416015625,98.47409057617188,121.5999984741211,58.18750381469727
2019-04-16,260.0687561035156,178.20726013183594,97.85750579833984,120.51000213623048,58.15402221679688
2019-04-17,259.432373046875,178.82835388183594,97.89753723144533,120.27999877929688,58.0134162902832
2019-04-18,259.9432983398437,179.05770874023438,98.4100112915039,120.37000274658205,58.04018020629883
2019-04-22,260.1673889160156,179.56414794921875,97.93758392333984,120.37000274658205,57.939727783203125
2019-04-23,262.5067443847656,181.84783935546875,98.14579010009766,120.12000274658205,58.14060974121094
2019-04-24,261.92413330078125,181.27459716796875,98.946533203125,120.47000122070312,58.06026840209961
2019-04-25,261.7627868652344,182.01026916503903,98.80237579345705,120.56999969482422,58.08705520629883
2019-04-26,262.9818115234375,182.17274475097656,99.13866424560548,121.37000274658205,58.234371185302734
2019-04-29,263.39404296875,182.5262756347656,98.50608825683594,120.83000183105467,58.20759201049805
2019-04-30,263.52850341796875,181.1121368408203,99.01055145263672,121.1999969482422,58.21429061889648
2019-05-01,261.54766845703125,180.5292205810547,99.41900634765624,120.4000015258789,58.02331161499024
2019-05-02,260.9830322265625,179.7456817626953,98.945556640625,119.94000244140624,58.06365203857422
2019-05-03,263.5374755859375,182.6123046875,99.22642517089844,120.6500015258789,58.21160507202149
2019-05-06,262.4530334472656,181.49435424804688,99.49921417236328,120.80999755859376,58.23850631713867
2019-05-07,258.070068359375,177.9588623046875,100.26152801513672,121.20999908447266,57.88883972167969
2019-05-08,257.7115173339844,177.50973510742188,99.82818603515624,120.91000366210938,57.90901184082031
2019-05-09,256.9317626953125,176.55419921875,100.23746490478516,121.1999969482422,57.82160186767578
2019-05-10,258.2223815917969,176.77395629882812,100.10103607177734,121.43000030517578,57.98300552368164
2019-05-13,251.73326110839844,170.6394500732422,100.8874053955078,122.66999816894533,57.45174407958984
2019-05-14,254.00982666015625,172.5122528076172,100.59050750732422,122.45999908447266,57.579498291015625
2019-05-15,255.4976501464844,174.94888305664062,101.2083511352539,122.38999938964844,57.63330841064453
2019-05-16,257.86395263671875,176.70709228515625,100.8713836669922,121.51000213623048,57.80815505981445
2019-05-17,256.19677734375,174.90113830566406,101.09602355957033,120.6500015258789,57.78796005249024
2019-05-20,254.5028533935547,171.9485321044922,100.8874053955078,120.63999938964844,57.73419570922852
2019-05-21,256.7973022460937,173.74490356445312,100.7269287109375,120.36000061035156,57.91570281982422
2019-05-22,256.0085144042969,172.97093200683594,101.30465698242188,120.23999786376952,57.96279525756836
2019-05-23,252.8805694580078,170.32412719726562,102.44408416748048,121.16999816894533,57.67368316650391
2019-05-24,253.4540557861328,170.23812866210938,102.53237915039062,121.3000030517578,57.59297561645508
2019-05-28,251.09689331054688,169.597900390625,103.27056884765624,120.83000183105467,57.539180755615234
2019-05-29,249.41183471679688,168.2028350830078,103.58352661132812,120.87000274658205,57.38450622558594
2019-05-30,250.09304809570312,168.90992736816406,104.47425079345705,121.69000244140624,57.505558013916016
2019-05-31,246.7230224609375,166.21534729003906,105.78211212158205,123.33000183105467,57.08863067626953
2019-06-03,246.0955047607422,162.55563354492188,106.48973083496094,125.11000061035156,57.180511474609375
2019-06-04,251.43746948242188,167.1326446533203,105.27556610107422,125.1500015258789,57.754669189453125
2019-06-05,253.6154327392578,168.37481689453125,104.68058776855467,125.47000122070312,57.8897705078125
2019-06-06,255.2646484375,169.7125701904297,105.01824188232422,125.87999725341795,58.01138687133789
2019-06-07,257.81915283203125,172.9900665283203,105.9268798828125,126.58999633789062,58.15997695922852
2019-06-10,259.00213623046875,175.0062255859375,104.92982482910156,125.33000183105467,58.24784469604492
2019-06-11,258.9394836425781,175.24508666992188,104.99417114257812,125.18000030517578,58.328834533691406
2019-06-12,258.4824523925781,174.23228454589844,105.07454681396484,125.83000183105467,58.19374847412109
2019-06-13,259.5489196777344,175.26426696777344,105.43634033203124,126.5999984741211,58.328834533691406
2019-06-14,259.26226806640625,174.51890563964844,105.70174407958984,126.55999755859376,58.28832244873047
2019-06-17,259.36065673828125,175.5699920654297,105.8866195678711,126.4800033569336,58.20050048828125
2019-06-18,262.07647705078125,178.1212921142578,106.41736602783205,127.12000274658205,58.605804443359375
2019-06-19,262.6680908203125,178.7901153564453,106.57008361816406,127.88999938964844,58.88280487060547
2019-06-20,265.1776428222656,180.45278930664065,106.8515396118164,131.11000061035156,59.17998123168945
2019-06-21,264.7920837402344,180.1852264404297,105.67757415771484,131.97999572753906,58.990848541259766
2019-06-24,264.4679870605469,180.1909637451172,106.46554565429688,133.94000244140625,58.98411560058594
2019-06-25,261.87408447265625,177.09779357910156,106.79525756835938,134.1999969482422,58.7341423034668
2019-06-26,261.6129150390625,177.92135620117188,106.11180114746094,132.97000122070312,58.70713424682617
2019-06-27,262.5406188964844,178.60128784179688,106.8595733642578,132.83999633789062,58.869258880615234
2019-06-28,263.8916320800781,178.83116149902344,106.78714752197266,133.1999969482422,58.88951110839844
2019-07-01,266.28729248046875,181.24441528320312,106.53744506835938,130.6199951171875,58.90714263916016
2019-07-02,266.9808349609375,181.96261596679688,107.35914611816406,133.41000366210938,59.03604507446289
2019-07-03,269.1153259277344,183.3320770263672,108.1245574951172,133.6300048828125,59.25996780395508
2019-07-05,268.8091125488281,182.95855712890625,106.69049072265624,132.13999938964844,59.02251052856445
2019-07-08,267.33209228515625,181.6753692626953,106.83551788330078,131.2899932861328,58.90714263916016
2019-07-09,267.6652526855469,182.58511352539065,106.79523468017578,131.75,58.83930587768555
2019-07-10,268.9441833496094,184.40464782714844,106.20708465576172,133.8300018310547,59.00210189819336
2019-07-11,269.57470703125,184.27053833007807,104.78922271728516,132.6999969482422,58.88680267333984
2019-07-12,270.78155517578125,185.33352661132807,104.91004180908205,133.52999877929688,58.98180389404297
2019-07-15,270.87158203125,185.92730712890625,105.51428985595705,133.52999877929688,59.02251052856445
2019-07-16,269.998046875,184.9696807861328,105.2000961303711,132.39999389648438,58.9004020690918
2019-07-17,268.1606140136719,184.05987548828125,106.33602142333984,134.5800018310547,58.82572555541992
2019-07-18,269.1422424316406,184.27053833007807,106.3440933227539,136.47999572753906,58.852874755859375
2019-07-19,267.6471862792969,182.92030334472656,106.09431457519533,134.47000122070312,58.7510986328125
2019-07-22,268.3047790527344,184.3759002685547,106.29576110839844,134.4499969482422,58.94786071777344
2019-07-23,270.2230529785156,185.58253479003903,105.71568298339844,133.69000244140625,59.049617767333984
2019-07-24,271.4930725097656,186.88494873046875,106.17491149902344,134.3699951171875,59.097129821777344
2019-07-25,270.19610595703125,185.11325073242188,105.6673355102539,133.4199981689453,59.01571273803711
2019-07-26,272.0063781738281,187.01898193359372,105.91708374023438,133.63999938964844,59.14463424682617
2019-07-29,271.5110778808594,186.37738037109372,105.94927215576172,134.52999877929688,59.05644226074219
2019-07-30,270.8446960449219,185.57293701171875,106.20708465576172,134.97999572753906,59.08357238769531
2019-07-31,267.8814392089844,183.0064849853516,107.06112670898438,133.2100067138672,58.98180389404297
2019-08-01,265.5487976074219,182.0966796875,109.1873779296875,136.41000366210938,58.95249557495117
2019-08-02,263.5492553710937,179.41529846191406,110.19639587402344,135.88999938964844,58.86389923095703
2019-08-05,255.62355041503903,173.0756378173828,112.10150909423828,137.7899932861328,58.25064468383789
2019-08-06,259.2081298828125,175.49850463867188,112.99758911132812,138.91000366210938,58.62542343139648
2019-08-07,259.3611755371094,176.446533203125,113.03790283203124,141.02000427246094,58.618629455566406
2019-08-08,264.4499816894531,180.2867584228516,113.28005981445312,141.72999572753906,58.85029983520508
2019-08-09,262.6487121582031,178.5917205810547,113.05404663085938,141.25999450683594,58.76852035522461
2019-08-12,259.4513854980469,176.54234313964844,115.41122436523438,142.6300048828125,58.56411361694336
2019-08-13,263.4862060546875,180.41123962402344,115.0156478881836,141.77999877929688,58.823036193847656
2019-08-14,255.69558715820312,175.01966857910156,117.60688018798828,142.75,58.29836654663086
2019-08-15,256.3710632324219,174.81858825683594,118.91466522216795,143.6999969482422,58.46873092651367
2019-08-16,260.1539001464844,177.6244354248047,117.96212005615234,142.77999877929688,58.66632080078125
2019-08-19,263.28814697265625,180.44956970214844,116.27496337890624,141.11000061035156,58.8366584777832
2019-08-20,261.2706298828125,179.05136108398438,117.47772216796876,142.2100067138672,58.88435363769531
2019-08-21,263.3961486816406,180.6410369873047,116.69471740722656,141.75999450683594,59.13647079467773
2019-08-22,263.3150939941406,180.056884765625,115.91976165771484,141.39999389648438,59.24547958374024
2019-08-23,256.5512390136719,174.35891723632812,117.82491302490234,144.1699981689453,58.972930908203125
2019-08-26,259.3882141113281,176.992431640625,117.34855651855467,144.19000244140625,59.26594161987305
2019-08-27,258.3704833984375,176.61892700195312,119.15674591064452,145.57000732421875,59.23867034912109
2019-08-28,260.1898498535156,177.25099182128906,119.31021881103516,145.16000366210938,59.38173675537109
2019-08-29,263.5133056640625,179.9611358642578,118.85812377929688,144.1199951171875,59.44309997558594
2019-08-30,263.3961486816406,179.53018188476562,118.8903579711914,143.75,59.38856887817383
2019-09-03,261.85601806640625,177.78724670410156,119.0440444946289,145.75,59.21818923950195
2019-09-04,264.8282470703125,180.353759765625,119.22201538085938,146.66000366210938,59.34136199951172
2019-09-05,268.2326965332031,183.65768432617188,117.0627899169922,143.13999938964844,59.574005126953125
2019-09-06,268.43994140625,183.47569274902344,117.89575958251952,141.9199981689453,59.62875747680664
2019-09-09,268.574951171875,183.0926513671875,115.80130767822266,141.38999938964844,59.69034957885742
2019-09-10,268.51190185546875,182.5659637451172,113.77157592773438,140.17999267578125,59.72456359863281
2019-09-11,270.4212951660156,184.28009033203125,113.5693817138672,141.02999877929688,59.71772384643555
2019-09-12,271.3580322265625,185.04620361328125,112.82540893554688,141.32000732421875,59.751953125
2019-09-13,271.1778564453125,184.3855133056641,110.41555786132812,140.14999389648438,59.6424446105957
2019-09-16,270.3401184082031,183.5619201660156,111.82258605957033,141.32000732421875,59.85457992553711
2019-09-17,271.02471923828125,184.44293212890625,112.42914581298828,141.60000610351562,59.8887939453125
2019-09-18,271.1867980957031,184.3663482666016,112.9062728881836,140.7100067138672,59.85457992553711
2019-09-19,271.1687927246094,184.6727600097656,113.24588775634766,141.27999877929688,59.7861442565918
2019-09-20,269.8876647949219,182.7191467285156,114.7418975830078,142.9499969482422,59.86141586303711
2019-09-23,269.8242492675781,182.7997589111328,114.71768188476562,143.75,59.83407211303711
2019-09-24,267.70703125,180.3720245361328,116.10055541992188,144.50999450683594,59.751953125
2019-09-25,269.2904357910156,182.3967437744141,114.40228271484376,141.8300018310547,59.69034957885742
2019-09-26,268.7294616699219,181.72509765625,115.13822174072266,141.7899932861328,59.64927673339844
2019-09-27,267.2817077636719,179.47003173828125,115.42115020751952,141.05999755859375,59.58086395263672
2019-09-30,268.5213928222656,181.17800903320312,115.70427703857422,138.8699951171875,59.64927673339844
2019-10-01,265.3273620605469,179.7003631591797,116.0525894165039,139.6300048828125,59.51188659667969
2019-10-02,260.6404724121094,176.61045837402344,116.33606719970705,141.25999450683594,59.16148376464844
2019-10-03,262.7757873535156,178.5487823486328,117.39734649658205,141.89999389648438,59.19580841064453
2019-10-04,266.3316650390625,181.17800903320312,118.26416015625,141.89999389648438,59.381324768066406
2019-10-07,265.1825561523437,180.631103515625,117.28390502929688,140.69000244140625,59.33327102661133
2019-10-08,261.065673828125,177.9250946044922,117.59986877441406,141.9199981689453,59.11338806152344
2019-10-09,263.5448913574219,179.66195678710938,116.93563842773438,142.0500030517578,59.29201126098633
2019-10-10,265.3273620605469,181.0533447265625,115.1938934326172,140.80999755859375,59.36757659912109
2019-10-11,268.0780334472656,183.3851318359375,113.76818084716795,140.02999877929688,59.61492919921875
2019-10-14,267.7793273925781,183.36590576171875,114.59444427490234,140.58999633789062,59.65616607666016
2019-10-15,270.430419921875,185.6976776123047,113.2092056274414,139.61000061035156,59.78668212890625
2019-10-16,269.9962158203125,185.2370758056641,113.34691619873048,140.41000366210938,59.73859786987305
2019-10-17,270.7923889160156,185.7264404296875,113.0714874267578,140.61000061035156,59.821048736572266
2019-10-18,269.6070556640625,183.9416656494141,113.0714874267578,140.4600067138672,59.83479309082031
2019-10-21,271.4348449707031,185.57290649414065,112.220947265625,139.7899932861328,59.85540008544922
2019-10-22,270.5481262207031,184.09521484375,112.87711334228516,140.1999969482422,59.86914825439453
2019-10-23,271.3352966308594,184.4502716064453,112.99044799804688,140.52999877929688,59.92414474487305
2019-10-24,271.7786560058594,186.24465942382807,112.76367950439452,141.52999877929688,59.99283981323242
2019-10-25,272.8915710449219,187.7320098876953,112.2127914428711,141.86000061035156,60.0408935546875
2019-10-28,274.4297180175781,189.583984375,111.19207000732422,140.63999938964844,60.03403091430664
2019-10-29,274.3483581542969,188.11582946777344,111.26500701904295,140.25,59.92414474487305
2019-10-30,275.1897888183594,189.0274353027344,112.8932876586914,141.02000427246094,59.84854888916016
2019-10-31,274.4568786621094,189.11378479003903,114.41619873046876,142.42999267578125,59.64241409301758
2019-11-01,276.99951171875,190.83139038085935,114.0640106201172,142.55999755859375,59.89840316772461
2019-11-04,278.11236572265625,192.01177978515625,112.56280517578124,142.14999389648438,60.02254486083984
2019-11-05,277.8046569824219,192.1172637939453,111.29681396484376,139.85000610351562,59.96045684814453
2019-11-06,277.8681030273437,191.6854705810547,111.97032928466795,140.4499969482422,59.89148712158203
2019-11-07,278.84521484375,192.32835388183597,109.94163513183594,138.27000427246094,59.8639030456543
2019-11-08,279.5328369140625,193.09603881835935,109.47908782958984,137.38999938964844,59.91908645629883
2019-11-11,278.99908447265625,192.8369598388672,109.5521011352539,137.05999755859375,59.88456726074219
2019-11-12,279.5871887207031,193.3935394287109,110.05525970458984,137.42999267578125,59.89840316772461
2019-11-13,279.6776733398437,193.4415283203125,110.76940155029295,137.97999572753906,59.83628463745117
2019-11-14,280.0848083496094,193.28794860839844,111.91357421875,138.55999755859375,59.80176162719727
2019-11-15,282.1115417480469,194.70816040039065,111.79178619384766,138.2100067138672,59.98115921020508
2019-11-18,282.3197021484375,194.86167907714844,111.99468994140624,138.6199951171875,59.90524291992188
2019-11-19,282.2383728027344,195.14952087402344,112.92800903320312,138.69000244140625,59.691383361816406
2019-11-20,281.1887512207031,193.9788818359375,114.0965347290039,138.75999450683594,59.56721115112305
2019-11-21,280.73638916015625,193.5470428466797,113.38233184814452,138.0,59.58102035522461
2019-11-22,281.3606262207031,193.6717834472656,113.52845001220705,137.74000549316406,59.80870819091797
2019-11-25,283.5411682128906,195.96522521972656,113.86115264892578,137.0800018310547,59.96736526489258
2019-11-26,284.1835632324219,196.3394012451172,114.52661895751952,137.74000549316406,60.03636169433594
2019-11-27,285.450439453125,197.71163940429688,114.19387817382812,137.00999450683594,60.11222457885742
2019-11-29,284.39178466796875,196.80960083007807,113.950439453125,137.86000061035156,59.98115921020508
2019-12-02,281.9759216308594,194.7945098876953,112.4311294555664,137.7899932861328,59.94028472900391
2019-12-03,280.0848083496094,193.26878356933597,114.78852081298828,139.11000061035156,59.85717010498047
2019-12-04,281.8130187988281,194.2475128173828,113.6423568725586,138.9199981689453,60.0372428894043
2019-12-05,282.3197021484375,194.63137817382807,113.08954620361328,139.0,60.1273193359375
2019-12-06,284.8984680175781,196.7136383056641,112.46363830566406,137.6199951171875,60.2104606628418
2019-12-09,284.002685546875,195.82125854492188,112.7075424194336,137.5800018310547,60.2104606628418
2019-12-10,283.6859741210937,195.6580810546875,112.71560668945312,137.97000122070312,60.35587310791016
2019-12-11,284.49127197265625,196.6944732666016,113.60169982910156,138.9199981689453,60.48055267333984
2019-12-12,286.9433288574219,198.1626434326172,111.73202514648438,138.42999267578125,60.61906814575195
2019-12-13,287.1152648925781,198.8151397705078,113.0245590209961,139.0500030517578,60.681400299072266
2019-12-16,289.08770751953125,200.8110809326172,112.00845336914062,139.0399932861328,60.79913330078125
2019-12-17,289.151123046875,200.9262237548828,111.8539581298828,139.00999450683594,60.98616027832031
2019-12-18,289.16912841796875,201.07974243164065,110.9354476928711,139.02000427246094,61.09697341918945
2019-12-19,290.3544921875,202.33680725097656,111.11293029785156,139.3800048828125,61.065032958984375
2019-12-20,291.62744140625,203.1524353027344,111.25945281982422,139.52000427246094,60.97467041015625
2019-12-23,292.0730285644531,203.6890411376953,111.09656524658205,139.9499969482422,61.00244522094727
2019-12-24,292.08209228515625,203.79481506347656,111.4141082763672,141.27000427246094,61.05111312866211
2019-12-26,293.6369323730469,205.5931396484375,111.68282318115234,142.3800048828125,61.14147186279297
2019-12-27,293.56414794921875,205.4200439453125,111.80496978759766,142.3300018310547,61.11368942260742
2019-12-30,291.94561767578125,204.07374572753903,111.39787292480467,142.6300048828125,61.07194900512695
2019-12-31,292.6548767089844,204.4583740234375,110.30684661865234,142.89999389648438,61.12757873535156
2020-01-02,295.3917541503906,207.8722686767578,111.5525360107422,143.9499969482422,61.38477325439453
2020-01-03,293.1550598144531,205.9681701660156,113.27049255371094,145.86000061035156,61.32221221923828
2020-01-06,294.2733764648437,207.2953186035156,112.62731170654295,147.38999938964844,61.25963592529297
2020-01-07,293.4459533691406,207.2664031982422,112.07365417480467,147.97000122070312,61.204010009765625
2020-01-08,295.0098571777344,208.8243103027344,111.332763671875,146.86000061035156,61.25963592529297
2020-01-09,297.01031494140625,210.59376525878903,111.72354888916016,146.02999877929688,61.41950988769531
2020-01-10,296.155517578125,210.0552215576172,112.71685028076172,146.91000366210938,61.44039535522461
2020-01-13,298.1922912597656,212.4786071777344,112.3748779296875,145.82000732421875,61.44039535522461
2020-01-14,297.7376403808594,211.64193725585935,112.9529800415039,145.69000244140625,61.43344497680664
2020-01-15,298.4104309082031,211.72853088378903,113.70207214355467,146.5399932861328,61.44731521606445
2020-01-16,300.89276123046875,213.7576141357422,113.34384155273438,146.30999755859375,61.468170166015625
2020-01-17,301.8293151855469,214.81546020507807,112.3748779296875,146.5800018310547,61.41950988769531
2020-01-21,301.2383117675781,214.71925354003903,113.5554656982422,146.74000549316406,61.28744125366211
2020-01-22,301.274658203125,215.28665161132807,113.95438385009766,146.7899932861328,61.39865112304688
2020-01-23,301.6202392578125,215.9790802001953,114.7523422241211,147.1199951171875,61.21099853515625
2020-01-24,298.9378356933594,214.1614990234375,115.68052673339844,147.97999572753906,60.95378112792969
2020-01-27,294.1460266113281,209.73789978027344,117.47991943359376,148.99000549316406,60.54368209838867
2020-01-28,297.2284851074219,212.95944213867188,116.55988311767578,147.66000366210938,61.065032958984375
2020-01-29,296.98309326171875,213.3056182861328,117.69970703125,148.4600067138672,61.03026580810547
2020-01-30,297.9468078613281,214.06532287597656,117.71602630615234,148.47000122070312,61.09284591674805
2020-01-31,292.5367736816406,210.6707000732422,118.79070281982422,149.3300018310547,60.84258270263672
2020-02-03,294.7098083496094,213.8538055419922,118.69450378417967,148.36000061035156,60.832801818847656
2020-02-04,299.2015686035156,218.7486114501953,117.0960464477539,146.42999267578125,61.19576644897461
2020-02-05,302.65679931640625,219.4698944091797,115.81564331054688,146.61000061035156,61.44707489013672
2020-02-06,303.6751403808594,221.3643341064453,116.33758544921876,147.39999389648438,61.4959602355957
2020-02-07,302.056640625,220.4122772216797,117.78922271728516,147.7899932861328,61.40518951416016
2020-02-10,304.31170654296875,223.0760955810547,118.11544799804688,148.1699981689453,61.48894119262695
2020-02-11,304.8389892578125,223.11459350585935,117.5201187133789,147.66000366210938,61.53081130981445
2020-02-12,306.8030700683594,225.28790283203125,116.92478942871094,147.5399932861328,61.69140625
2020-02-13,306.4757080078125,224.9994201660156,117.37335968017578,148.3800048828125,61.71232604980469
2020-02-14,306.9667053222656,225.6437225341797,117.88713073730467,149.0,61.70534133911133
2020-02-18,306.1756286621094,225.7302398681641,118.69450378417967,150.91000366210938,61.57969284057617
2020-02-19,307.6394958496094,227.8939971923828,118.6863784790039,151.7899932861328,61.60760116577149
2020-02-20,306.3755798339844,225.77835083007807,119.61605072021484,152.41000366210938,61.71232604980469
2020-02-21,303.22052001953125,221.44126892089844,120.73336791992188,154.6999969482422,61.656497955322266
2020-02-24,293.1640319824219,212.9017333984375,122.5357437133789,156.08999633789062,60.993350982666016
2020-02-25,284.2806701660156,207.112548828125,123.18814086914062,153.3000030517578,60.56756210327149
2020-02-26,283.2349548339844,208.18002319335935,122.5357437133789,153.97000122070312,60.630401611328125
2020-02-27,270.51434326171875,197.75564575195312,123.86499786376952,154.0,59.8137092590332
2020-02-28,269.3778381347656,197.90945434570312,126.6623306274414,148.3800048828125,60.05797576904297
2020-03-02,281.04364013671875,208.1223297119141,125.73052215576172,149.1999969482422,60.513710021972656
2020-03-03,272.9967041015625,201.4483642578125,127.68253326416016,153.88999938964844,60.254302978515625
2020-03-04,284.4715576171875,209.85324096679688,126.32671356201172,154.16000366210938,61.08163833618164
2020-03-05,275.0152587890625,203.47750854492188,129.47125244140625,157.49000549316406,60.31042098999024
2020-03-06,270.4689025878906,200.0443572998047,136.20938110351562,157.5500030517578,59.63032531738281
2020-03-09,249.34674072265625,186.1484222412109,139.901123046875,157.80999755859375,57.0642204284668
2020-03-10,262.2492370605469,196.2842712402344,132.73004150390625,154.47999572753906,57.94060516357422
2020-03-11,249.46495056152344,187.73509216308597,127.8459014892578,153.92999267578125,56.6786003112793
2020-03-12,225.5968475341797,170.52142333984375,128.63807678222656,147.7899932861328,54.41396331787109
2020-03-13,244.88232421875,184.9655303955078,125.73052215576172,143.27999877929688,56.12470626831055
2020-03-16,218.0863494873047,162.80889892578125,133.87347412109375,141.63999938964844,53.039794921875
2020-03-17,229.86129760742188,175.15660095214844,124.94644165039062,143.55999755859375,53.53758239746094
2020-03-18,218.22276306152344,169.82899475097656,117.89791107177734,140.6999969482422,51.1748046875
2020-03-19,218.68646240234372,170.848388671875,121.10770416259766,138.0399932861328,50.02495574951172
2020-03-20,209.2623291015625,164.15524291992188,130.21441650390625,140.11000061035156,48.90316390991211
2020-03-23,203.911865234375,164.27377319335938,135.58038330078125,146.3000030517578,48.1179084777832
2020-03-24,222.38699340820312,176.99472045898438,133.0566864013672,153.39999389648438,50.10208511352539
2020-03-25,225.71615600585935,175.68408203125,132.75448608398438,151.3000030517578,51.5113410949707
2020-03-26,238.89569091796875,184.93565368652344,133.4078826904297,153.24000549316406,53.86710739135742
2020-03-27,231.78001403808597,178.57518005371094,136.96900939941406,152.25,54.0073127746582
2020-03-30,239.3072204589844,185.07058715820312,135.84182739257812,152.9199981689453,54.47007369995117
2020-03-31,235.740234375,183.4900665283203,134.73924255371094,148.0500030517578,54.03539276123047
2020-04-01,225.13079833984372,175.6937255859375,136.6269989013672,149.4499969482422,52.55210494995117
2020-04-02,230.32579040527344,179.25942993164062,137.49403381347656,151.89999389648438,52.96081161499024
2020-04-03,226.99659729003903,176.71524047851562,137.82118225097656,152.64999389648438,51.826316833496094
2020-04-06,242.2431182861328,189.3494415283203,137.46131896972656,156.8800048828125,53.08763885498047
2020-04-07,242.4901123046875,189.2723693847656,136.0217742919922,156.0399932861328,53.08763885498047
2020-04-08,250.63006591796875,193.29104614257807,135.03204345703125,154.64999389648438,54.46873092651367
2020-04-09,254.44400024414065,193.5705108642578,135.2774200439453,158.69000244140625,58.0342025756836
2020-04-13,252.12088012695312,195.66172790527344,134.0423583984375,161.41000366210938,57.20273971557617
2020-04-14,259.5566711425781,204.1713104248047,134.0095977783203,162.67999267578125,57.44229888916016
2020-04-15,254.0415954589844,201.8294219970703,137.5594482421875,161.85000610351562,56.90679168701172
2020-04-16,255.26712036132807,205.5108184814453,139.1216278076172,161.7100067138672,56.850433349609375
2020-04-17,262.16326904296875,207.476806640625,137.25682067871094,158.57000732421875,57.13932418823242
2020-04-20,257.54449462890625,205.01934814453125,138.36097717285156,159.6999969482422,56.27965545654297
2020-04-21,249.72467041015625,197.4542236328125,140.10321044921875,158.61000061035156,55.2508544921875
2020-04-22,255.26712036132807,203.3135986328125,138.67178344726562,161.72999572753906,55.73706817626953
2020-04-23,255.24887084960935,202.87991333007807,139.40792846679688,163.33999633789062,55.708927154541016
2020-04-24,258.8066101074219,206.07945251464844,139.73516845703125,162.63999938964844,55.18743133544922
2020-04-27,262.53826904296875,207.7370147705078,137.1341094970703,161.55999755859375,55.412967681884766
2020-04-28,261.3309936523437,203.8243560791016,138.71270751953125,160.83999633789062,55.58207702636719
2020-04-29,268.1722412109375,211.05221557617188,137.99293518066406,161.72999572753906,56.561519622802734
2020-04-30,265.6754150390625,210.96548461914065,136.38160705566406,158.8000030517578,56.67426300048828
2020-05-01,258.6420593261719,205.01934814453125,137.54949951171875,159.77999877929688,55.69667053222656
2020-05-04,259.3554382324219,207.4093780517578,136.90252685546875,160.33999633789062,55.61879348754883
2020-05-05,261.75177001953125,209.76080322265625,136.02615356445312,161.02000427246094,56.10015487670898
2020-05-06,259.9774475097656,211.05221557617188,133.83132934570312,158.9499969482422,55.78160095214844
2020-05-07,263.1145935058594,213.7698516845703,136.0670928955078,161.38999938964844,55.9232063293457
2020-05-08,267.4679260253906,216.69956970214844,134.29815673828125,160.4199981689453,56.454078674316406
2020-05-11,267.5228576660156,218.63653564453125,133.24978637695312,159.4199981689453,56.19927978515625
2020-05-12,262.190673828125,214.05894470214844,134.6175537109375,160.0399932861328,56.12849426269531
2020-05-13,257.5536499023437,211.37985229492188,135.55935668945312,161.5800018310547,55.83116912841797
2020-05-14,260.6358947753906,213.77951049804688,136.88613891601562,163.00999450683594,55.64002990722656
2020-05-15,261.8341369628906,215.1671905517578,136.5338592529297,163.92999267578125,55.717891693115234
2020-05-18,269.80938720703125,219.1762237548828,133.53646850585938,162.69000244140625,56.70185852050781
2020-05-19,267.03814697265625,218.626953125,134.03602600097656,164.25999450683594,56.772647857666016
2020-05-20,271.5746765136719,222.99252319335935,134.4373016357422,164.64999389648438,57.374393463134766
2020-05-21,269.6996765136719,220.56398010253903,134.77316284179688,162.25,57.36018753051758
2020-05-22,270.2118835449219,221.3253631591797,135.5839080810547,163.2100067138672,57.50177383422852
2020-05-26,273.5409851074219,220.72781372070312,133.76577758789062,160.88999938964844,57.9335823059082
2020-05-27,277.6109924316406,221.9324493408203,133.52003479003906,161.17999267578125,58.05392074584961
2020-05-28,277.0988464355469,221.6433563232422,133.0286407470703,161.72000122070312,58.11057662963867
2020-05-29,278.3336181640625,224.8910217285156,133.9787139892578,162.91000366210938,58.34415817260742
2020-06-01,279.4585266113281,225.5656280517578,133.07667541503906,163.66000366210938,58.7855110168457
2020-06-02,281.7724914550781,227.07867431640625,132.59286499023438,162.60000610351562,59.36822128295898
2020-06-03,285.5223693847656,228.1001892089844,130.82974243164062,159.60000610351562,59.64538192749024
2020-06-04,284.7723693847656,226.5003967285156,128.93544006347656,161.27999877929688,59.46058654785156
2020-06-05,292.0709533691406,230.9913024902344,128.01698303222656,158.00999450683594,60.022010803222656
2020-06-08,295.6014404296875,232.7837677001953,128.50900268554688,159.72000122070312,60.093109130859375
2020-06-09,293.3971862792969,234.4702911376953,129.96871948242188,161.25999450683594,59.62405014038086
2020-06-10,291.7599792480469,237.2843170166016,131.89588928222656,163.57000732421875,59.53876876831055
2020-06-11,274.9403991699219,225.52708435058597,134.3887481689453,162.38999938964844,58.01087188720703
2020-06-12,278.23291015625,227.319580078125,133.093017578125,162.6199951171875,58.58651351928711
2020-06-15,280.8303527832031,230.0854034423828,133.1669158935547,162.3300018310547,59.15504837036133
2020-06-16,286.2357177734375,234.03665161132807,131.1249237060547,162.25,59.39664840698242
2020-06-17,285.0466613769531,234.77870178222656,131.66616821289062,162.55999755859375,59.11946868896485
2020-06-18,285.1565246582031,235.41473388671875,133.06024169921875,162.24000549316406,59.09816360473633
2020-06-19,283.5268859863281,235.37620544433597,133.1669158935547,164.02999877929688,58.899173736572266
2020-06-22,285.3457946777344,238.19895935058597,133.1832733154297,165.08999633789062,58.856544494628906
2020-06-23,286.659423828125,240.22628784179688,132.27301025390625,166.47999572753906,58.94184112548828
2020-06-24,279.3471069335937,235.2738494873047,133.69166564941406,165.89999389648438,58.33778381347656
2020-06-25,282.3418273925781,237.51351928710935,134.0770721435547,165.8000030517578,58.35908126831055
2020-06-26,275.6358337402344,231.90467834472656,135.5121612548828,166.5399932861328,57.80477523803711
2020-06-29,279.68701171875,234.4339599609375,135.0857696533203,166.6300048828125,57.47785949707031
2020-06-30,283.2696838378906,239.0292205810547,134.42974853515625,167.3699951171875,58.00376510620117
2020-07-01,285.2538757324219,241.8191680908203,134.16871643066406,166.6199951171875,58.1843147277832
2020-07-02,286.8247985839844,243.46031188964844,134.30821228027344,166.97999572753906,58.61251068115234
2020-07-06,291.2525939941406,249.4457092285156,133.75816345214844,167.97999572753906,59.03359603881836
2020-07-07,288.2486572265625,247.72727966308597,135.63824462890625,169.0399932861328,58.64103698730469
2020-07-08,290.4533386230469,250.99029541015625,135.09642028808594,170.08999633789062,58.79805374145508
2020-07-09,288.7998352050781,253.1044921875,137.24746704101562,169.6300048828125,58.66959381103516
2020-07-10,291.74871826171875,254.8325042724609,136.55775451660156,169.19000244140625,58.86941146850586
2020-07-13,289.222412109375,249.5904998779297,137.0093231201172,169.39999389648438,58.54827117919922
2020-07-14,292.970458984375,251.3571319580078,137.2064208984375,170.19000244140625,59.04783630371094
2020-07-15,295.6619873046875,251.86880493164065,136.56602478027344,170.33999633789062,59.38325500488281
2020-07-16,294.688232421875,250.150390625,137.214599609375,168.72999572753906,59.440338134765625
2020-07-17,295.5426330566406,250.4400329589844,136.92723083496094,170.1199951171875,59.60449981689453
2020-07-20,297.9310913085937,257.5453186035156,137.2637939453125,170.94000244140625,59.9613151550293
2020-07-21,298.5648803710937,254.86154174804688,137.34591674804688,173.0,60.239627838134766
2020-07-22,300.2643127441406,255.75933837890625,137.75650024414062,175.6300048828125,60.36093521118164
2020-07-23,296.68170166015625,249.0788726806641,139.36558532714844,177.17999267578125,60.318119049072266
2020-07-24,294.77099609375,246.71365356445312,139.357421875,178.6999969482422,60.37523651123047
2020-07-27,296.9205322265625,251.1157684326172,138.84014892578125,182.22999572753903,60.51796722412109
2020-07-28,295.037353515625,247.92041015625,139.80078125,183.75,60.36093521118164
2020-07-29,298.6659545898437,250.77786254882807,139.56268310546875,185.1300048828125,60.6963996887207
2020-07-30,297.6003112792969,252.0908660888672,140.48220825195312,183.75999450683597,60.82484817504883
2020-07-31,299.9519958496094,256.589599609375,140.39190673828125,185.42999267578125,60.93898010253906
2020-08-03,302.03729248046875,260.0552673339844,139.68504333496094,185.63999938964844,60.95411682128906
2020-08-04,303.2040100097656,261.0206604003906,141.0165557861328,189.58999633789065,60.932594299316406
2020-08-05,305.0871887207031,261.6674194335937,139.78363037109375,191.3500061035156,61.04008102416992
2020-08-06,307.1266174316406,265.1331787109375,140.56446838378906,193.88999938964844,61.17618560791016
2020-08-07,307.3470153808594,262.0729675292969,139.62753295898438,190.80999755859372,61.02572250366211
2020-08-10,308.2657470703125,260.9530639648437,139.0028076171875,190.1499938964844,61.05439376831055
2020-08-11,305.7211303710937,256.0102844238281,137.3507843017578,179.94000244140625,60.50270462036133
2020-08-12,309.9835510253906,262.4494323730469,136.1014862060547,179.10000610351562,60.5169792175293
2020-08-13,309.42315673828125,263.0479736328125,134.64666748046875,183.3300018310547,60.35218811035156
2020-08-14,309.4324035644531,262.7390441894531,134.12060546875,182.5399932861328,60.24473571777344
2020-08-17,310.4153747558594,265.7896423339844,134.4575958251953,186.5,60.60295104980469
2020-08-18,311.0858764648437,268.3479309082031,135.4193115234375,188.17999267578125,60.69612884521485
2020-08-19,309.7906188964844,266.5426940917969,134.5726776123047,182.2400054931641,60.5241584777832
2020-08-20,310.755126953125,270.24005126953125,135.78915405273438,183.5,60.72480010986328
2020-08-21,311.8575439453125,272.1128845214844,136.60281372070312,182.02999877929688,60.71759796142578
2020-08-24,315.0176086425781,273.8120422363281,136.38087463378906,181.0,60.997047424316406
2020-08-25,316.11993408203125,275.9647521972656,135.33705139160156,181.22000122070312,61.06156539916992
2020-08-26,319.2892761230469,281.8536376953125,134.81924438476562,183.3600006103516,61.05439376831055
2020-08-27,319.9873962402344,280.9751281738281,132.5261688232422,181.2400054931641,60.96126174926758
2020-08-28,322.0543518066406,282.40399169921875,132.427490234375,184.38999938964844,61.01140594482422
2020-08-31,320.8876953125,284.6726379394531,133.30694580078125,184.8300018310547,60.92539978027344
2020-09-01,323.9100036621094,289.5381774902344,134.83169555664062,185.0500030517578,61.25706481933594
2020-09-02,328.5950927734375,292.27978515625,136.11534118652344,182.6199951171875,61.3289909362793
2020-09-03,317.2866516113281,277.461181640625,136.5020294189453,181.13999938964844,60.94768905639648
2020-09-04,314.6960754394531,273.7637634277344,133.91012573242188,181.63999938964844,60.78227615356445
2020-09-08,306.0976867675781,260.60552978515625,134.73292541503906,181.2899932861328,60.444114685058594
2020-09-09,312.14227294921875,268.2610168457031,134.370849609375,183.0500030517578,60.918941497802734
2020-09-10,306.72235107421875,262.9128723144531,135.0537872314453,182.4600067138672,60.63115692138672
2020-09-11,306.8785705566406,261.0883178710937,135.3418426513672,182.4499969482422,60.75345993041992
2020-09-14,310.9205322265625,265.6351318359375,135.33363342285156,183.88999938964844,60.6887321472168
2020-09-15,312.4913330078125,269.40020751953125,135.00448608398438,183.4499969482422,60.854225158691406
2020-09-16,311.2512512207031,265.104248046875,134.6012420654297,183.97000122070312,60.854225158691406
2020-09-17,308.513671875,260.9627380371094,135.0127410888672,182.9600067138672,60.7894401550293
2020-09-18,304.9618225097656,257.6322021484375,134.59303283691406,183.1999969482422,60.638370513916016
2020-09-21,301.56787109375,258.25006103515625,135.27603149414062,179.52000427246094,60.14917755126953
2020-09-22,304.6390991210937,263.0479736328125,135.1691131591797,178.64999389648438,60.35782623291016
2020-09-23,297.5741271972656,255.01593017578125,135.35000610351562,174.7899932861328,59.74632263183594
2020-09-24,298.36737060546875,256.203369140625,135.86837768554688,175.44000244140625,59.78227233886719
2020-09-25,303.19110107421875,262.1598205566406,135.86837768554688,174.94000244140625,59.67434310913086
2020-09-28,308.22686767578125,267.60455322265625,135.48170471191406,176.6999969482422,60.06286239624024
2020-09-29,306.5482788085937,266.3978271484375,135.63803100585938,178.19000244140625,60.11317825317383
2020-09-30,308.8725280761719,268.222412109375,134.33787536621094,177.1199951171875,60.35782623291016
2020-10-01,310.8554382324219,272.4797668457031,134.55950927734375,178.6999969482422,60.56513595581055
2020-10-02,307.904052734375,264.8145751953125,134.05712890625,178.5399932861328,60.56513595581055
2020-10-05,313.3641357421875,270.4621276855469,131.437744140625,179.41000366210938,61.020301818847656
2020-10-06,308.909423828125,265.6351318359375,132.14608764648438,177.3000030517578,60.88302230834961
2020-10-07,314.2864990234375,270.2304382324219,131.1823272705078,177.22000122070312,61.09975051879883
2020-10-08,317.0719299316406,271.6687927246094,131.8907470703125,177.85000610351562,61.23707580566406
2020-10-09,319.9032287597656,275.82000732421875,131.8660125732422,181.0800018310547,61.37430953979492
2020-10-12,325.0498352050781,284.334716796875,132.28616333007812,180.55999755859372,61.685001373291016
2020-10-13,322.9284362792969,284.3250427246094,133.2333526611328,177.72000122070312,61.410457611083984
2020-10-14,320.8993530273437,281.9501647949219,133.53814697265625,178.27000427246094,61.25871276855469
2020-10-15,320.5028076171875,280.05810546875,133.30747985839844,178.9199981689453,61.21538162231445
2020-10-16,320.3091735839844,278.52301025390625,132.93687438964844,178.3000030517578,61.14314651489258
2020-10-19,315.4393310546875,273.97607421875,132.43446350097656,178.38999938964844,60.92637252807617
2020-10-20,316.7029113769531,274.5650634765625,131.1741180419922,179.25,61.14314651489258
2020-10-21,316.1033935546875,274.35260009765625,130.72103881835938,180.6000061035156,61.13591766357422
2020-10-22,317.8373413085937,274.34295654296875,129.362060546875,178.8300018310547,61.24428939819336
2020-10-23,318.9164123535156,274.88360595703125,130.15272521972656,178.63999938964844,61.316524505615234
2020-10-26,313.02294921875,270.76141357421875,131.36354064941406,178.5500030517578,60.77466583251953
2020-10-27,311.9438171386719,272.8756408691406,132.24488830566406,179.02000427246094,60.8035774230957
2020-10-28,301.28173828125,262.237060546875,132.3684539794922,176.1300048828125,60.29783248901367
2020-10-29,304.3439636230469,266.8226318359375,131.08346557617188,175.39999389648438,60.47122573852539
2020-10-30,301.17120361328125,260.0552673339844,129.79037475585938,176.1999969482422,60.60129165649414
2020-11-02,304.546875,260.6344909667969,130.7625274658203,177.91000366210938,60.745704650878906
2020-11-03,309.9239501953125,265.142822265625,130.00384521484375,178.9199981689453,61.26810836791992
2020-11-04,316.8504333496094,276.9786071777344,132.823974609375,178.82000732421875,61.841285705566406
2020-11-05,323.0299987792969,284.1995849609375,133.0548095703125,182.92999267578125,62.058963775634766
2020-11-06,322.9561462402344,284.4119567871094,131.44692993164062,183.19000244140625,61.841285705566406
2020-11-09,327.0142822265625,278.6003112792969,128.6845703125,175.0800018310547,62.312931060791016
2020-11-10,326.53472900390625,273.6092529296875,127.94241333007812,175.66000366210938,62.22584533691406
2020-11-11,328.9603881835937,279.7298583984375,128.4041748046875,174.89999389648438,62.2041015625
2020-11-12,325.7691650390625,278.41680908203125,130.58932495117188,175.9600067138672,61.78325653076172
2020-11-13,330.279296875,280.8593139648437,130.41619873046875,177.16000366210938,61.99367904663086
2020-11-16,334.4020690917969,283.0506591796875,130.10281372070312,177.14999389648438,62.3419303894043
2020-11-17,332.6034851074219,282.15289306640625,130.9521484375,176.5,62.36369323730469
2020-11-18,328.6007080078125,280.067626953125,131.3314971923828,175.49000549316406,62.24762344360352
2020-11-19,329.9841613769531,282.2591247558594,132.0076446533203,175.16000366210938,62.4580307006836
2020-11-20,327.7244567871094,280.3282775878906,133.17855834960938,175.69000244140625,62.3419303894043
2020-11-23,329.6889343261719,280.3379821777344,132.56842041015625,172.22999572753906,62.436256408691406
2020-11-24,335.00152587890625,284.2767333984375,131.2490234375,169.58999633789062,62.62491989135742
2020-11-25,334.4850158691406,286.0241394042969,130.84495544433594,169.50999450683594,62.59588623046875
2020-11-27,335.41650390625,288.6596069335937,132.11483764648438,167.7899932861328,62.69749069213867
2020-11-30,333.931640625,289.2484741210937,131.94993591308594,166.6699981689453,62.6322135925293
2020-12-01,337.58404541015625,292.95562744140625,130.00437927246094,170.17999267578125,62.79318618774414
2020-12-02,338.2941589355469,293.3320617675781,128.97259521484375,171.4600067138672,62.96800994873047
2020-12-03,338.20196533203125,293.7471618652344,130.01260375976562,172.80999755859375,63.00439453125
2020-12-04,341.116455078125,294.9442443847656,128.1058807373047,172.32000732421875,63.26667404174805
2020-12-07,340.4154663085937,296.6144104003906,129.26150512695312,174.88999938964844,63.23753356933594
2020-12-08,341.4115905761719,297.6183776855469,129.87228393554688,175.5,63.1865348815918
2020-12-09,338.3494873046875,290.88006591796875,129.44314575195312,172.5,63.091827392578125
2020-12-10,338.23883056640625,292.048095703125,130.5904083251953,172.1699981689453,63.208377838134766
2020-12-11,337.8423156738281,291.4013366699219,131.05264282226562,172.49000549316406,63.1428337097168
2020-12-14,336.32965087890625,293.5154724121094,130.68948364257812,171.5399932861328,63.15739440917969
2020-12-15,340.87664794921875,296.653076171875,130.25196838378906,173.94000244140625,63.35408401489258
2020-12-16,341.4115905761719,298.28448486328125,129.9052734375,174.89999389648438,63.25936508178711
2020-12-17,343.3207092285156,300.23455810546875,129.5615997314453,176.74000549316406,63.35374069213867
2020-12-18,341.9499206542969,299.3271484375,129.17323303222656,176.44000244140625,63.40494537353516
2020-12-21,340.727294921875,298.76708984375,129.6855926513672,175.8800048828125,63.17819213867188
2020-12-22,340.1529846191406,299.57958984375,130.35484313964844,174.49000549316406,63.25865173339844
2020-12-23,340.4587097167969,298.0708312988281,129.45420837402344,175.64999389648438,63.54391860961914
2020-12-24,341.783203125,299.3861083984375,129.96646118164062,176.35000610351562,63.67558670043945
2020-12-28,344.71942138671875,302.40350341796875,130.0242919921875,175.7100067138672,63.75605392456055
2020-12-29,344.0616760253906,302.67437744140625,129.85899353027344,176.35000610351562,63.67558670043945
2020-12-30,344.5525817871094,302.6840515136719,130.13999938964844,177.6999969482422,63.80726623535156
2020-12-31,346.30322265625,303.42877197265625,130.33004760742188,178.36000061035156,63.85846328735352
2021-01-04,341.5887756347656,299.14422607421875,130.1730499267578,182.3300018310547,63.72683334350586
2021-01-05,343.9413452148437,301.6104736328125,129.2062530517578,182.8699951171875,63.74873733520508
2021-01-06,345.9975891113281,297.4325256347656,126.5539321899414,179.89999389648438,63.63171005249024
2021-01-07,351.1381530761719,304.6279602050781,125.43841552734376,179.47999572753906,63.81456756591797
2021-01-08,353.1389465332031,308.5447998046875,125.03353118896484,173.33999633789062,63.90967178344727
2021-01-11,350.7585144042969,304.0863647460937,124.8269500732422,173.0,63.56589889526367
2021-01-12,350.8326721191406,303.602783203125,124.72779846191406,174.1199951171875,63.64632034301758
2021-01-13,351.7774353027344,305.653076171875,126.1324691772461,173.3699951171875,63.83650970458984
2021-01-14,350.5455017089844,304.0187072753906,124.9509506225586,173.27999877929688,63.82188034057617
2021-01-15,347.9890441894531,301.6104736328125,125.44669342041016,171.1300048828125,63.7194709777832
2021-01-19,350.72137451171875,306.01092529296875,125.85154724121094,172.5800018310547,63.9023551940918
2021-01-20,355.5749206542969,313.1290588378906,125.9755401611328,175.38999938964844,64.0193862915039
2021-01-21,355.8992004394531,315.6340026855469,125.09141540527344,175.27999877929688,63.98281478881836
2021-01-22,354.6394348144531,314.7248840332031,125.49628448486328,173.89999389648438,63.85846328735352
2021-01-25,356.0380859375,317.32647705078125,126.97530364990234,174.0500030517578,63.87308883666992
2021-01-26,355.4823303222656,317.7905578613281,126.7356948852539,173.6199951171875,63.77799987792969
2021-01-27,346.7942810058594,308.9316711425781,127.0578842163086,172.52000427246094,63.59513473510742
2021-01-28,349.77667236328125,310.75958251953125,126.3556137084961,172.67999267578125,63.78533172607422
2021-01-29,342.7742919921875,304.2217712402344,125.5954360961914,172.61000061035156,63.617069244384766
2021-02-01,348.4799499511719,311.82342529296875,125.74097442626952,174.22999572753906,63.82118225097656
2021-02-02,353.4075012207031,316.91046142578125,124.93028259277344,172.11000061035156,63.97533798217773
2021-02-03,353.6854858398437,315.6533508300781,123.82183074951172,171.85000610351562,64.02674865722656
2021-02-04,357.705322265625,319.3864440917969,123.49089050292967,168.14999389648438,64.15889739990234
2021-02-05,359.1132202148437,320.4695739746094,122.4568862915039,169.80999755859375,64.25434875488281
2021-02-08,361.7066650390625,322.6166381835937,122.9946060180664,171.52000427246094,64.44522857666016
2021-02-09,361.46588134765625,322.5489807128906,123.0855484008789,172.0800018310547,64.32775115966797
2021-02-10,361.3083801269531,321.8138732910156,123.90459442138672,172.7100067138672,64.31306457519531
2021-02-11,361.891845703125,323.58380126953125,123.2261962890625,171.2100067138672,64.34243774414062
2021-02-12,363.6796875,325.3924255371094,121.69580841064452,170.69000244140625,64.44522857666016
2021-02-16,363.3646240234375,324.5122375488281,119.8427734375,168.24000549316406,64.34243774414062
2021-02-17,363.447998046875,322.9551086425781,120.6038818359375,166.3300018310547,64.32039642333984
2021-02-18,361.9011535644531,321.543212890625,120.11577606201172,166.32000732421875,64.23233795166016
2021-02-19,361.2620849609375,320.14080810546875,118.51914978027344,167.00999450683594,64.23967742919922
2021-02-22,358.4833068847656,311.8427429199219,117.61746978759766,169.50999450683594,64.04143524169922
2021-02-23,358.918701171875,310.9143371582031,117.27825927734376,169.1199951171875,64.19561004638672
2021-02-24,362.8738098144531,313.4772644042969,116.50894927978516,169.0,64.26164245605469
2021-02-25,354.12994384765625,302.5486145019531,114.60633850097656,165.82000732421875,63.65232467651367
2021-02-26,352.3052673339844,303.8155212402344,118.3950653076172,161.80999755859375,63.46144485473633
2021-03-01,360.8452453613281,312.9550170898437,116.8314208984375,161.52999877929688,64.17389678955078
2021-03-02,358.029541015625,307.935546875,116.83969116210938,162.41000366210938,64.0781021118164
2021-03-03,353.28717041015625,298.999267578125,115.57244873046876,160.6199951171875,63.871849060058594
2021-03-04,348.91522216796875,294.1056213378906,114.82704162597656,159.0399932861328,63.62868118286133
2021-03-05,355.3341369628906,298.5350646972656,115.05066680908205,159.13999938964844,63.82026290893555
2021-03-08,353.56494140625,290.0821838378906,114.1561508178711,157.49000549316406,63.356082916259766
2021-03-09,358.6130676269531,301.5234375,115.73809051513672,160.83999633789062,63.44449996948242
2021-03-10,360.8452453613281,300.6627502441406,115.97003173828124,161.66000366210938,63.64340591430664
2021-03-11,364.50396728515625,307.5873413085937,115.13345336914062,161.52000427246094,63.87918472290039
2021-03-12,364.9948120117188,305.0921936035156,112.69019317626952,161.49000549316406,63.70236206054688
2021-03-15,367.1715087890625,308.3514404296875,113.3527374267578,162.1999969482422,63.70973587036133
2021-03-16,366.7083740234375,310.0439147949219,112.89727783203124,162.35000610351562,63.5623664855957
2021-03-17,367.9588317871094,311.32049560546875,112.05245971679688,163.50999450683594,63.65079116821289
2021-03-18,362.6050415039063,301.7845458984375,110.9177703857422,162.55999755859375,63.16450119018555
2021-03-19,361.9342041015625,302.84844970703125,111.60519409179688,163.24000549316406,63.40764999389648
2021-03-22,364.8242492675781,308.5277709960937,112.85585021972656,163.0,63.63605117797852
2021-03-23,361.9527587890625,307.1818542480469,113.87457275390624,161.80999755859375,63.70236206054688
2021-03-24,360.1127319335937,302.0010986328125,114.4874267578125,162.3699951171875,63.73919677734375
2021-03-25,362.138671875,301.4781799316406,113.5847396850586,161.77999877929688,63.849727630615234
2021-03-26,367.9744567871094,306.0004577636719,113.18714141845705,162.24000549316406,64.0412826538086
2021-03-29,367.7886352539063,305.9133605957031,112.22637176513672,160.30999755859375,64.0781021118164
2021-03-30,366.8128967285156,304.3736572265625,112.81441497802734,157.57000732421875,63.92340469360352
2021-03-31,368.2996826171875,309.0313720703125,112.1849594116211,159.9600067138672,64.2328109741211
2021-04-01,372.2770385742188,314.2992248535156,114.04688262939452,161.97999572753906,64.36886596679688
2021-04-05,377.6203308105469,320.5741882324219,113.54930877685548,161.9199981689453,64.39845275878906
2021-04-06,377.3973388671875,320.3515014648437,114.32059478759766,163.22000122070312,64.50933074951172
2021-04-07,377.8341064453125,321.1260986328125,113.52440643310548,162.75999450683594,64.48715209960938
2021-04-08,379.6275634765625,324.47662353515625,114.46159362792967,164.50999450683594,64.50933074951172
2021-04-09,382.3874816894531,326.4424743652344,114.04688262939452,163.27000427246094,64.46498107910156
2021-04-12,382.5269470214844,326.016357421875,113.99715423583984,162.27999877929688,64.39845275878906
2021-04-13,383.6607055664063,329.8219909667969,114.85139465332033,163.42999267578125,64.44279479980469
2021-04-14,382.350341796875,325.8614807128906,114.48644256591795,162.72000122070312,64.41321563720703
2021-04-15,386.4577331542969,330.7999572753906,116.40235137939452,165.35000610351562,64.67198944091797
2021-04-16,387.7494812011719,331.1874694824219,115.49828338623048,166.35000610351562,64.53893280029297
2021-04-19,385.8443908691406,328.1563720703125,115.16654205322266,165.88999938964844,64.43540954589844
2021-04-20,383.0195007324219,325.7645263671875,115.69731903076172,166.47999572753906,64.32453155517578
2021-04-21,386.6436462402344,328.5534362792969,115.92958068847656,168.1300048828125,64.53893280029297
2021-04-22,383.11236572265625,324.5928649902344,116.43553161621094,167.0399932861328,64.42060852050781
2021-04-23,387.2662658691406,328.6793518066406,116.16179656982422,166.39999389648438,64.59063720703125
2021-04-26,388.0746765136719,330.8194274902344,115.99591064453124,166.83999633789062,64.56109619140625
2021-04-27,387.9910888671875,329.3861694335937,114.9840850830078,166.4199981689453,64.47237396240234
2021-04-28,387.8795776367188,328.2726745605469,115.05872344970705,166.91000366210938,64.59803009033203
2021-04-29,390.3514709472656,329.4540405273437,114.7187271118164,166.22000122070312,64.67198944091797
2021-04-30,387.78662109375,327.2945251464844,114.9840850830078,165.66000366210938,64.64241027832031
2021-05-03,388.62298583984375,325.5514831542969,115.05306243896484,167.80999755859375,64.6676025390625
2021-05-04,386.2253723144531,319.69305419921875,115.83379364013672,166.5800018310547,64.63052368164062
2021-05-05,386.3463134765625,318.6181335449219,116.02481842041016,167.27000427246094,64.75666046142578
2021-05-06,389.4314270019531,321.01959228515625,116.21587371826172,170.05999755859375,64.73436737060547
2021-05-07,392.2657470703125,323.62451171875,115.64274597167967,171.58999633789062,64.7789077758789
2021-05-10,388.3814086914063,315.4516296386719,114.47161865234376,172.11000061035156,64.63052368164062
2021-05-11,384.9152221679688,315.01580810546875,113.82373809814452,172.13999938964844,64.56378936767578
2021-05-12,376.7375793457031,306.8622131347656,112.6277313232422,170.42999267578125,64.25223541259766
2021-05-13,381.2630920410156,309.2347717285156,112.80215454101562,171.1300048828125,64.48219299316406
2021-05-14,387.1175537109375,316.0616455078125,113.85701751708984,172.69000244140625,64.68987274169922
2021-05-17,386.1325378417969,314.1442565917969,113.61609649658205,174.6999969482422,64.5711898803711
2021-05-18,382.8056945800781,312.02362060546875,113.325439453125,175.0399932861328,64.41541290283203
2021-05-19,381.8020629882813,312.3819274902344,113.05134582519533,175.16000366210938,64.24481201171875
2021-05-20,385.9095458984375,318.4244384765625,113.98158264160156,175.9600067138672,64.51925659179688
2021-05-21,385.5935668945313,316.6620788574219,114.3470458984375,176.0399932861328,64.61570739746094
2021-05-24,389.5243835449219,321.9880065917969,114.77061462402344,176.35000610351562,64.68987274169922
2021-05-25,388.6600646972656,322.4333801269531,115.83379364013672,177.9499969482422,64.69729614257812
2021-05-26,389.4314270019531,323.5567321777344,115.63442993164062,177.63999938964844,64.71955108642578
2021-05-27,389.6359558105469,322.3462829589844,115.16930389404295,177.7100067138672,64.68987274169922
2021-05-28,390.3328247070313,323.3630676269531,114.98657989501952,178.3800048828125,64.6676025390625
2021-06-01,389.989013671875,322.28814697265625,114.9607925415039,177.89999389648438,64.86187744140625
2021-06-02,390.6023254394531,322.9176940917969,115.2270050048828,178.77000427246094,64.9437255859375
2021-06-03,389.1526794433594,319.557373046875,114.7944564819336,175.27000427246094,64.80976867675781
2021-06-04,392.7117919921875,324.98016357421875,116.3665008544922,177.16000366210938,64.95113372802734
2021-06-07,392.3308715820313,325.94854736328125,116.00885772705078,177.8699951171875,64.97350311279297
2021-06-08,392.4143981933594,326.1035461425781,116.8240203857422,177.32000732421875,65.01814270019531
2021-06-09,391.8289794921875,326.180908203125,117.85543060302734,176.97999572753906,65.07024383544922
2021-06-10,393.6502685546875,329.5799560546875,118.5624008178711,177.74000549316406,65.18932342529297
2021-06-11,394.3008728027344,330.4417419433594,118.37114715576172,175.74000549316406,65.211669921875
2021-06-14,395.18365478515625,333.6083374023437,117.46446228027344,174.7100067138672,65.15211486816406
2021-06-15,394.4588317871094,331.429443359375,117.32305908203124,174.0500030517578,65.1446762084961
2021-06-16,392.2564086914063,330.21905517578125,117.22322845458984,171.11000061035156,65.05538177490234
2021-06-17,392.12640380859375,334.4119873046875,118.978271484375,165.85000610351562,65.10001373291016
2021-06-18,386.83636474609375,331.78778076171875,121.2158203125,164.92999267578125,65.07024383544922
2021-06-21,392.3742980957031,333.849853515625,119.1863021850586,166.9499969482422,65.19678497314453
2021-06-22,394.4720153808594,336.9617919921875,119.47733306884766,166.25,65.2414321899414
2021-06-23,393.9966430664063,337.12664794921875,119.16959381103516,166.13999938964844,65.17444610595703
2021-06-24,396.3274536132813,339.21112060546875,119.3609390258789,166.0399932861328,65.37542724609375
2021-06-25,397.7351684570313,338.79412841796875,118.1216049194336,166.58999633789062,65.4423828125
2021-06-28,398.5369262695313,342.914306640625,119.33602142333984,166.5800018310547,65.43496704101562
2021-06-29,398.7513732910156,344.1553955078125,119.5355987548828,164.8300018310547,65.51679992675781
2021-06-30,399.0870056152344,343.61248779296875,120.0679702758789,165.6300048828125,65.52424621582031
2021-07-01,401.2966003417969,343.74822998046875,120.0745849609375,166.1999969482422,65.65271759033203
2021-07-02,404.3639831542969,347.6940612792969,120.79917907714844,167.2899932861328,65.75724792480469
2021-07-06,403.6274108886719,349.1966552734375,122.2150421142578,168.1199951171875,65.71992492675781
2021-07-07,405.0538330078125,349.9334716796875,123.2978515625,168.75999450683594,65.74229431152344
2021-07-08,401.7534790039063,347.82000732421875,123.78083801269533,168.64999389648438,65.6004409790039
2021-07-09,406.0421142578125,349.99169921875,122.04019927978516,169.2100067138672,65.71245574951172
2021-07-12,407.4964294433594,351.3586730957031,121.88196563720705,169.0,65.6900405883789
2021-07-13,406.1073303222656,351.3586730957031,120.94913482666016,169.22000122070312,65.49589538574219
2021-07-14,406.7133483886719,351.98876953125,122.32334899902344,171.0399932861328,65.6004409790039
2021-07-15,405.3242492675781,349.5166015625,123.67262268066406,171.07000732421875,65.55564880371094
2021-07-16,402.1449890136719,346.685791015625,123.43942260742188,169.41000366210938,65.46601104736328
2021-07-19,396.2061462402344,343.8451538085937,126.14620208740234,169.61000061035156,65.02543640136719
2021-07-20,401.8839416503906,347.83941650390625,124.93026733398438,169.38999938964844,65.35397338867188
2021-07-21,405.1377868652344,350.5248413085937,123.3477554321289,168.75999450683594,65.51083374023438
2021-07-22,405.9861755371094,352.8418884277344,124.51380157470705,169.08999633789062,65.54814910888672
2021-07-23,410.1629333496094,356.96221923828125,123.68092346191406,168.55999755859375,65.67508697509766
2021-07-26,411.1697998046875,357.243408203125,123.31443786621094,168.16000366210938,65.57804107666016
2021-07-27,409.2958679199219,353.3072204589844,124.63038635253906,168.44000244140625,65.48841857910156
2021-07-28,409.1280822753906,354.6644897460937,124.63867950439452,169.2899932861328,65.5406723022461
2021-07-29,410.8248291015625,355.2947692871094,123.9474868774414,171.1699981689453,65.68254852294922
2021-07-30,408.8296813964844,353.4430236816406,124.53043365478516,169.82000732421875,65.59297943115234
2021-08-02,407.9719848632813,353.4720153808594,125.6412124633789,169.61000061035156,65.43042755126953
2021-08-03,411.2910461425781,355.6146850585937,125.70787811279295,169.49000549316406,65.50533294677734
2021-08-04,409.2679138183594,356.12841796875,125.9664077758789,169.52999877929688,65.38544464111328
2021-08-05,411.85980224609375,358.3873596191406,125.32428741455078,168.86000061035156,65.53529357910156
2021-08-06,412.5403137207031,356.8167419433594,123.23129272460938,164.63999938964844,65.46038818359375
2021-08-09,412.2046813964844,357.47607421875,122.78931427001952,161.72000122070312,65.31051635742188
2021-08-10,412.7174682617188,355.6436767578125,122.2222671508789,161.77000427246094,65.16071319580078
2021-08-11,413.7430419921875,355.03289794921875,122.14723205566406,164.0,65.26559448242188
2021-08-12,414.9829711914063,356.3125915527344,121.94709014892578,164.0399932861328,65.37793731689453
2021-08-13,415.7381896972656,357.5632629394531,123.87332153320312,166.38999938964844,65.5202865600586
2021-08-16,416.7171325683594,357.71844482421875,124.17355346679688,167.22000122070312,65.54276275634766
2021-08-17,413.9854736328125,354.567626953125,124.1235122680664,166.97000122070312,65.3929214477539
2021-08-18,409.4543762207031,351.155029296875,124.54047393798828,167.10000610351562,65.24310302734375
2021-08-19,410.0883483886719,352.8515930175781,125.45768737792967,166.61000061035156,65.23561096191406
2021-08-20,413.3514404296875,356.506591796875,125.54110717773438,166.6999969482422,65.3929214477539
2021-08-23,416.9874267578125,361.8386535644531,125.45768737792967,168.72999572753906,65.59523010253906
2021-08-24,417.6494140625,362.94384765625,124.48209381103516,168.64999389648438,65.68511962890625
2021-08-25,418.5257568359375,363.3607482910156,123.44807434082033,167.47999572753906,65.75250244140625
2021-08-26,416.05517578125,361.0534362792969,123.78995513916016,167.6699981689453,65.71508026123047
2021-08-27,419.7751159667969,364.5628967285156,124.63219451904295,170.19000244140625,65.89483642578125
2021-08-30,421.62103271484375,368.6541442871094,124.95745086669922,169.35000610351562,65.97727966308594
2021-08-31,420.9963989257813,368.35357666015625,124.1068344116211,169.69000244140625,65.99223327636719
2021-09-01,421.2201232910156,368.96435546875,124.31478118896484,169.6999969482422,66.04862213134766
2021-09-02,422.5161437988281,368.7898254394531,124.8573989868164,169.25,66.13130187988281
2021-09-03,422.4134826660156,369.9241027832031,123.7219009399414,171.05999755859375,66.1387939453125
2021-09-07,420.9031982421875,370.4475708007813,122.67823791503906,167.7100067138672,65.96595001220703
2021-09-08,420.3904113769531,369.1582946777344,123.51323699951172,167.2899932861328,66.04110717773438
2021-09-09,418.591064453125,367.8882141113281,125.0077133178711,168.02999877929688,66.1011962890625
2021-09-10,415.2905578613281,365.0960388183594,123.90562438964844,167.17999267578125,66.00353240966797
2021-09-13,416.353515625,364.8440551757813,124.6570816040039,167.74000549316406,66.16885375976562
2021-09-14,414.1066589355469,363.8067321777344,126.16826629638672,168.82000732421875,66.1387939453125
2021-09-15,417.5655517578125,366.5115356445313,125.72581481933594,167.8300018310547,66.23651123046875
2021-09-16,416.9035949707031,366.7636413574219,125.14968872070312,164.02999877929688,66.2139663696289
2021-09-17,412.8424987792969,362.4203796386719,124.5485382080078,163.77000427246094,66.13130187988281
2021-09-20,405.9587097167969,354.9315490722656,126.09317779541016,164.94000244140625,65.8983154296875
2021-09-21,405.5751647949219,355.3683166503906,125.984619140625,166.0399932861328,66.01103210449219
2021-09-22,409.531494140625,358.6876525878906,126.7360610961914,165.4199981689453,66.13130187988281
2021-09-23,414.5072937011719,361.9971923828125,123.87225341796876,163.50999450683594,66.16132354736328
2021-09-24,415.1901245117188,362.33697509765625,122.66156005859376,163.3000030517578,66.06363677978516
2021-09-27,414.0023193359375,359.4446716308594,122.210693359375,163.63999938964844,66.00353240966797
2021-09-28,405.659423828125,349.2733154296875,120.30706024169922,162.0500030517578,65.70292663574219
2021-09-29,406.3421630859375,348.7005920410156,120.51577758789062,161.32000732421875,65.82315826416016
2021-09-30,401.375732421875,347.4195861816406,120.49905395507812,164.22000122070312,65.74801635742188
2021-10-01,406.145751953125,349.5740966796875,121.5131378173828,164.58999633789062,65.90563201904297
2021-10-04,400.9080810546875,342.2366638183594,121.20378112792967,165.36000061035156,65.6718521118164
2021-10-05,405.0794677734375,346.8565368652344,120.03337860107422,164.58999633789062,65.64169311523438
2021-10-06,406.7630310058594,349.07916259765625,120.71062469482422,165.02999877929688,65.60401916503906
2021-10-07,410.2797546386719,352.2819519042969,119.44818115234376,164.16000366210938,65.61153411865234
2021-10-08,409.531494140625,350.52520751953125,118.61224365234376,164.22999572753906,65.41551208496094
2021-10-11,406.5666809082031,347.8368225097656,118.31126403808594,163.9199981689453,65.21192169189453
2021-10-12,405.5658264160156,346.6236572265625,120.33434295654295,164.66000366210938,65.33256530761719
2021-10-13,407.02490234375,349.3993530273437,121.50474548339844,167.58999633789062,65.50598907470703
2021-10-14,413.8712768554688,355.8341979980469,121.95622253417967,168.0,65.87542724609375
2021-10-15,417.0232849121094,358.0761413574219,121.24563598632812,165.3300018310547,65.76235961914062
2021-10-18,418.2579040527344,361.6769104003906,121.81409454345705,164.9199981689453,65.73218536376953
2021-10-19,421.4847412109375,364.4138488769531,120.13371276855467,165.4499969482422,65.77743530273438
2021-10-20,423.14013671875,363.9383850097656,119.32273864746094,166.89999389648438,65.8000259399414
2021-10-21,424.2438049316406,366.1609191894531,119.18067169189452,166.75,65.6341552734375
2021-10-22,423.8042907714844,363.0841674804688,120.49323272705078,167.77000427246094,65.475830078125
2021-10-25,426.0769653320313,366.8014221191406,120.30929565429688,168.92999267578125,65.58892822265625
2021-10-26,426.4604797363281,367.9563903808594,121.30411529541016,167.67999267578125,65.60401916503906
2021-10-27,424.5711975097656,368.8104553222656,123.51119232177734,168.1199951171875,65.55122375488281
2021-10-28,428.6678771972656,372.90625,123.0931625366211,168.0800018310547,65.71712493896484
2021-10-29,429.5376586914063,374.7406005859375,123.46940612792967,166.64999389648438,65.54368591308594
2021-11-01,430.2765808105469,376.021728515625,122.58042907714844,167.52000427246094,65.47332763671875
2021-11-02,432.0161743164063,377.5939636230469,123.12450408935548,167.16000366210938,65.63217163085938
2021-11-03,434.6537780761719,381.6024169921875,121.85215759277344,165.77000427246094,65.76080322265625
2021-11-04,436.7019958496094,386.49407958984375,123.13288116455078,167.64999389648438,65.93474578857422
2021-11-05,438.2172546386719,386.86279296875,124.97442626953124,169.83999633789062,66.18437194824219
2021-11-08,438.5913391113281,386.3386535644531,124.73999786376952,170.4499969482422,66.10116577148438
2021-11-09,437.1416320800781,383.6794738769531,126.364013671875,171.2899932861328,66.154052734375
2021-11-10,433.62493896484375,378.0404357910156,124.05365753173828,173.14999389648438,65.78346252441406
2021-11-11,433.7652282714844,379.088623046875,123.8695068359375,174.1199951171875,65.66999053955078
2021-11-12,437.0387268066406,383.0777282714844,123.32537078857422,174.4499969482422,65.6927261352539
2021-11-15,437.1884460449219,382.9903259277344,121.77682495117188,174.17999267578125,65.61705017089844
2021-11-16,438.9187622070313,385.7174987792969,121.4671630859375,172.9199981689453,65.64730072021484
2021-11-17,437.8525390625,385.92138671875,122.4297332763672,174.5,65.57923126220703
2021-11-18,439.339599609375,389.9200134277344,122.89007568359376,173.94000244140625,65.52631378173828
2021-11-19,438.5539855957031,392.0941162109375,124.18759155273438,172.61000061035156,65.47332763671875
2021-11-22,437.3194274902344,387.5421752929688,122.73107147216795,168.74000549316406,65.22374725341797
2021-11-23,437.8992614746094,385.7757873535156,120.95651245117188,167.27999877929688,65.13296508789062
2021-11-24,439.0683288574219,387.0180969238281,122.89842224121094,167.1199951171875,65.11782836914062
2021-11-26,429.2757873535156,379.6806335449219,126.0040512084961,166.85000610351562,64.64887237548828
2021-11-29,434.5415649414063,387.9206848144531,124.99114990234376,166.6199951171875,65.04976654052734
2021-11-30,426.0863342285156,382.2235412597656,126.89128875732422,165.5,64.7774658203125
2021-12-01,421.3537902832031,375.72076416015625,127.67408752441406,166.16000366210938,64.7865982055664
2021-12-02,427.8073120117188,378.4286193847656,127.83334350585938,165.24000549316406,65.2646713256836
2021-12-03,424.0848388671875,371.848388671875,129.35858154296875,166.6300048828125,65.2646713256836
2021-12-06,429.107421875,374.8279418945313,127.58189392089844,166.22000122070312,65.55306243896484
2021-12-07,437.9833984375,386.1155090332031,126.5510711669922,166.80999755859375,65.90215301513672
2021-12-08,439.1432189941406,387.8431091308594,124.3636245727539,166.89999389648438,65.88694763183594
2021-12-09,436.1782836914063,382.1362915039063,125.05924987792967,165.8800048828125,65.59101867675781
2021-12-10,440.2842102050781,386.2901611328125,124.75757598876952,166.5800018310547,65.7427978515625
2021-12-13,436.384033203125,380.7095642089844,126.60130310058594,167.0,65.7427978515625
2021-12-14,433.3817443847656,376.7690124511719,126.29959869384766,165.44000244140625,65.6289291381836
2021-12-15,440.15338134765625,385.3584899902344,125.08433532714844,166.14999389648438,65.87937927246094
2021-12-16,436.2718200683594,375.4490966796875,125.13299560546876,168.16000366210938,65.83062744140625
2021-12-17,431.628662109375,373.575927734375,126.55104064941406,167.8000030517578,65.76972198486328
2021-12-20,427.0389709472656,369.95208740234375,125.6029281616211,167.08999633789062,65.65550231933594
2021-12-21,434.6227416992188,378.2317810058594,125.12464141845705,167.02000427246094,66.00578308105469
2021-12-22,438.9684143066406,382.8381042480469,125.70360565185548,168.58999633789062,66.18092346191406
2021-12-23,441.6997680664063,385.7243347167969,124.61287689208984,168.97000122070312,66.37128448486328
2021-12-27,447.9507446289063,392.0993041992188,124.91493225097656,169.3699951171875,66.4398193359375
2021-12-28,447.5846557617188,390.2819519042969,124.41986083984376,168.63999938964844,66.40937042236328
2021-12-29,448.15716552734375,390.2236022949219,123.06063842773438,168.58999633789062,66.3027572631836
2021-12-30,446.9182739257813,389.05755615234375,124.0926513671875,169.8000030517578,66.27229309082031
2021-12-31,445.79193115234375,386.6281127929688,124.3359832763672,170.9600067138672,66.257080078125
2022-01-03,448.37310791015625,390.3500061035156,121.07211303710938,168.3300018310547,66.22657775878906
2022-01-04,448.2228393554688,385.2870178222656,120.56869506835938,169.57000732421875,66.05908203125
2022-01-05,439.6160583496094,373.4505920410156,119.9142837524414,169.05999755859375,65.54887390136719
2022-01-06,439.2029724121094,373.1881103515625,120.22468566894533,166.99000549316406,65.5565185546875
2022-01-07,437.4667053222656,369.1455078125,119.36054229736328,167.75,65.38899230957031
2022-01-10,436.9223327636719,369.388427734375,119.6541748046875,168.25999450683594,65.44227600097656
2022-01-11,440.9018249511719,374.9374084472656,120.4512939453125,170.2899932861328,65.74687194824219
2022-01-12,442.0939025878906,376.4241943359375,119.98978424072266,170.74000549316406,65.853515625
2022-01-13,436.0025024414063,367.0076293945313,121.05534362792967,170.16000366210938,65.61744689941406
2022-01-14,436.1807556152344,369.2913818359375,119.22630310058594,169.6699981689453,65.5565185546875
2022-01-18,428.4562072753906,360.09814453125,117.54822540283205,169.38999938964844,65.23670196533203
2022-01-19,424.0072326660156,356.14288330078125,118.3620834350586,172.0800018310547,65.17572784423828
2022-01-20,419.31439208984375,351.5171813964844,119.092041015625,171.64999389648438,65.05394744873047
2022-01-21,411.08294677734375,341.7701110839844,120.5099868774414,171.08999633789062,65.06153106689453
2022-01-24,412.8286437988281,343.3346862792969,119.51996612548828,172.02999877929688,64.99300384521484
2022-01-25,407.7885437011719,335.3757629394531,119.32694244384766,172.5800018310547,64.80265045166016
2022-01-26,406.7654418945313,334.85089111328125,117.8838348388672,169.7899932861328,64.58181762695312
2022-01-27,404.7568054199219,331.4787902832031,120.04854583740234,167.60000610351562,64.30006408691406
2022-01-28,414.8091735839844,341.8769226074219,120.0904312133789,167.10000610351562,64.48281860351562
2022-01-31,422.28033447265625,352.80963134765625,119.46961975097656,168.08999633789062,64.4980239868164
2022-02-01,425.1336059570313,355.2099304199219,119.07305145263672,168.22999572753906,64.75405883789062
2022-02-02,429.263427734375,358.0960998535156,119.47628784179688,168.83999633789062,64.8533935546875
2022-02-03,419.1735229492188,343.5776062011719,118.543701171875,168.60000610351562,64.27259826660156
2022-02-04,421.1446228027344,347.9118347167969,116.79608154296876,168.86000061035156,64.02039337158203
2022-02-07,419.7929992675781,345.1130676269531,116.87168884277344,170.11000061035156,63.97453689575195
2022-02-08,423.2470703125,348.9905090332031,116.09032440185548,170.6300048828125,63.90576171875
2022-02-09,429.4417419433594,356.38592529296875,116.30878448486328,171.2100067138672,64.24203491210938
2022-02-10,421.7265319824219,348.3199462890625,114.46033477783205,170.55999755859375,63.39371490478516
2022-02-11,413.4106750488281,337.27069091796875,116.15754699707033,173.80999755859375,63.17208099365234
2022-02-14,412.0590515136719,337.6885681152344,114.71240234375,174.74000549316406,63.06509017944336
2022-02-15,418.7042541503906,346.0848999023437,113.41008758544922,173.0800018310547,63.17208099365234
2022-02-16,419.1735229492188,345.99737548828125,114.0822525024414,174.86000061035156,63.523624420166016
2022-02-17,410.2194213867188,335.70611572265625,114.93081665039062,177.25,63.25614929199219
2022-02-18,407.5631713867188,331.8771667480469,116.1407241821289,177.1199951171875,63.34785461425781
2022-02-22,403.189453125,328.5439453125,116.44318389892578,177.49000549316406,63.20264434814453
2022-02-23,396.0374145507813,320.1282653808594,114.8384246826172,178.2899932861328,63.0880126953125
2022-02-24,401.9973754882813,330.88604736328125,114.91400146484376,177.13999938964844,63.53890609741211
2022-02-25,410.8670654296875,336.0170288085937,114.99805450439452,176.5500030517578,63.89811325073242
2022-02-28,409.81585693359375,337.0180053710937,117.51866149902344,178.3800048828125,63.9439582824707
2022-03-01,403.5743103027344,331.8577880859375,118.8773956298828,181.6199951171875,63.765254974365234
2022-03-02,410.9984436035156,337.4261474609375,114.81385040283205,179.72999572753906,63.91866683959961
2022-03-03,408.952392578125,332.6060485839844,115.98329162597656,180.8000030517578,63.72688293457031
2022-03-04,405.6297302246094,327.7859802246094,117.98553466796876,183.67999267578125,63.31269073486328
2022-03-07,393.6720886230469,315.6968688964844,117.08538818359376,186.41000366210935,62.76040649414063
2022-03-08,390.6874084472656,314.2293701171875,115.90750885009766,191.50999450683597,62.53797149658203
2022-03-09,401.1620788574219,325.5411682128906,114.77180480957033,185.82000732421875,63.05954360961914
2022-03-10,399.3505554199219,321.92608642578125,113.12281036376952,186.3999938964844,62.5302963256836
2022-03-11,394.2728576660156,315.24981689453125,113.50140380859376,185.08999633789065,62.077735900878906
2022-03-14,391.3913879394531,309.195556640625,110.85124206542967,182.3000030517578,61.34135055541992
2022-03-15,399.9981994628906,318.89404296875,110.6577377319336,178.88999938964844,61.80158233642578
2022-03-16,408.8678894042969,330.7208557128906,111.7430648803711,180.00999450683594,62.66835403442383
2022-03-17,413.9830932617188,334.724609375,110.91015625,180.88999938964844,63.09791564941406
2022-03-18,418.5173950195313,341.5758361816406,112.2646942138672,179.3000030517578,63.304988861083984
2022-03-21,418.3951110839844,340.6261291503906,109.66504669189452,180.6699981689453,62.57630920410156
2022-03-22,423.2908020019531,347.3202514648437,108.260009765625,179.36000061035156,62.89848709106445
2022-03-23,417.8395690917969,342.3288269042969,110.63251495361328,181.80999755859372,62.69904327392578
2022-03-24,424.1382446289063,349.9376220703125,109.76596069335938,183.1300048828125,62.82944869995117
2022-03-25,426.2095642089844,349.6457824707031,108.24317169189452,182.3800048828125,62.37687683105469
2022-03-28,429.2412414550781,355.0556640625,109.16864013671876,179.05999755859375,62.768062591552734
2022-03-29,434.5511779785156,361.1659851074219,109.99313354492188,179.13999938964844,63.54278945922852
2022-03-30,431.8680114746094,357.1767578125,110.85124206542967,180.5800018310547,63.35102081298828
2022-03-31,425.220947265625,352.7496032714844,111.12047576904295,180.6499938964844,63.12092590332031
2022-04-01,426.4260559082031,352.0782775878906,111.5434799194336,179.5,63.11630630493164
2022-04-04,430.0791015625,359.3269958496094,110.76828002929688,180.3699951171875,63.59380722045898
2022-04-05,424.6466064453125,351.34844970703125,108.26573944091795,179.24000549316406,62.76974868774414
2022-04-06,420.4004821777344,343.72021484375,107.38945770263672,179.66000366210938,62.27679443359375
2022-04-07,422.518798828125,344.5375061035156,106.58053588867188,180.33999633789065,62.17669296264648
2022-04-08,421.3890075683594,339.7211608886719,105.42620849609376,181.47000122070312,61.79928588867188
2022-04-11,414.1865234375,331.684326171875,103.75782775878906,182.3699951171875,61.37568664550781
2022-04-12,412.6519165039063,330.2831115722656,103.61460876464844,183.7700042724609,61.84551239013672
2022-04-13,417.3782043457031,336.99676513671875,103.82524871826172,184.6499938964844,62.2152099609375
2022-04-14,412.18109130859375,329.2907409667969,101.74402618408205,184.0399932861328,61.79928588867188
2022-04-18,412.3505859375,329.5435791015625,101.23847198486328,184.6100006103516,61.69916915893555
2022-04-19,419.0071105957031,336.9092102050781,100.48011016845705,181.82000732421875,61.645267486572266
2022-04-20,418.6963195800781,331.99560546875,102.50237274169922,182.7100067138672,61.83779525756836
2022-04-21,412.4353637695313,325.12628173828125,101.74402618408205,182.05999755859372,61.41419982910156
2022-04-22,401.1184997558594,316.612548828125,101.10365295410156,180.2899932861328,61.04449462890625
2022-04-25,403.4439392089844,320.6796875,102.1147918701172,177.0500030517578,61.560543060302734
2022-04-26,391.7599792480469,308.5755920410156,103.14271545410156,177.32000732421875,61.19853973388672
2022-04-27,392.8614501953125,308.2059326171875,101.81983947753906,175.97999572753906,60.89818954467773
2022-04-28,402.7849426269531,319.1521911621094,101.97151947021484,176.92999267578125,61.23704528808594
2022-04-29,387.8998107910156,304.7906494140625,100.64862823486328,176.91000366210938,60.48227691650391
2022-05-02,390.2347106933594,309.8794250488281,98.9040298461914,173.6300048828125,60.48614883422852
2022-05-03,392.02349853515625,310.2103271484375,99.5707778930664,174.08999633789062,60.80313873291016
2022-05-04,403.9617614746094,320.6991882324219,100.1194305419922,175.8000030517578,61.42167663574219
2022-05-05,389.6038818359375,304.5474853515625,97.37632751464844,175.1300048828125,60.33149719238281
2022-05-06,387.2783203125,300.8985900878906,95.94145965576172,175.4199981689453,59.99129867553711
2022-05-09,374.8787536621094,289.1254577636719,96.78549194335938,172.8800048828125,59.3573112487793
2022-05-10,375.7449035644531,292.637939453125,97.66329193115234,171.4199981689453,59.69750213623047
2022-05-11,369.7758483886719,283.9588317871094,99.54550170898438,172.82000732421875,59.34182357788086
2022-05-12,369.38970947265625,283.2875366210937,99.35980987548828,170.1699981689453,59.31862258911133
2022-05-13,378.2210693359375,293.7860717773437,97.89118957519533,168.7899932861328,59.38819122314453
2022-05-16,376.6864013671875,290.380615234375,97.78990173339844,170.39999389648438,59.30318069458008
2022-05-17,384.43499755859375,297.90191650390625,96.60824584960938,169.3300018310547,59.24904251098633
2022-05-18,368.9378662109375,283.2778015136719,98.66768646240234,169.4199981689453,58.76193237304688
2022-05-19,366.67816162109375,281.7598876953125,98.9040298461914,171.91000366210938,59.156246185302734
2022-05-20,366.8382568359375,280.8841552734375,100.02657318115234,172.02999877929688,59.117618560791016
2022-05-23,373.7018737792969,285.5545349121094,98.3807144165039,172.8300018310547,59.349571228027344
2022-05-24,370.8491516113281,279.48309326171875,100.3219985961914,174.1300048828125,59.70523452758789
2022-05-25,374.1255187988281,283.3945007324219,100.71868896484376,173.0800018310547,60.60984420776367
2022-05-26,381.60107421875,291.2466125488281,100.262939453125,172.75999450683594,61.452632904052734
2022-05-27,390.9690551757813,300.75274658203125,100.5076675415039,172.85000610351562,62.00160598754883
2022-05-31,388.7752990722656,299.95489501953125,98.3807144165039,171.13999938964844,61.46809005737305
2022-06-01,385.6307373046875,297.7364501953125,98.26829528808594,172.22999572753906,61.24067687988281
2022-06-02,392.9744873046875,305.8901672363281,98.31900024414062,174.35000610351562,61.49679565429688
2022-06-03,386.5251770019531,297.9310913085937,98.10759735107422,172.5800018310547,61.038841247558594
2022-06-06,387.7020263671875,298.9234924316406,96.29817199707033,171.82000732421875,60.58091354370117
2022-06-07,391.42095947265625,301.501953125,97.33816528320312,172.94000244140625,60.72062683105469
2022-06-08,387.1653747558594,299.33221435546875,96.4757080078125,172.77999877929688,60.20055770874024
2022-06-09,377.9574279785156,291.3147277832031,96.79703521728516,172.22999572753906,59.71934509277344
2022-06-10,366.9982604980469,281.0398254394531,96.19670104980467,174.5399932861328,58.70255661010742
2022-06-13,353.0640563964844,267.9725341796875,93.17813110351562,169.92999267578125,56.738807678222656
2022-06-14,352.00018310546875,268.4591064453125,92.00282287597656,168.57000732421875,57.11138916015625
2022-06-15,357.0184326171875,275.1629638671875,93.71926879882812,170.77000427246094,58.22134017944336
2022-06-16,345.20245361328125,264.0611267089844,94.46336364746094,172.69000244140625,57.29764938354492
2022-06-17,345.9466857910156,267.2720031738281,94.76774597167967,171.27000427246094,57.47618865966797
2022-06-21,354.6553955078125,274.01513671875,93.16124725341795,170.6300048828125,57.43737411499024
2022-06-22,354.01239013671875,273.6154479980469,95.7231674194336,171.30999755859375,57.421836853027344
2022-06-23,357.4826965332031,277.6904296875,96.5095672607422,170.25999450683594,57.83322143554688
2022-06-24,368.8484191894531,287.2050476074219,95.173583984375,170.08999633789062,58.244606018066406
2022-06-27,367.4394836425781,285.0993347167969,94.36188507080078,169.89999389648438,57.88756561279297
2022-06-28,359.93170166015625,276.413330078125,94.80154418945312,169.6199951171875,57.251102447509766
2022-06-29,359.6385498046875,276.66680908203125,96.2812728881836,169.49000549316406,57.16571807861328
2022-06-30,356.7167358398437,273.2352600097656,97.1267547607422,168.4600067138672,57.13466644287109
2022-07-01,360.4895324707031,275.0387268066406,98.12390899658205,168.32000732421875,57.679664611816406
2022-07-05,361.17034912109375,279.747314453125,98.89493560791016,164.75,57.62507629394531
2022-07-06,362.3901977539063,281.5411376953125,97.23438262939452,162.13999938964844,57.40677261352539
2022-07-07,367.8177490234375,287.5657653808594,96.37871551513672,162.22999572753906,58.34239196777344
2022-07-08,367.5151672363281,287.92645263671875,95.3112335205078,162.3000030517578,58.38914489746094
2022-07-11,363.3167724609375,281.77508544921875,96.95479583740234,161.42999267578125,58.06168746948242
2022-07-12,360.1018981933594,279.0453796386719,97.53089141845705,160.8300018310547,58.29557800292969
2022-07-13,358.2107238769531,278.47027587890625,98.64924621582033,161.60000610351562,58.23323440551758
2022-07-14,357.3409118652344,279.4646911621094,97.84439086914062,159.3300018310547,58.12405014038086
2022-07-15,364.1678466796875,284.5339660644531,98.39505004882812,159.00999450683594,58.8647346496582
2022-07-18,361.1609802246094,282.1259765625,97.3699188232422,159.16000366210938,58.29557800292969
2022-07-19,370.9192504882813,290.8022766113281,96.84467315673828,159.5399932861328,59.06746673583984
2022-07-20,373.28314208984375,295.41339111328125,97.09880828857422,158.0399932861328,59.32475280761719
2022-07-21,377.0843505859375,299.6540832519531,98.77629852294922,160.27000427246094,60.02643203735352
2022-07-22,373.5857238769531,294.3995666503906,100.43684387207033,160.6699981689453,59.94848251342773
2022-07-25,374.0396728515625,292.7228088378906,99.45408630371094,160.22999572753906,59.93288803100586
2022-07-26,369.6143798828125,286.9710693359375,99.5303192138672,160.0399932861328,59.51185989379883
2022-07-27,379.2119445800781,299.09844970703125,98.97115325927734,161.6699981689453,60.16678237915039
2022-07-28,383.9680786132813,302.0229797363281,99.7590789794922,163.63999938964844,60.78273010253906
2022-07-29,389.56585693359375,307.531005859375,99.48798370361328,164.10000610351562,60.96204376220703
2022-08-01,388.4123229980469,307.3457946777344,101.88400268554688,165.02999877929688,60.98084259033203
2022-08-02,385.8498229980469,306.429443359375,99.7281494140625,164.0500030517578,60.69906234741211
2022-08-03,391.8920593261719,314.7742614746094,101.2983169555664,164.4499969482422,61.23131561279297
2022-08-04,391.6272583007813,316.2463073730469,101.26439666748048,167.1699981689453,61.39566802978516
2022-08-05,390.96533203125,313.6629333496094,98.85393524169922,165.2899932861328,61.08258819580078
2022-08-08,390.511474609375,312.64892578125,100.44960021972656,166.69000244140625,61.13737487792969
2022-08-09,388.9607238769531,309.1102294921875,100.05916595458984,167.1999969482422,60.683387756347656
2022-08-10,397.1304626464844,317.7378234863281,99.4056167602539,166.77999877929688,61.59133529663086
2022-08-11,397.1304626464844,315.934326171875,97.08853912353516,166.33999633789062,61.23911666870117
2022-08-12,403.853515625,322.0858154296875,98.0731201171875,167.8699951171875,61.78702163696289
2022-08-15,405.51763916015625,324.6886291503906,97.9882354736328,165.7100067138672,61.67744827270508
2022-08-16,406.31201171875,323.9281616210937,98.39561462402344,165.4199981689453,61.38784408569336
2022-08-17,403.4279479980469,320.23345947265625,97.36864471435548,164.35000610351562,60.75381851196289
2022-08-18,404.6004333496094,321.0036926269531,97.512939453125,163.9199981689453,60.84778594970703
2022-08-19,399.1634521484375,314.7449951171875,95.94271850585938,162.72000122070312,60.22943878173828
2022-08-22,390.851806640625,306.4586486816406,95.62022399902344,161.63999938964844,59.54846954345703
2022-08-23,389.9063415527344,306.2052001953125,95.09397888183594,162.77000427246094,59.697174072265625
2022-08-24,391.1544189453125,307.09228515625,94.39801025390624,163.25,59.76760482788086
2022-08-25,396.6765441894531,312.52227783203125,95.71356201171876,163.75,60.331180572509766
2022-08-26,383.24951171875,299.712646484375,96.43500518798828,161.75999450683594,59.33712387084961
2022-08-29,380.7153625488281,296.7587280273437,95.6371841430664,161.86000061035156,59.110164642333984
2022-08-30,376.5359497070313,293.4539489746094,95.8748550415039,160.50999450683594,58.65618896484375
2022-08-31,373.6708068847656,291.7479553222656,94.95818328857422,159.27000427246094,58.33528137207031
2022-09-01,374.8433532714844,291.87469482421875,93.21965026855467,157.8699951171875,58.48943328857422
2022-09-02,370.8908996582031,287.7510070800781,93.74701690673828,159.25999450683594,58.45009994506836
2022-09-06,369.4914245605469,285.684326171875,91.42503356933594,158.3300018310547,58.292816162109375
2022-09-07,376.1293640136719,291.4554443359375,92.8709487915039,159.94000244140625,59.13442611694336
2022-09-08,378.5877685546875,292.9665832519531,91.91836547851562,158.97999572753906,59.393985748291016
2022-09-09,384.4692993164063,299.37139892578125,92.1224594116211,159.82000732421875,59.62995529174805
2022-09-12,388.6014099121094,302.9296264648437,91.36548614501952,160.6300048828125,59.81089401245117
2022-09-13,371.7041015625,286.3179626464844,91.5781021118164,158.5399932861328,58.45009994506836
2022-09-14,373.1224060058594,288.58935546875,91.89283752441406,157.92999267578125,58.53662872314453
2022-09-15,368.88623046875,283.78326416015625,91.83328247070312,154.97999572753906,58.16695022583008
2022-09-16,366.0720520019531,282.0480041503906,91.06781768798828,155.83999633789062,58.36359786987305
2022-09-19,368.9109191894531,284.2444763183594,91.2804718017578,155.9600067138672,58.583831787109375
2022-09-20,364.6764221191406,281.9786682128906,90.37035369873048,155.07000732421875,57.98604583740234
2022-09-21,358.3149719238281,276.9296264648437,91.8843231201172,155.7899932861328,57.81300354003906
2022-09-22,355.30523681640625,273.5212097167969,89.53680419921875,155.6999969482422,57.4669075012207
2022-09-23,349.35211181640625,269.0678100585937,89.90253448486328,153.00999450683594,56.73540878295898
2022-09-26,345.8960876464844,267.9544982910156,88.1844482421875,151.22999572753906,56.0667724609375
2022-09-27,345.01318359375,268.0619201660156,85.86248016357422,151.5399932861328,55.94883346557617
2022-09-28,351.80181884765625,273.3942565917969,88.73729705810547,154.69000244140625,56.94776916503906
2022-09-29,344.4530029296875,265.5129699707031,88.27803039550781,154.66000366210938,56.41288757324219
2022-09-30,339.12652587890625,261.0107421875,87.13826751708984,154.6699981689453,56.1533317565918
2022-10-03,348.07989501953125,267.13409423828125,88.52284240722656,158.42999267578125,56.88924407958984
2022-10-04,358.8656311035156,275.53302001953125,88.2756118774414,160.6999969482422,58.11445236206055
2022-10-05,358.0301208496094,275.3865051269531,87.43158721923828,159.80999755859375,57.88520812988281
2022-10-06,354.3368225097656,273.21844482421875,86.94561004638672,159.6300048828125,57.7113151550293
2022-10-07,344.4530029296875,262.80767822265625,86.10150909423828,157.8800048828125,57.00780487060547
2022-10-10,341.82293701171875,260.1806030273437,84.76302337646484,155.47999572753906,56.31220245361328
2022-10-11,339.6581420898437,256.60614013671875,85.13813781738281,155.16000366210938,56.486106872558594
2022-10-12,338.5378112792969,256.5182800292969,85.55589294433594,155.99000549316406,56.58097076416016
2022-10-13,347.4721984863281,262.53424072265625,84.7374267578125,154.91000366210938,56.70743942260742
2022-10-14,339.5537414550781,254.64317321777344,84.038330078125,152.97999572753906,56.525638580322266
2022-10-17,348.279296875,263.0518493652344,83.62908935546875,153.4199981689453,57.22121810913086
2022-10-18,352.37139892578125,265.132080078125,83.82518005371094,153.75,57.624359130859375
2022-10-19,349.8743591308594,264.1651611328125,82.29906463623047,151.69000244140625,57.0710334777832
2022-10-20,346.9405822753906,262.81744384765625,80.89230346679688,151.4499969482422,56.754859924316406
2022-10-21,355.3717346191406,268.9798278808594,79.43441772460938,154.14999389648438,57.300289154052734
2022-10-24,359.7201843261719,271.9390563964844,78.77792358398438,153.64999389648438,57.33980941772461
2022-10-25,365.4644165039063,277.5643615722656,81.07135772705078,154.0,57.89312362670898
2022-10-26,362.71099853515625,271.43121337890625,82.23938751220703,154.97999572753906,58.051231384277344
2022-10-27,360.7742004394531,266.4895324707031,83.10047912597656,154.74000549316406,58.47807312011719
2022-10-28,369.3571166992188,274.64434814453125,82.52925109863281,153.16000366210938,58.92860794067383
2022-10-31,366.6891479492188,271.4508361816406,81.94097137451172,151.91000366210938,58.04329681396485
2022-11-01,365.0846252441406,268.6771240234375,82.7067642211914,153.4600067138672,58.3924446105957
2022-11-02,355.92236328125,259.4676818847656,82.34778594970703,152.38999938964844,57.86080551147461
2022-11-03,352.2575378417969,254.3990478515625,81.90337371826172,151.80999755859375,57.44819641113281
2022-11-04,357.3275451660156,258.4910583496094,80.52735900878906,156.47000122070312,57.84492874145508
2022-11-07,360.74560546875,261.3329772949219,79.7239761352539,155.85000610351562,57.83699798583984
2022-11-08,362.6920166015625,263.2373962402344,80.59571075439453,159.4499969482422,57.78146743774414
2022-11-09,355.21978759765625,257.1628723144531,80.86065673828125,158.64999389648438,57.09113693237305
2022-11-10,374.7405395507813,276.1385192871094,83.9716796875,163.47999572753906,58.86852645874024
2022-11-11,378.3675231933594,281.22674560546875,83.66398620605469,164.55999755859375,59.07483673095703
2022-11-14,375.14892578125,278.765625,83.45887756347656,164.9199981689453,58.63840866088867
2022-11-15,378.3485107421875,282.62322998046875,84.80924224853516,165.5,59.15417098999024
2022-11-16,375.4621276855469,278.765625,86.66392517089844,165.1199951171875,59.02721405029297
2022-11-17,374.3133544921875,278.1503601074219,85.74942016601562,163.9199981689453,58.773319244384766
2022-11-18,376.0128479003906,278.1600952148437,85.15967559814453,162.7899932861328,58.90026473999024
2022-11-21,374.6456909179688,275.29864501953125,85.5186538696289,161.8800048828125,58.87646865844727
2022-11-22,379.6873168945313,279.26373291015625,86.73226165771484,162.07000732421875,59.30493927001953
2022-11-23,382.0798950195313,282.066650390625,88.2450180053711,163.0800018310547,59.63822937011719
2022-11-25,381.9944152832031,280.2110290527344,87.94591522216797,163.22000122070312,59.51919174194336
2022-11-28,375.8989562988281,276.099365234375,88.19377136230469,161.92999267578125,58.892337799072266
2022-11-29,375.2532653808594,274.0094909667969,87.15962219238281,162.72999572753906,59.14623641967773
2022-11-30,387.073974609375,286.5004577636719,87.80062103271484,164.80999755859375,60.03495788574219
2022-12-01,386.7891540527344,286.85205078125,90.60547637939452,167.83999633789062,60.25728225708008
2022-12-02,386.3429260253906,285.7093200683594,91.74490356445312,167.25999450683594,60.20945358276367
2022-12-05,379.3929138183594,280.91424560546875,90.45983123779295,164.38999938964844,59.6357421875
2022-12-06,373.9240417480469,275.0935363769531,91.6249771118164,164.83999633789062,59.42058181762695
2022-12-07,373.2879333496094,273.97039794921875,93.78387451171876,166.3300018310547,59.74731063842773
2022-12-08,376.2121887207031,277.2127685546875,93.52684783935548,166.47000122070312,59.79509353637695
2022-12-09,373.40185546875,275.4450988769531,91.09382629394533,167.05999755859375,59.79509353637695
2022-12-12,378.7852783203125,278.9023132324219,91.38506317138672,165.67999267578125,60.02618408203125
2022-12-13,381.6526184082031,281.90057373046875,92.2674789428711,168.50999450683594,60.6477165222168
2022-12-14,379.2124938964844,279.81060791015625,92.66156768798828,168.10000610351562,60.30508041381836
2022-12-15,369.9363098144531,270.41552734375,93.02313232421876,165.35000610351562,60.07758712768555
2022-12-16,365.56884765625,267.8372802734375,91.98400115966795,166.7899932861328,59.75716400146485
2022-12-19,362.4689331054688,264.0732116699219,90.43820190429688,166.32000732421875,59.452781677246094
2022-12-20,362.96490478515625,263.8675842285156,88.832275390625,169.0800018310547,59.300594329833984
2022-12-21,368.3921813964844,267.6954040527344,89.05555725097656,168.8000030517578,59.80524063110352
2022-12-22,363.1366271972656,261.1461486816406,89.03840637207031,166.75999450683594,59.436767578125
2022-12-23,365.2254333496094,261.73345947265625,87.73306274414062,167.25999450683594,59.58896255493164
2022-12-27,363.7851867675781,258.032958984375,85.9983139038086,168.6699981689453,58.9721794128418
2022-12-28,359.2641296386719,254.62632751464844,85.49163055419922,167.91000366210938,58.179161071777344
2022-12-29,365.73095703125,260.83282470703125,86.4620590209961,168.85000610351562,58.932125091552734
2022-12-30,364.767578125,260.6762084960937,85.50021362304688,169.63999938964844,58.98018264770508
2023-01-03,363.2320556640625,258.9140930175781,87.13189697265625,171.05999755859375,59.092315673828125
2023-01-04,366.0362854003906,260.1475524902344,88.32561492919922,172.6699981689453,59.77322006225586
2023-01-05,361.8584899902344,256.0750732421875,88.69488525390625,170.52000427246094,59.65303039550781
2023-01-06,370.1566467285156,263.1431579589844,90.3265609741211,173.7100067138672,60.50213623046875
2023-01-09,369.9468383789063,264.8465576171875,90.80745697021484,174.10000610351562,60.71840286254883
2023-01-10,372.5411987304688,267.0884094238281,89.30461120605469,174.74000549316406,60.64630889892578
2023-01-11,377.2530517578125,271.7091064453125,90.75596618652344,174.6199951171875,61.04682922363281
2023-01-12,378.6265869140625,273.1775817871094,92.54220581054688,176.63999938964844,61.39128494262695
2023-01-13,380.095458984375,275.0570983886719,91.67485809326172,178.75999450683594,61.39128494262695
2023-01-17,379.3991394042969,275.61505126953125,91.0822982788086,177.58999633789062,61.18301773071289
2023-01-18,373.4091796875,272.0320739746094,93.28936004638672,177.0800018310547,61.25511169433594
2023-01-19,370.69085693359375,269.3595275878906,92.70542907714844,179.88999938964844,60.89463424682617
2023-01-20,377.5964050292969,276.7311096191406,91.20252990722656,179.2899932861328,61.01478958129883
2023-01-23,382.1270751953125,282.87890625,90.77311706542967,179.6300048828125,61.00678253173828
2023-01-24,381.7169494628906,282.30133056640625,92.0784683227539,180.27999877929688,61.04682922363281
2023-01-25,381.8600158691406,281.6748962402344,92.30176544189452,181.1100006103516,61.03883361816406
2023-01-26,386.0568237304688,287.1667785644531,91.87238311767578,179.47000122070312,61.1910400390625
2023-01-27,386.94384765625,290.0253295898437,91.64051818847656,179.22000122070312,61.00678253173828
2023-01-30,382.0888977050781,284.1614074707031,91.30555725097656,178.75999450683594,60.67034530639648
2023-01-31,387.7068786621094,288.4197998046875,92.0355453491211,179.41000366210938,61.14295196533203
2023-02-01,391.8273620605469,294.5872497558594,93.14190673828124,181.6699981689453,61.78529357910156
2023-02-02,397.5312194824219,305.1599426269531,93.2624282836914,177.89999389648438,62.13941955566406
2023-02-03,393.3057861328125,299.7365417480469,91.8676300048828,173.4600067138672,61.48748016357422
2023-02-06,390.9021606445313,297.2010803222656,91.1874771118164,173.82000732421875,61.09305953979492
2023-02-07,396.0146179199219,303.3587341308594,90.45559692382812,173.97999572753906,61.31037139892578
2023-02-08,391.6842346191406,297.964599609375,90.8861312866211,174.41000366210938,61.052833557128906
2023-02-09,388.2887573242188,295.33123779296875,90.02511596679688,173.02999877929688,60.65840530395508
2023-02-10,389.1947937011719,293.3929443359375,89.01776885986328,173.36000061035156,60.19156265258789
2023-02-13,393.76361083984375,298.0918884277344,89.7668228149414,172.47999572753906,60.34450149536133
2023-02-14,393.5823974609375,300.2945861816406,89.56018829345703,172.61000061035156,60.36059188842773
2023-02-15,394.8605041503906,302.5951232910156,88.72502899169922,170.88999938964844,60.264007568359375
2023-02-16,389.42376708984375,296.9170837402344,87.46797180175781,170.75,59.78105926513672
2023-02-17,388.4508666992188,294.8221740722656,88.14815521240234,171.25999450683594,60.01448059082031
2023-02-21,380.658203125,287.8421936035156,86.43476867675781,170.6199951171875,59.08884811401367
2023-02-22,380.1336059570313,288.0575561523437,87.22689056396484,169.66000366210938,59.47518539428711
2023-02-23,382.1556701660156,290.57354736328125,88.07928466796875,169.57000732421875,60.06278991699219
2023-02-24,378.07330322265625,285.7081604003906,86.93415832519531,168.35000610351562,59.70055389404297
2023-02-27,379.3610229492188,287.7541198730469,87.17520904541016,169.00999450683594,60.10301971435547
2023-02-28,377.9589538574219,287.38214111328125,87.5713119506836,169.77999877929688,59.99032974243164
2023-03-01,376.5090637207031,285.0718078613281,86.63050842285156,170.75999450683594,59.820289611816406
2023-03-02,379.437255859375,287.4310302734375,85.8623275756836,170.66000366210938,59.893165588378906
2023-03-03,385.5226745605469,293.37335205078125,87.94244384765625,172.49000549316406,60.50859451293945
2023-03-06,385.7897033691406,293.7061462402344,87.26057434082031,171.6199951171875,60.50859451293945
2023-03-07,379.8760070800781,290.1036071777344,87.79568481445312,168.6199951171875,60.07941055297852
2023-03-08,380.4960632324219,291.55255126953125,87.88200378417969,168.5399932861328,59.79596328735352
2023-03-09,373.4759521484375,286.5010986328125,88.0978012084961,170.1999969482422,59.46394348144531
2023-03-10,368.0869140625,282.4775390625,91.1359405517578,173.8699951171875,59.47206115722656
2023-03-13,367.562255859375,284.57257080078125,91.34308624267578,177.86000061035156,59.14812850952149
2023-03-14,373.63818359375,291.1119384765625,89.84130096435547,176.8300018310547,59.57733917236328
2023-03-15,371.30126953125,292.6390991210937,91.57613372802734,178.2100067138672,59.38299179077149
2023-03-16,377.8158264160156,300.3532409667969,90.8597640991211,178.57000732421875,59.77167510986328
2023-03-17,373.3981018066406,298.933837890625,92.22347259521484,183.7700042724609,59.41536712646485
2023-03-20,376.9886169433594,299.9946594238281,91.4121551513672,183.83999633789065,59.25338745117188
2023-03-21,381.9386291503906,304.2793273925781,90.62674713134766,180.3699951171875,59.901248931884766
2023-03-22,375.4279174804688,300.1417236328125,91.83507537841795,183.44000244140625,59.95793151855469
2023-03-23,376.4428405761719,303.7008361816406,91.83507537841795,185.7400054931641,59.72309112548828
2023-03-24,378.9131164550781,304.818603515625,92.22347259521484,183.6499938964844,59.60162353515625
2023-03-27,379.6215515136719,302.730224609375,90.05706787109375,181.9499969482422,59.45586395263672
2023-03-28,378.7694396972656,301.1221923828125,90.22105407714844,183.44000244140625,59.4234733581543
2023-03-29,384.27484130859375,306.61285400390625,90.039794921875,182.52999877929688,60.16850280761719
2023-03-30,386.5248107910156,309.5150756835937,90.45409393310548,184.17999267578125,60.5247917175293
2023-03-31,391.9727783203125,314.6624755859375,91.80917358398438,183.22000122070312,61.18077087402344
2023-04-03,393.4664306640625,313.8977355957031,92.24098205566406,184.5399932861328,61.133544921875
2023-04-04,391.2833557128906,312.8388061523437,92.69956970214844,187.97999572753903,60.95458984375
2023-04-05,390.2589111328125,309.7503662109375,93.66870880126952,187.8300018310547,60.61292266845703
2023-04-06,391.7812805175781,311.8387451171875,93.91098022460938,186.4900054931641,60.88136672973633
2023-04-10,392.183349609375,311.66229248046875,92.3967056274414,185.1100006103516,60.82444381713867
2023-04-11,392.2887878417969,309.6620788574219,92.58708953857422,186.27999877929688,60.95458984375
2023-04-12,390.6897888183594,306.9266357421875,92.49191284179688,187.19000244140625,60.93831634521485
2023-04-13,395.8791809082031,312.9369506835937,91.76506042480467,189.72000122070312,61.35321044921875
2023-04-14,394.9121398925781,312.3485717773437,90.9256820678711,186.3600006103516,61.23931884765625
2023-04-17,396.3291931152344,312.6133117675781,89.84407043457031,185.52999877929688,61.07661819458008
2023-04-18,396.5877075195313,312.6329040527344,90.16423797607422,186.25,61.117305755615234
2023-04-19,396.5206604003906,312.4858703613281,90.07770538330078,185.3600006103516,60.87324905395508
2023-04-20,394.3568420410156,310.1033630371094,90.84783935546876,186.08999633789065,60.8162841796875
2023-04-21,394.6632080078125,310.4269104003906,90.33731079101562,184.25,61.003395080566406
2023-04-24,395.074951171875,309.7798156738281,91.21126556396484,184.80999755859372,61.17424011230469
2023-04-25,388.8035888671875,303.9361572265625,92.552490234375,185.75,61.07661819458008
2023-04-26,387.1567687988281,305.7794189453125,91.5660400390625,184.7400054931641,60.840702056884766
2023-04-27,394.8642883300781,314.0938720703125,90.65746307373048,184.75,61.044090270996094
2023-04-28,398.2345581054688,316.2606506347656,92.1198272705078,184.8000030517578,61.30440139770508
2023-05-01,397.8323974609375,315.89794921875,89.46358489990234,183.97000122070312,61.02333068847656
2023-05-02,393.3610229492188,313.1427917480469,91.69300842285156,187.5200042724609,60.966156005859375
2023-05-03,390.6610412597656,311.0936584472656,92.20484161376952,189.1100006103516,60.93346786499024
2023-05-04,387.89398193359375,309.9955139160156,91.29397583007812,190.44000244140625,60.75373077392578
2023-05-05,395.074951171875,316.5842590332031,90.99036407470705,187.4600067138672,61.08051300048828
2023-05-08,395.1802673339844,317.36865234375,89.71515655517578,187.69000244140625,60.908939361572266
2023-05-09,393.4472351074219,315.35858154296875,89.39421081542969,189.0200042724609,60.75373077392578
2023-05-10,395.2855529785156,318.7903137207031,90.26168060302734,188.75,61.12137222290039
2023-05-11,394.5962219238281,319.82958984375,91.2159194946289,187.1300048828125,61.02333068847656
2023-05-12,394.0791320800781,318.6824645996094,90.4525146484375,186.80999755859372,60.80273818969727
2023-05-15,395.438720703125,320.4081420898437,89.51566314697266,187.2100067138672,60.786376953125
2023-05-16,392.7961730957031,320.7709045410156,89.24671936035156,184.8699951171875,60.36155700683594
2023-05-17,397.5643615722656,324.65350341796875,88.98646545410156,184.22999572753903,60.52494812011719
2023-05-18,401.3941955566406,330.6834411621094,88.32718658447266,181.83999633789065,60.55764389038086
2023-05-19,400.8100891113281,329.9382019042969,87.70259094238281,183.63999938964844,60.62297821044922
2023-05-22,400.9728698730469,331.0461730957031,87.39030456542969,183.2100067138672,60.89262390136719
2023-05-23,396.4728088378906,326.84979248046875,87.64189147949219,183.42999267578125,60.573974609375
2023-05-24,393.6004638671875,325.1731262207031,87.20814514160156,181.9499969482422,60.14911651611328
2023-05-25,397.0089721679688,333.08551025390625,86.99127197265625,180.1999969482422,60.10827255249024
2023-05-26,402.1504821777344,341.5960998535156,87.69392395019531,180.9199981689453,60.4759521484375
2023-05-30,402.30364990234375,343.14520263671875,88.57009887695312,182.0399932861328,60.73739242553711
2023-05-31,400.0728454589844,341.19403076171875,89.3421401977539,182.32000732421875,60.54945373535156
2023-06-01,403.87396240234375,345.1356201171875,89.69266510009766,183.75999450683597,60.91313171386719
2023-06-02,409.7144165039063,347.72393798828125,88.70980834960938,181.0500030517578,61.22511291503906
2023-06-05,408.9293212890625,347.9690856933594,88.54454040527344,182.13999938964844,61.17583465576172
2023-06-06,409.8197937011719,347.9102783203125,89.06641387939453,182.33999633789065,61.27437210083008
2023-06-07,408.4027099609375,342.0079040527344,87.74434661865234,180.1499938964844,60.937774658203125
2023-06-08,410.8729553222656,346.25323486328125,88.77069854736328,182.52999877929688,61.3236083984375
2023-06-09,411.6101684570313,347.5769348144531,88.64897918701172,182.0399932861328,61.34002304077149
2023-06-12,415.3442077636719,353.4499206542969,88.90986633300781,181.8800048828125,61.27437210083008
2023-06-13,418.0825805664063,356.1658935546875,88.03137969970703,180.5399932861328,61.34822463989258
2023-06-14,418.5804138183594,358.7542724609375,88.73590850830078,180.63999938964844,61.37285232543945
2023-06-15,423.7698974609375,363.0291748046875,89.58830261230469,181.91000366210935,61.66838836669922
2023-06-16,422.326416015625,360.74462890625,89.2403793334961,181.6300048828125,61.51240921020508
2023-06-20,420.1353149414063,360.22821044921875,89.85794830322266,179.75,61.34822463989258
2023-06-21,417.9826354980469,355.31915283203125,90.07540130615234,179.49000549316406,61.19224166870117
2023-06-22,419.491455078125,359.511474609375,88.98815155029297,177.7100067138672,61.01165008544922
2023-06-23,416.3200988769531,355.9474792480469,89.87533569335938,178.1999969482422,60.904930114746094
2023-06-26,414.619140625,351.1758728027344,89.97098541259766,178.50999450683594,60.937774658203125
2023-06-27,419.1647338867188,357.21405029296875,89.73616027832031,177.69000244140625,61.14299774169922
2023-06-28,419.3761596679688,357.9110412597656,90.11882781982422,177.27999877929688,61.49601745605469
2023-06-29,421.029052734375,357.1944274902344,88.49237823486328,177.08999633789062,61.331817626953125
2023-06-30,425.9974670410156,362.7024230957031,89.5361328125,178.27000427246094,61.62732696533203
2023-07-03,426.4875793457031,363.55657958984375,89.02851104736328,178.47000122070312,61.5307731628418
2023-07-05,425.8534240722656,363.5467529296875,88.18254089355469,177.83999633789062,61.3409309387207
2023-07-06,422.5186767578125,360.7780151367188,86.93537902832031,177.30999755859375,60.89525604248047
2023-07-07,421.4518737792969,359.5801696777344,86.41209411621094,178.63999938964844,60.95304489135742
2023-07-10,422.5186767578125,359.69793701171875,86.52545928955078,178.77999877929688,61.258426666259766
2023-07-11,425.20947265625,361.4751586914063,86.97026062011719,179.4499969482422,61.58855056762695
2023-07-12,428.630615234375,366.04052734375,87.9383316040039,181.8800048828125,62.0672607421875
2023-07-13,432.03265380859375,372.2554321289063,88.86282348632812,182.00999450683597,62.43866729736328
2023-07-14,431.7635803222656,372.1768798828125,88.33953094482422,181.42999267578125,61.98472595214844
2023-07-17,433.2626953125,375.6525268554688,88.38314056396484,181.55999755859372,62.10028839111328
2023-07-18,436.4821472167969,378.7256164550781,88.78433227539062,183.63999938964844,62.27359390258789
2023-07-19,437.4528198242188,378.6372985839844,89.78729248046875,183.6699981689453,62.3231315612793
2023-07-20,434.5504455566406,369.9089660644531,88.69710540771484,182.7400054931641,62.0507698059082
2023-07-21,434.5504455566406,368.7994995117188,88.72327423095703,182.17999267578125,62.20757675170898
2023-07-24,436.4917602539063,369.3885498046875,88.40057373046875,181.3999938964844,62.10028839111328
2023-07-25,437.6834106445313,371.8922119140625,88.23484802246094,182.41000366210935,62.05901336669922
2023-07-26,437.7507019042969,370.6551513671875,88.32209014892578,183.3000030517578,62.30663299560547
2023-07-27,434.848388671875,369.771484375,86.60397338867188,180.4199981689453,61.811405181884766
2023-07-28,439.105712890625,376.5067443847656,87.04873657226562,181.8600006103516,62.16628646850586
2023-07-31,439.9418029785156,376.7030944824219,87.25808715820312,182.3500061035156,62.31487655639648
2023-08-01,438.682861328125,375.8292846679688,85.82815551757812,180.4600067138672,62.00637435913086
2023-08-02,432.5804138183594,367.58203125,84.90989685058594,179.60000610351562,61.74102783203125
2023-08-03,431.3407287597656,366.9927978515625,82.95089721679688,179.5399932861328,61.541969299316406
2023-08-04,429.3898620605469,365.2747192382813,84.42015838623047,180.19000244140625,61.9068603515625
2023-08-07,433.1378173828125,368.3675537109375,83.58934783935547,179.77999877929688,62.02295684814453
2023-08-08,431.2542419433594,365.2354431152344,84.5600814819336,178.63999938964844,62.1556396484375
2023-08-09,428.3711853027344,361.2198486328125,84.99736022949219,177.7899932861328,62.1639289855957
2023-08-10,428.5249633789063,361.887451171875,83.59808349609375,177.60000610351562,62.14737701416016
2023-08-11,428.2751159667969,359.5801696777344,83.40568542480469,177.60000610351562,62.0561408996582
2023-08-14,430.6392211914063,363.615478515625,83.22203063964844,177.05999755859375,62.04783248901367
2023-08-15,425.622802734375,359.7569274902344,82.7148208618164,176.58999633789062,61.84880828857422
2023-08-16,422.49945068359375,355.9474792480469,82.06761169433594,175.57000732421875,61.6580810546875
2023-08-17,419.2799987792969,352.0595092773437,81.71780395507812,175.3000030517578,61.401004791259766
2023-08-18,419.4817504882813,351.61767578125,82.00637817382812,175.3300018310547,61.44246292114258
2023-08-21,422.2110595703125,357.28271484375,80.91321563720703,175.80999755859375,61.42586898803711
2023-08-22,421.0675659179688,356.772216796875,81.53414154052734,176.10000610351562,61.45903396606445
2023-08-23,425.7571716308594,362.3980102539063,83.55435943603516,177.88999938964844,61.956642150878906
2023-08-24,419.8566284179688,354.6514892578125,83.00337982177734,177.85000610351562,61.61662292480469
2023-08-25,422.8165283203125,357.4005432128906,83.27449798583984,177.6199951171875,61.87370681762695
2023-08-28,425.4977722167969,360.0907287597656,83.36195373535156,178.1300048828125,62.10591506958008
2023-08-29,431.6482849121094,367.9551086425781,84.22776794433594,179.8699951171875,62.49565887451172
2023-08-30,433.4261169433594,370.0070495605469,84.14027404785156,180.32000732421875,62.470794677734375
2023-08-31,432.7918701171875,371.1165466308594,84.516357421875,180.02000427246094,62.4293098449707
2023-09-01,433.5990905761719,370.7237854003906,83.19970703125,180.11000061035156,62.54678726196289
2023-09-05,431.72509765625,371.1951599121094,82.03307342529297,178.63999938964844,62.13854217529297
2023-09-06,428.8228454589844,367.9256591796875,82.23484802246094,177.8300018310547,61.988555908203125
2023-09-07,427.50628662109375,365.2943115234375,82.462890625,178.02000427246094,62.19686126708984
2023-09-08,428.1501159667969,365.8049621582031,82.77867126464844,178.0800018310547,62.17187881469727
2023-09-11,430.9659423828125,370.1151123046875,82.18222045898438,178.41000366210938,62.280181884765625
2023-09-12,428.6017456054688,366.0110778808594,82.65586853027344,177.49000549316406,62.18021011352539
2023-09-13,429.1015625,367.4052734375,82.6383056640625,177.0800018310547,62.34684371948242
2023-09-14,432.8014526367188,370.40966796875,82.04183959960938,177.1699981689453,62.421817779541016
2023-09-15,427.5869445800781,364.0671691894531,81.54186248779297,178.33999633789062,62.18852615356445
2023-09-18,427.8376770019531,364.4466552734375,82.00676727294922,179.38999938964844,62.23018646240234
2023-09-19,426.9504699707031,363.6698913574219,81.40153503417969,179.22000122070312,62.03855895996094
2023-09-20,423.02532958984375,358.42919921875,81.65589141845703,179.35000610351562,61.988555908203125
2023-09-21,416.033447265625,351.8612060546875,79.5594711303711,178.0500030517578,61.546966552734375
2023-09-22,415.0979614257813,351.91033935546875,80.19976806640625,178.6199951171875,61.65528869628906
2023-09-25,416.843505859375,353.58184814453125,78.22616577148438,177.6999969482422,61.57201385498047
2023-09-26,410.7195434570313,348.2723388671875,77.95423889160156,176.27999877929688,61.30536651611328
2023-09-27,410.8835144042969,349.0884704589844,77.55074310302734,174.10000610351562,61.22203826904297
2023-09-28,413.2655334472656,352.0087585449219,77.78759002685547,173.22999572753906,61.5136604309082
2023-09-29,412.2625732421875,352.2642517089844,77.79634094238281,171.4499969482422,61.42201614379883
2023-10-02,412.09869384765625,355.2042541503906,76.49404907226562,169.64999389648438,61.04929733276367
2023-10-03,406.5822448730469,348.9704895019531,74.8485336303711,169.16000366210938,60.42950820922852
2023-10-04,409.54296875,353.7195129394531,75.90444946289062,169.13999938964844,60.7393684387207
2023-10-05,409.388671875,352.6772766113281,75.52609252929688,168.8300018310547,60.79802322387695
2023-10-06,414.2492980957031,358.5865783691406,74.61093139648438,169.6999969482422,60.88178253173828
2023-10-09,416.9013671875,360.4153137207031,76.36205291748047,172.82000732421875,61.33406066894531
2023-10-10,419.0712585449219,362.4112854003906,76.25643157958984,172.52999877929688,61.31732177734375
2023-10-11,420.7879028320313,364.9972839355469,77.84912872314453,173.7899932861328,61.308929443359375
2023-10-12,418.22259521484375,363.7288818359375,75.73725128173828,173.25999450683594,60.98227691650391
2023-10-13,416.1394958496094,359.15679931640625,77.09237670898438,178.8300018310547,60.93205642700195
2023-10-16,420.5178527832031,363.2175903320313,75.85167694091797,177.9600067138672,60.9152946472168
2023-10-17,420.4985961914063,362.0278930664063,75.01570129394531,178.2899932861328,60.63051986694336
2023-10-18,414.8953857421875,357.27880859375,74.3557357788086,180.8699951171875,60.33737182617188
2023-10-19,411.2499084472656,353.93585205078125,72.83342742919922,183.08999633789065,60.11960983276367
2023-10-20,406.1964721679688,348.65582275390625,73.24701690673828,183.58999633789065,60.2452278137207
2023-10-23,405.492431640625,349.7078857421875,74.12696838378906,182.97000122070312,60.4881477355957
2023-10-24,408.5495910644531,353.10992431640625,75.10368347167969,182.9499969482422,60.79802322387695
2023-10-25,402.6860046386719,344.4672546386719,73.43177032470703,183.72000122070312,60.47136688232422
2023-10-26,397.8640441894531,337.89923095703125,74.55814361572266,184.00999450683597,60.680782318115234
2023-10-27,396.06060791015625,339.5215759277344,74.24136352539062,186.1499938964844,60.60538482666016
2023-10-30,400.7958068847656,343.34637451171875,73.90696716308594,185.1000061035156,60.62214660644531
2023-10-31,403.3129577636719,344.98834228515625,73.54617309570312,184.08999633789065,60.78127670288086
2023-11-01,407.61419677734375,350.9762878417969,75.14083099365234,183.50999450683597,61.360599517822266
2023-11-02,415.42584228515625,357.3476867675781,76.85381317138672,184.1199951171875,62.05109405517578
2023-11-03,419.2159423828125,361.5460815429688,77.374755859375,184.7899932861328,62.65736389160156
2023-11-06,420.1802978515625,363.02093505859375,76.62422180175781,183.3500061035156,62.40473175048828
2023-11-07,421.3761596679688,366.4524536132813,77.75440979003906,182.58999633789065,62.41320037841797
2023-11-08,421.684814453125,366.68841552734375,79.07888793945312,180.7700042724609,62.44684982299805
2023-11-09,418.3961791992188,363.8664855957031,77.25996398925781,181.4900054931641,62.05950164794922
2023-11-10,424.9251403808594,372.0470581054688,77.6926040649414,179.50999450683594,62.36264419555664
2023-11-13,424.5201416015625,370.8868103027344,77.51602935791016,180.50999450683597,62.30372619628906
2023-11-14,432.7561645507813,378.8706970214844,79.27315521240234,182.1199951171875,62.93525314331055
2023-11-15,433.6722412109375,379.1558532714844,78.16058349609375,181.63999938964844,62.733154296875
2023-11-16,434.2026672363281,379.4803161621094,79.13188934326172,183.69000244140625,62.81735229492188
2023-11-17,434.7427673339844,379.5688171386719,79.50271606445312,183.6699981689453,62.96053314208984
2023-11-20,438.08929443359375,384.1899719238281,79.98833465576172,183.3699951171875,63.02788925170898
2023-11-21,437.1344909667969,381.9580383300781,79.95303344726562,185.3500061035156,63.11210632324219
2023-11-22,438.8222351074219,383.52142333984375,80.23558044433594,184.55999755859372,63.22155380249024
2023-11-24,439.09222412109375,382.9806518554688,79.29081726074219,185.5200042724609,63.15419006347656
2023-11-27,438.3014526367188,382.6463317871094,80.615234375,186.7700042724609,63.24679946899414
2023-11-28,438.73541259765625,383.6492614746094,80.77420043945312,189.25999450683597,63.524715423583984
2023-11-29,438.4267272949219,383.2756042480469,81.78960418701172,189.5399932861328,63.86992263793945
2023-11-30,440.1531066894531,382.3120727539063,80.8448257446289,188.75,63.75205993652344
2023-12-01,442.7569885253906,383.4035034179688,82.36746215820312,192.00999450683597,64.27987670898438
2023-12-04,440.4328002929688,379.8441467285156,82.03973388671875,187.8600006103516,64.11917877197266
2023-12-05,440.345947265625,380.7978820800781,83.80240631103516,187.1499938964844,64.17839050292969
2023-12-06,438.5714721679688,378.5953979492188,84.9184799194336,187.83999633789065,64.18684387207031
2023-12-07,441.91790771484375,383.88519287109375,84.43128967285156,188.1499938964844,64.29679870605469
2023-12-08,443.81787109375,385.5960998535156,83.7403793334961,185.63999938964844,64.16993713378906
2023-12-11,445.5440979003906,388.8898620605469,83.56321716308594,183.58999633789065,64.12762451171875
2023-12-12,447.5789489746094,391.9871215820313,83.81127166748047,183.4900054931641,64.27142333984375
2023-12-13,453.7511596679688,396.97210693359375,85.77764892578125,187.6300048828125,65.25267028808594
2023-12-14,455.2074279785156,396.62799072265625,88.0090103149414,188.72999572753903,65.54085540771484
2023-12-15,454.4578857421875,398.5452880859375,88.10675811767578,187.0,65.39633178710938
2023-12-18,457.0143127441406,401.0556335449219,87.40474700927734,187.8500061035156,65.43882751464844
2023-12-19,459.7932739257813,403.1047973632813,87.87568664550781,189.1300048828125,65.62584686279297
2023-12-20,453.42181396484375,397.1148376464844,88.47109985351562,188.1000061035156,65.63435363769531
2023-12-21,457.72113037109375,401.7353820800781,87.9112548828125,189.42999267578125,65.931884765625
2023-12-22,458.6410217285156,402.33636474609375,87.51136779785156,190.2700042724609,65.85537719726562
2023-12-26,460.5776672363281,404.7993469238281,87.76016998291016,191.72000122070312,65.98289489746094
2023-12-27,461.410400390625,405.6234130859375,89.31524658203125,192.58999633789065,66.25492095947266
2023-12-28,461.584716796875,405.4263305664063,88.66658020019531,191.47000122070312,66.04240417480469
2023-12-29,460.2484130859375,403.6716613769531,87.8667984008789,191.1699981689453,65.78736114501953
2024-01-02,457.6727294921875,396.8406677246094,87.36029052734375,190.72000122070312,65.56633758544922
2024-01-03,453.9350280761719,392.6414794921875,87.7246322631836,189.1300048828125,65.38783264160156
2024-01-04,452.4728698730469,390.6207885742188,86.39169311523438,189.32000732421875,65.1328125
2024-01-05,453.0926208496094,391.0840759277344,85.56529235839844,189.3500061035156,65.1838150024414
2024-01-08,459.5609130859375,399.1669616699219,86.40946197509766,187.8699951171875,65.54934692382812
2024-01-09,458.8637390136719,399.95556640625,85.85852813720703,187.92999267578125,65.65135955810547
2024-01-10,461.4588317871094,402.666259765625,85.45864868164062,187.5,65.77037811279297
2024-01-11,461.2554931640625,403.5041198730469,85.93849182128906,187.8699951171875,65.98289489746094
2024-01-12,461.5750427246094,403.7110900878906,85.7696533203125,189.7100067138672,66.05086517333984
2024-01-16,459.8804321289063,403.6716613769531,84.25897979736328,187.91000366210935,65.63435363769531
2024-01-17,457.3240966796875,401.3946228027344,84.12571716308594,185.83999633789065,65.35384368896484
2024-01-18,461.3910217285156,407.0921936035156,83.34374237060547,187.3699951171875,65.4898452758789
2024-01-19,467.142822265625,415.16510009765625,83.61030578613281,187.92999267578125,65.60037231445312
2024-01-22,468.1304931640625,415.7073059082031,84.10794067382812,187.22000122070312,65.65135955810547
2024-01-23,469.495849609375,417.432373046875,83.44148254394531,187.9499969482422,65.5748519897461
2024-01-24,470.0090026855469,419.7487487792969,82.95276641845703,186.3999938964844,65.54085540771484
2024-01-25,472.56536865234375,420.2613830566406,83.49479675292969,187.13999938964844,66.04240417480469
2024-01-26,471.9649658203125,417.757568359375,83.33484649658203,187.00999450683597,65.99140167236328
2024-01-29,475.7026977539063,422.03564453125,84.29456329345703,188.3300018310547,66.13590240478516
2024-01-30,475.334716796875,419.226318359375,85.05876159667969,188.58999633789065,66.05086517333984
2024-01-31,467.5785217285156,411.0152893066406,85.89408111572266,188.4499969482422,65.86387634277344
2024-02-01,473.69830322265625,415.855224609375,87.57898712158203,190.41000366210935,66.2431869506836
2024-02-02,478.6851196289063,422.8834228515625,85.64446258544922,188.6100006103516,65.9441909790039
2024-02-05,476.9421081542969,422.3313903808594,83.91500854492188,187.57000732421875,65.63662719726562
2024-02-06,478.3268432617188,421.4836120605469,84.73517608642578,188.5500030517578,65.87583923339844
2024-02-07,482.3163146972656,425.8207702636719,84.32508087158203,188.5,65.98689270019531
2024-02-08,482.5293273925781,426.60943603515625,83.83475494384766,188.3300018310547,65.95272064208984
2024-02-09,485.3180236816406,430.80853271484375,83.66539001464844,187.6000061035156,66.08941650390625
2024-02-12,485.1050109863281,429.1230163574219,83.7634506225586,187.1100006103516,65.9441909790039
2024-02-13,478.4236145019531,422.4299011230469,82.32814025878906,184.52999877929688,65.41449737548828
2024-02-14,482.7713623046875,427.03326416015625,82.74715423583984,184.4199981689453,65.67081451416016
2024-02-15,486.1023864746094,428.3048400878906,83.1750717163086,185.66000366210935,65.90148162841797
2024-02-16,483.68157958984375,424.421142578125,82.69366455078125,186.33999633789065,65.7049789428711
2024-02-20,481.018798828125,421.2174987792969,82.7649917602539,187.47000122070312,65.84166717529297
2024-02-21,481.4544372558594,419.5319213867188,82.1766128540039,187.47999572753903,65.72207641601562
2024-02-22,491.4183654785156,431.8140258789063,82.57776641845703,187.55999755859372,66.03816986083984
2024-02-23,491.7572937011719,430.5424499511719,83.68319702148438,188.6199951171875,66.08087921142578
2024-02-26,489.9562072753906,430.3157043457031,83.43357849121094,188.1999969482422,65.86730194091797
2024-02-27,490.866455078125,431.3507385253906,82.84520721435547,188.0,65.95272064208984
2024-02-28,490.2177429199219,429.053955078125,83.37117767333984,188.33999633789065,65.9441909790039
2024-02-29,491.9800109863281,432.730712890625,83.95955657958984,189.30999755859372,66.06380462646484
2024-03-01,496.5988159179688,439.246337890625,84.48273468017578,192.88999938964844,66.31123352050781
2024-03-04,496.0662841796875,437.6790466308594,84.14287567138672,196.00999450683597,66.29405975341797
2024-03-05,491.1085510253906,429.8228149414063,85.34123229980469,197.19000244140625,66.24250793457031
2024-03-06,493.5970764160156,432.5237426757813,85.84202575683594,198.80999755859372,66.4057388305664
2024-03-07,498.4967041015625,439.088623046875,85.76154327392578,199.94000244140625,66.48306274414062
2024-03-08,495.5046997070313,432.7503967285156,85.60952758789062,201.6300048828125,66.50023651123047
2024-03-11,495.0785827636719,431.1437072753906,85.56480407714844,202.0,66.49164581298828
2024-03-12,500.4043884277344,437.3241271972656,84.849365234375,199.7899932861328,66.55180358886719
2024-03-13,499.6199340820313,433.9628601074219,84.43799591064453,201.19000244140625,66.57756042480469
2024-03-14,498.63232421875,432.8687133789063,83.14131164550781,200.3500061035156,66.25967407226562
2024-03-15,495.20843505859375,427.7232360839844,83.11448669433594,199.7100067138672,66.21672058105469
2024-03-18,498.1514892578125,431.8026428222656,82.86407470703125,200.02999877929688,66.371337890625
2024-03-19,500.9197692871094,432.8785095214844,83.09658813476562,199.8000030517578,66.6376953125
2024-03-20,505.552978515625,438.010986328125,83.06977844238281,202.17999267578125,66.861083984375
2024-03-21,507.22357177734375,440.083740234375,83.24861907958984,201.97000122070312,66.8267593383789
2024-03-22,506.2620544433594,440.5870666503906,84.0445327758789,200.3500061035156,66.75799560546875
2024-03-25,504.86334228515625,438.9881896972656,83.62420654296875,200.9900054931641,66.65489196777344
2024-03-26,503.9308471679688,437.5668640136719,83.85670471191406,201.63999938964844,66.57756042480469
2024-03-27,508.1658935546875,439.0572204589844,84.68840026855469,203.1000061035156,66.92985534667969
2024-03-28,508.0686340332031,438.2479248046875,84.61685180664062,205.72000122070312,66.78378295898438
2024-04-01,507.1847229003906,439.17572021484375,83.0395278930664,207.82000732421875,66.51176452636719
2024-04-02,503.9600830078125,435.385498046875,82.58191680908203,210.88999938964844,66.39949798583984
2024-04-03,504.513671875,436.3626403808594,82.5639877319336,212.7400054931641,66.45130157470703
2024-04-04,498.35546875,429.6904296875,83.15615844726562,211.5200042724609,66.39949798583984
2024-04-05,503.5617980957031,434.7538146972656,81.99870300292969,215.13999938964844,66.33901977539062
2024-04-08,503.8434448242188,434.8821411132813,81.98976135253906,216.47999572753903,66.4944839477539
2024-04-09,504.4263305664063,436.4909973144531,82.75240325927734,217.6699981689453,66.63265991210938
2024-04-10,499.3753967285156,432.6810302734375,80.94895935058594,215.6100006103516,66.04544067382812
2024-04-11,503.1441040039063,439.5902404785156,80.58109283447266,219.8000030517578,65.98497772216797
2024-04-12,496.19915771484375,432.5823974609375,81.01176452636719,216.88999938964844,65.95042419433594
2024-04-15,489.9827575683594,425.4659423828125,79.75563049316406,220.9499969482422,65.57048034667969
2024-04-16,489.089111328125,425.5054321289063,79.22626495361328,221.22000122070312,65.35457611083984
2024-04-17,486.194580078125,420.3136901855469,80.10554504394531,219.58999633789065,65.44093322753906
2024-04-18,485.194091796875,417.9152526855469,79.70178985595703,220.33999633789065,65.49273681640625
2024-04-19,480.9591064453125,409.2689514160156,79.98889923095703,221.02999877929688,65.61363220214844
2024-04-22,485.3883361816406,413.3847961425781,79.85433197021484,215.57000732421875,65.97635650634766
2024-04-23,491.1483154296875,419.55364990234375,79.88121795654297,215.0399932861328,66.24404907226562
2024-04-24,490.9151611328125,420.9750061035156,79.31597137451172,214.63999938964844,66.09725189208984
2024-04-25,489.0502624511719,418.9417724609375,78.75968170166016,215.9199981689453,65.95907592773438
2024-04-26,493.6834716796875,425.40673828125,79.17241668701172,216.6199951171875,66.16633605957031
2024-04-29,495.4317932128906,427.1340026855469,79.83638000488281,216.17999267578125,66.36495971679688
2024-04-30,487.5835876464844,419.0799255371094,79.15447235107422,211.8699951171875,65.8813705444336
2024-05-01,486.0003051757813,416.04974365234375,79.73790740966797,213.7899932861328,66.2286148071289
2024-05-02,490.5460510253906,421.3599548339844,80.08004760742188,213.1300048828125,66.6366195678711
2024-05-03,496.6265563964844,429.82861328125,80.8904037475586,212.9600067138672,66.91439819335938
2024-05-06,501.7551574707031,434.5366821289063,81.20553588867188,215.1999969482422,66.9925308227539
2024-05-07,502.308837890625,434.6058044433594,81.70074462890625,214.2100067138672,67.00120544433594
2024-05-08,502.35736083984375,434.34912109375,81.20553588867188,213.5800018310547,66.84495544433594
2024-05-09,505.2518615722656,435.2966918945313,81.60169982910156,216.9499969482422,66.86231994628906
2024-05-10,505.9026794433594,436.3232116699219,81.14253234863281,218.7100067138672,66.7581558227539
2024-05-13,505.9705810546875,437.3299560546875,81.349609375,216.25999450683597,66.74079132080078
2024-05-14,508.29205322265625,440.1429748535156,81.80879211425781,218.08999633789065,66.84495544433594
2024-05-15,514.5863647460938,447.0225524902344,82.92527770996094,220.88999938964844,67.23561096191406
2024-05-16,513.5276489257812,446.114501953125,82.84425354003906,220.02999877929688,67.07935333251953
2024-05-17,514.2656860351562,445.8973388671875,82.28599548339844,223.66000366210935,67.0880355834961
2024-05-20,514.858154296875,449.0064086914063,82.0428695678711,224.55999755859372,67.12274932861328
2024-05-21,516.1209106445312,449.8848876953125,82.46605682373047,224.22999572753903,67.07064056396484
2024-05-22,514.6349487304688,449.7960510253906,82.56511688232422,220.1100006103516,66.923095703125
2024-05-23,510.8759460449219,447.7726440429688,82.03388977050781,215.72000122070312,66.68868255615234
2024-05-24,514.2560424804688,452.0070190429688,82.27700805664062,215.9199981689453,66.923095703125
2024-05-28,514.6153564453125,453.7145385742188,81.09748077392578,218.19000244140625,66.65398406982422
2024-05-29,511.01177978515625,450.5166015625,80.11609649658203,216.16000366210935,66.45430755615234
2024-05-30,507.6217956542969,445.6900024414063,80.8904037475586,216.57000732421875,66.72344207763672
2024-05-31,512.245361328125,444.8609313964844,81.43963623046875,215.3000030517578,66.95781707763672
2024-06-03,512.6631469726562,447.24951171875,82.75686645507812,217.22000122070312,67.16539764404297
2024-06-04,513.2361450195312,448.4734497070313,83.72357940673828,215.2700042724609,67.13050079345703
2024-06-05,519.3360595703125,457.5145568847656,84.33796691894531,217.82000732421875,67.3485336303711
2024-06-06,519.3262329101562,457.3566284179688,84.21146392822266,219.42999267578125,67.23515319824219
2024-06-07,518.6949462890625,456.9519958496094,82.66656494140625,211.6000061035156,67.06070709228516
2024-06-10,520.2977294921875,458.7976989746094,82.11543273925781,213.5399932861328,67.12179565429688
2024-06-11,521.5506591796875,461.9462585449219,82.96468353271484,214.1499938964844,67.2090072631836
2024-06-12,525.8341674804688,467.9967346191406,83.58805847167969,214.72000122070312,67.4793701171875
2024-06-13,526.8929443359375,470.5333862304688,84.8167724609375,212.97000122070312,67.47065734863281
2024-06-14,527.21337890625,472.9713439941406,85.53050994873047,215.72999572753903,67.2090072631836
2024-06-17,531.4094848632812,478.7651977539063,84.68126678466797,214.6100006103516,67.25259399414062
2024-06-18,532.7596435546875,478.9131774902344,85.45823669433594,215.47000122070312,67.4619369506836
2024-06-20,531.3124389648438,475.2217712402344,84.88904571533203,218.16000366210935,67.41832733154297
2024-06-21,530.60009765625,473.948486328125,84.88904571533203,214.77999877929688,67.49678802490234
2024-06-24,528.8753662109375,468.552734375,85.23234558105469,215.6300048828125,67.42704010009766
2024-06-25,530.9119873046875,473.9109497070313,85.37692260742188,214.55999755859372,67.51424407958984
2024-06-26,531.5745239257812,474.8896789550781,84.1572494506836,212.5800018310547,67.36598205566406
2024-06-27,532.4125366210938,476.1155090332031,84.49153137207031,214.9900054931641,67.4444808959961
2024-06-28,530.3173828125,473.6440124511719,82.91950988769531,215.00999450683597,67.27877044677734
2024-07-01,531.408935546875,476.4219665527344,81.48843383789062,215.57000732421875,67.26564025878906
2024-07-02,534.9851684570312,481.4242248535156,82.12281799316406,215.55999755859372,67.44973754882812
2024-07-03,537.37255859375,485.4378967285156,83.2013931274414,217.9900054931641,67.68647766113281
2024-07-05,540.4713134765625,490.4994812011719,83.89016723632812,220.92999267578125,67.88811492919922
2024-07-08,541.094970703125,491.6660461425781,84.07144927978516,218.19000244140625,67.8705825805664
2024-07-09,541.6211547851562,492.0910949707031,83.69984436035156,218.55999755859372,67.79168701171875
2024-07-10,546.9806518554688,497.2219543457031,83.96269226074219,219.3600006103516,67.94951629638672
2024-07-11,542.2642822265625,486.3177185058594,84.77839660644531,223.25,68.19500732421875
2024-07-12,545.6846313476562,489.1748352050781,85.14093017578125,223.1100006103516,68.37035369873047
2024-07-15,547.185302734375,490.4895629882813,84.16210174560547,223.8300018310547,68.37911224365234
2024-07-16,550.4302368164062,490.6774597167969,85.3493881225586,228.2899932861328,68.64216613769531
2024-07-17,542.7125244140625,476.2736511230469,85.3675308227539,227.22999572753903,68.56322479248047
2024-07-18,538.5419311523438,474.0196838378906,84.7149658203125,225.77999877929688,68.42295837402344
2024-07-19,534.9655151367188,469.8181457519531,84.21646881103516,221.72999572753903,68.37035369873047
2024-07-22,540.4810791015625,476.8173522949219,83.97175598144531,221.8000030517578,68.6246109008789
2024-07-23,539.6333618164062,475.13677978515625,83.85394287109375,222.5800018310547,68.63339233398438
2024-07-24,527.4038696289062,458.0934753417969,82.9476089477539,221.8000030517578,68.41419982910156
2024-07-25,524.6558837890625,453.0418090820313,83.6273422241211,218.3300018310547,68.42295837402344
2024-07-26,530.5318603515625,457.6881713867188,84.2799072265625,220.6300048828125,68.64216613769531
2024-07-29,530.84375,458.6075744628906,84.73307037353516,220.32000732421875,68.5807876586914
2024-07-30,528.1541137695312,452.3102111816406,85.0593490600586,222.5200042724609,68.61583709716797
2024-07-31,536.7391967773438,465.69573974609375,85.92942810058594,226.5500030517578,68.8613510131836
2024-08-01,529.138427734375,454.4158935546875,86.67057037353516,225.7700042724609,68.71062469482422
2024-08-02,519.2866821289062,443.6303405761719,89.37133026123047,225.33999633789065,68.48149871826172
2024-08-05,504.1631774902344,430.4030456542969,89.84420776367188,222.47999572753903,68.05844116210938
2024-08-06,508.8113708496094,434.5155334472656,87.83454132080078,220.6999969482422,68.31401824951172
2024-08-07,505.4104309082031,429.8098449707031,87.2161865234375,220.5500030517578,68.44621276855469
2024-08-08,517.09423828125,442.9581604003906,86.67964172363281,224.00999450683597,68.72825622558594
2024-08-09,519.3743286132812,445.2715148925781,87.5344467163086,224.55999755859372,68.71945190429688
2024-08-12,519.6473388671875,446.2303771972656,87.85272979736328,228.41000366210935,68.7635269165039
2024-08-13,528.193115234375,457.3025512695313,88.46199035644531,228.05999755859372,69.0807876586914
2024-08-14,529.8595581054688,457.4508972167969,89.01668548583984,226.1999969482422,69.20416259765625
2024-08-15,538.9414672851562,469.0075378417969,88.29829406738281,226.91000366210935,69.26588439941406
2024-08-16,540.1497802734375,469.610595703125,88.60747528076172,231.9900054931641,69.4862060546875
2024-08-19,545.3143920898438,475.77935791015625,89.01668548583984,231.6100006103516,69.6008071899414
2024-08-20,544.4276733398438,474.7809448242188,89.72599792480469,232.4600067138672,69.53910827636719
2024-08-21,546.2985229492188,476.9953308105469,89.78054809570312,232.1499938964844,69.69775390625
2024-08-22,542.0109252929688,469.43255615234375,88.8893814086914,229.3699951171875,69.60962677001953
2024-08-23,547.7699584960938,474.5238342285156,89.47138214111328,232.0200042724609,69.97979736328125
2024-08-26,546.4642333984375,469.9170227050781,89.2440185546875,232.75999450683597,69.83875274658203
2024-08-27,547.2145385742188,471.3208312988281,89.08943939208984,233.38999938964844,69.88282775878906
2024-08-28,544.0379028320312,465.97259521484375,88.98031616210938,231.75,69.84757232666016
2024-08-29,544.0865478515625,465.2904357910156,88.6893310546875,232.9499969482422,69.91809844970703
2024-08-30,549.2803344726562,470.8364562988281,87.74359893798828,231.2899932861328,69.92688751220703
2024-09-03,537.9767456054688,456.5413818359375,89.17866516113281,230.2899932861328,69.6789321899414
2024-09-04,536.87548828125,455.3550720214844,90.32817840576172,230.42999267578125,69.93575286865234
2024-09-05,535.5697021484375,455.7801513671875,90.83910369873048,232.3500061035156,70.17485809326172
2024-09-06,526.5562133789062,443.571044921875,90.82994842529295,230.6300048828125,70.08631896972656
2024-09-09,532.4515991210938,449.2752380371094,91.22224426269533,231.6000061035156,70.25459289550781
2024-09-10,534.7708129882812,453.4273376464844,91.8608627319336,232.6199951171875,70.1217269897461
2024-09-11,540.2569580078125,463.273681640625,91.78790283203124,232.25,70.22801971435547
2024-09-12,544.8076782226562,467.82122802734375,91.3590850830078,236.3300018310547,70.3254165649414
2024-09-13,547.6530151367188,469.9170227050781,91.60543060302734,238.67999267578125,70.52024841308594
2024-09-16,548.4617919921875,467.8409729003906,92.44475555419922,238.66000366210935,70.69738006591797
2024-09-17,548.6859741210938,468.088134765625,91.99771881103516,237.33999633789065,70.71509552001953
2024-09-18,547.0587158203125,466.0614929199219,90.85729217529295,235.50999450683597,70.77709197998047
2024-09-19,556.3939819335938,477.8455505371094,90.55626678466795,239.1699981689453,70.9896240234375
2024-09-20,555.4320678710938,476.93603515625,90.20957946777344,242.2100067138672,71.07817077636719
2024-09-23,556.820068359375,478.2002258300781,90.01799011230469,242.67999267578125,70.94536590576172
2024-09-24,558.4132690429688,480.5068664550781,89.99974060058594,246.07000732421875,70.9542007446289
2024-09-25,557.1817016601562,480.9523620605469,89.25165557861328,245.72999572753903,70.87449645996094
2024-09-26,559.3906860351562,484.5657958984375,89.46147918701172,246.97999572753903,70.9896240234375
2024-09-27,558.5794677734375,481.8730773925781,89.92676544189453,245.0200042724609,71.16673278808594
2024-09-30,560.81787109375,483.1798095703125,89.49797821044922,243.05999755859372,71.11360931396484
2024-10-01,555.793701171875,476.4479370117188,90.1441421508789,245.6100006103516,71.0780029296875
2024-10-02,556.0282592773438,477.12115478515625,89.38449096679688,245.66000366210935,71.08692169189453
2024-10-03,555.0117797851562,476.7648010253906,88.54244232177734,245.4900054931641,70.9178237915039
2024-10-04,560.0553588867188,482.4373474121094,87.45327758789062,245.0,70.83770751953125
2024-10-07,554.9922485351562,477.2696533203125,86.79429626464844,244.1699981689453,70.53514862060547
2024-10-08,560.2411499023438,484.3974914550781,86.94075775146484,242.3699951171875,70.70423126220703
2024-10-09,564.1215209960938,488.20892333984375,86.44648742675781,241.0500030517578,70.65974426269531
2024-10-10,563.1343383789062,487.654541015625,86.10785675048828,242.82000732421875,70.6241455078125
2024-10-11,566.5064697265625,488.4168395996094,85.76006317138672,245.47000122070312,70.81102752685547
2024-10-14,571.1395874023438,492.5153503417969,85.82411193847656,245.07000732421875,70.84662628173828
2024-10-15,566.7020263671875,485.9319763183594,86.86752319335938,245.9199981689453,70.82881927490234
2024-10-16,569.1652221679688,485.9913635253906,87.2336196899414,247.1499938964844,70.95342254638672
2024-10-17,569.2140502929688,486.3279724121094,85.8515853881836,248.6300048828125,70.84662628173828
2024-10-18,571.403564453125,489.5157165527344,85.9156494140625,251.2700042724609,71.0157241821289
2024-10-21,570.4652709960938,490.4561767578125,84.41461181640625,251.22000122070312,70.7309341430664
2024-10-22,570.162109375,490.9907531738281,84.49698638916016,253.92999267578125,70.63304901123047
2024-10-23,564.952392578125,483.4668884277344,84.26817321777344,250.8699951171875,70.41947174072266
2024-10-24,566.1741943359375,487.3872375488281,84.80818939208984,252.8000030517578,70.6241455078125
2024-10-25,565.9786376953125,490.3572082519531,84.33223724365234,253.32000732421875,70.55294799804688
2024-10-28,567.7283325195312,490.4363403320313,84.10343170166016,253.3300018310547,70.7309341430664
2024-10-29,568.647216796875,495.148681640625,84.2315673828125,256.0899963378906,70.74873352050781
2024-10-30,566.9268188476562,491.4065856933594,84.47869110107422,257.5,70.6241455078125
2024-10-31,555.8132934570312,479.0021057128906,84.61597442626953,253.50999450683597,70.42837524414062
2024-11-01,558.1591186523438,482.5462341308594,83.42301940917969,252.47000122070312,70.43282318115234
2024-11-04,556.9569091796875,481.1405029296875,84.7178955078125,252.8300018310547,70.62960815429688
2024-11-05,563.6914672851562,487.2783508300781,85.16790008544922,253.3999938964844,70.82635498046875
2024-11-06,577.7080688476562,500.514404296875,82.8353042602539,245.6999969482422,70.95159149169922
2024-11-07,582.1749267578125,508.3946228027344,83.87303924560547,249.6499938964844,71.25568389892578
2024-11-08,584.6967163085938,508.98870849609375,84.93832397460938,247.9600067138672,71.37195587158203
2024-11-11,585.2539672851562,508.691650390625,84.52505493164062,242.13999938964844,71.29144287109375
2024-11-12,583.4358520507812,507.7708435058594,83.25773620605469,240.0500030517578,71.00523376464844
2024-11-13,583.71923828125,507.1175231933594,82.46795654296875,237.6300048828125,71.02313232421875
2024-11-14,579.9658813476562,503.59320068359375,82.94549560546875,237.00999450683597,70.8710708618164
2024-11-15,572.537353515625,491.5946350097656,82.72508239746094,236.58999633789065,70.86214447021484
2024-11-18,574.8832397460938,495.0101318359375,82.87201690673828,241.08999633789065,70.99630737304688
2024-11-19,576.9847412109375,498.4156494140625,83.29447174072266,243.25,71.10362243652344
2024-11-20,577.18017578125,498.1285400390625,83.02814483642578,244.6199951171875,71.08573913574219
2024-11-21,580.2786865234375,499.9203796386719,82.96385192871094,246.66000366210935,71.1125717163086
2024-11-22,582.0771484375,500.7222900390625,83.00977325439453,249.83999633789065,71.09468078613281
2024-11-25,584.0516357421875,501.5142822265625,85.1587142944336,242.47999572753903,71.3630142211914
2024-11-26,587.101318359375,504.20703125,84.82811737060547,242.9499969482422,71.22882843017578
2024-11-27,585.3223266601562,500.2372131347656,85.41586303710938,243.4900054931641,71.4435043334961
2024-11-29,588.9584350585938,504.6326904296875,86.29747772216797,245.58999633789065,71.58659362792969
2024-12-02,590.0139770507812,510.1270751953125,86.50484466552734,243.44000244140625,71.56055450439453
2024-12-03,590.2877197265625,511.6912536621094,85.75836181640625,243.92999267578125,71.56055450439453
2024-12-04,593.953125,518.0172729492188,86.67991638183594,244.6699981689453,71.73124694824219
2024-12-05,592.9757080078125,516.581787109375,86.85499572753906,242.8600006103516,71.66834259033203
2024-12-06,594.0997314453125,521.2050170898438,86.98401641845703,242.9499969482422,71.78516387939453
2024-12-09,591.0403442382812,517.1460571289062,86.18229675292969,245.3600006103516,71.6953125
2024-12-10,589.2027587890625,515.3839111328125,85.77680969238281,248.58999633789065,71.73124694824219
2024-12-11,593.7576293945312,524.6105346679688,84.96585083007812,250.9600067138672,71.74920654296875
2024-12-12,590.6982421875,521.2247314453125,83.9337387084961,247.27999877929688,71.55155944824219
2024-12-13,590.5810546875,525.2144165039062,83.07669830322266,244.2899932861328,71.34490966796875
2024-12-16,593.1027221679688,532.7778930664062,83.32550048828125,244.8800048828125,71.47966003417969
2024-12-17,590.6591796875,530.4315185546875,83.52824401855469,243.94000244140625,71.32693481445312
2024-12-18,573.0554809570312,511.2951965332031,82.4837875366211,239.25999450683597,70.59454345703125
2024-12-19,572.8794555664062,509.018310546875,81.23487854003906,239.6000061035156,70.52230072021484
2024-12-20,579.76025390625,513.4632568359375,81.69744110107422,242.1000061035156,70.96479797363281
2024-12-23,583.2321166992188,518.4658813476562,80.94808959960938,240.9600067138672,70.7751693725586
2024-12-24,589.7147216796875,525.4962768554688,81.2904052734375,241.44000244140625,71.00093841552734
2024-12-26,589.7539672851562,525.1390380859375,81.2441177368164,243.07000732421875,71.18155670166016
2024-12-27,583.5458374023438,518.158447265625,80.57804870605469,241.3999938964844,70.93772888183594
2024-12-30,576.88671875,511.26702880859375,81.22561645507812,240.6300048828125,71.03707885742188
2024-12-31,574.7879638671875,506.9239196777344,80.79080963134766,242.1300048828125,71.02803802490234
2025-01-02,573.375732421875,505.9323120117188,81.01285552978516,245.4199981689453,71.19959259033203
2025-01-03,580.544921875,514.2119750976562,80.7538070678711,243.4900054931641,71.30799102783203
2025-01-06,583.88916015625,520.1217651367188,80.39301300048828,243.19000244140625,71.4344253540039
2025-01-07,577.2889404296875,510.840576171875,79.48638916015625,244.55999755859372,71.19959259033203
2025-01-08,578.13232421875,510.9298706054688,79.58815002441406,245.8600006103516,71.28990936279297
2025-01-10,569.3056030273438,502.91790771484375,79.06083679199219,248.2100067138672,70.91966247558594
2025-01-13,570.1883544921875,501.3016357421875,79.03308868408203,245.7400054931641,70.90160369873047
2025-01-14,570.9728393554688,500.82568359375,78.903564453125,247.02999877929688,70.99189758300781
2025-01-15,581.3589477539062,512.3478393554688,80.26348876953125,248.8800048828125,71.61504364013672
2025-01-16,580.2409057617188,508.7583312988281,80.52252960205078,250.6000061035156,71.69629669189453
2025-01-17,586.0664672851562,517.3453979492188,80.66129302978516,249.2700042724609,71.7595443725586
2025-01-21,591.4309692382812,520.3795776367188,81.38288116455078,253.1300048828125,71.94917297363281
2025-01-22,594.7557373046875,527.0330200195312,80.95733642578125,254.42999267578125,71.84982299804688
2025-01-23,598.001953125,528.1536254882812,80.32826232910156,254.07000732421875,71.94013977050781
2025-01-24,596.2561645507812,525.1689453125,80.68905639648438,255.6499938964844,72.02140808105469
2025-01-27,587.8218994140625,509.8787841796875,81.64192962646484,252.9900054931641,72.07559967041016
2025-01-28,592.8726806640625,517.414794921875,81.58642578125,255.17999267578125,72.04850006103516
2025-01-29,590.21484375,516.4429931640625,81.41990661621094,254.1999969482422,72.00336456298828
2025-01-30,593.382568359375,518.6443481445312,81.72520446777344,258.04998779296875,72.13880920410156
2025-01-31,590.2247314453125,517.8907470703125,81.18861389160156,258.5599975585937,71.99433898925781
2025-02-03,586.2527465820312,513.7459106445312,81.84966278076172,259.94000244140625,71.90363311767578
2025-02-04,590.1854858398438,520.0523071289062,82.10033416748047,262.5,72.13040161132812
2025-02-05,592.5784912109375,522.4122314453125,83.45582580566406,264.1300048828125,72.32093048095703
2025-02-06,594.6380004882812,525.1390380859375,83.4186782836914,263.42999267578125,72.21205139160156
2025-02-07,589.1949462890625,518.5154418945312,82.88021087646484,263.8999938964844,71.98526000976562
2025-02-10,593.1962890625,524.7921142578125,82.62952423095703,268.3699951171875,72.13040161132812
2025-02-11,593.6473999023438,523.542724609375,82.10033416748047,267.3900146484375,72.10319519042969
2025-02-12,591.7350463867188,523.85009765625,80.98622131347656,267.6700134277344,71.948974609375
2025-02-13,597.9822998046875,531.3860473632812,82.33242797851562,270.3099975585937,72.27555847167969
2025-02-14,597.9528198242188,533.6171264648438,82.768798828125,266.2900085449219,72.3572006225586
2025-02-18,599.7083740234375,534.8268432617188,81.79395294189453,270.70001220703125,72.29369354248047
2025-02-19,601.1206665039062,534.9755859375,81.89608001708984,270.8500061035156,72.3481216430664
2025-02-20,598.6198120117188,532.7048950195312,82.20246124267578,270.989990234375,72.39350128173828
2025-02-21,588.3809814453125,521.6488037109375,83.19586944580078,270.739990234375,72.25743103027344
2025-02-24,585.7034912109375,515.4911499023438,83.43726348876953,272.2099914550781,72.3481216430664
2025-02-25,582.790771484375,508.9962463378906,84.8763198852539,268.6199951171875,72.52957153320312
2025-02-26,583.0848999023438,510.2257385253906,85.37767028808594,269.0299987792969,72.62935638427734
2025-02-27,573.7777099609375,496.0561828613281,84.77417755126953,264.92999267578125,72.49329376220703
2025-02-28,582.73193359375,503.8896789550781,85.81401062011719,263.2699890136719,72.69285583496094
2025-03-03,572.5224609375,492.86328125,86.21450805664062,266.739990234375,72.54156494140625
2025-03-04,565.74560546875,491.3759460449219,85.15274810791016,269.0599975585937,72.5324478149414
2025-03-05,571.8262329101562,497.7815551757813,84.47288513183594,269.6199951171875,72.56890106201172
2025-03-06,561.6755981445312,484.087890625,84.19347381591797,268.25,72.29547882080078
2025-03-07,564.8237915039062,487.6476135253906,83.92339324951172,268.3900146484375,72.41395568847656
2025-03-10,549.779296875,468.7481994628906,84.79885864257812,266.0400085449219,72.14053344726562
2025-03-11,545.208984375,467.6276550292969,84.19347381591797,269.1600036621094,71.88532257080078
2025-03-12,548.1022338867188,472.9028930664063,83.69055938720703,270.3299865722656,71.96736145019531
2025-03-13,540.7957763671875,464.3951416015625,84.42632293701172,275.1300048828125,71.56631469726562
2025-03-14,551.96630859375,475.6198120117188,83.97927856445312,275.239990234375,71.89444732666016
2025-03-17,556.2227172851562,478.7035827636719,84.39838409423828,276.7300109863281,72.0676040649414
2025-03-18,550.2108764648438,470.5429382324219,84.48220825195312,279.9599914550781,71.94001770019531
2025-03-19,556.2030639648438,476.8394775390625,84.91992950439453,281.1099853515625,72.41395568847656
2025-03-20,554.5946655273438,475.2231750488281,84.97581481933594,280.75,72.31370544433594
2025-03-21,554.7776489257812,476.7898559570313,84.47288513183594,278.489990234375,72.20433807373047
2025-03-24,564.712890625,487.2527160644531,83.60672760009766,277.25,72.41395568847656
2025-03-25,566.0703125,490.033203125,83.59742736816406,278.4700012207031,72.3775405883789
2025-03-26,559.3124389648438,481.0163269042969,83.04792022705078,278.239990234375,72.0858383178711
2025-03-27,557.8270874023438,478.27545166015625,82.8057861328125,281.9700012207031,71.94914245605469
2025-03-28,546.5933837890625,465.68353271484375,83.95133972167969,284.0599975585937,71.821533203125
2025-03-31,550.2625732421875,465.6636657714844,84.78021240234375,288.1400146484375,71.90357971191406
2025-04-01,551.8168334960938,469.41741943359375,85.51490020751953,287.57000732421875,72.07024383544922
2025-04-02,555.308837890625,472.8434753417969,85.45883178710938,288.1600036621094,72.2167739868164
2025-04-03,527.9428100585938,447.5304565429688,85.85137176513672,286.4200134277344,71.3192138671875
2025-04-04,497.0354309082031,419.73480224609375,86.78606414794922,279.7200012207031,70.30261993408203
2025-04-07,496.150146484375,420.7477416992188,84.16893768310547,273.7099914550781,69.69811248779297
2025-04-08,488.3789978027344,413.1707153320313,82.57996368408203,275.20001220703125,69.37757110595703
2025-04-09,539.6682739257812,462.763916015625,83.06600952148438,285.3800048828125,71.23680877685547
2025-04-10,516.0205078125,443.08154296875,80.7760009765625,292.3500061035156,70.07364654541016
2025-04-11,525.227783203125,451.2444763183594,81.2153091430664,297.92999267578125,70.28429412841797
2025-04-14,530.3233032226562,454.3031005859375,81.79483795166016,296.2300109863281,70.63232421875
2025-04-15,528.837890625,454.8095703125,82.0845718383789,297.7799987792969,70.82466125488281
2025-04-16,517.0828247070312,441.0954284667969,82.54256439208984,307.4700012207031,70.81549072265625
2025-04-17,517.8206787109375,441.0159912109375,81.81352233886719,306.1199951171875,71.2276382446289
2025-04-21,505.4951171875,430.1023254394531,80.38343811035156,315.5899963378906,70.80634307861328
2025-04-22,518.64697265625,441.3933715820313,80.83209228515625,311.1099853515625,71.08110046386719
2025-04-23,526.6836547851562,451.40338134765625,81.61723327636719,303.6499938964844,71.43828582763672
2025-04-24,537.7698364257812,464.1045837402344,82.4771499633789,308.07000732421875,72.07939910888672
2025-04-25,541.6552734375,469.27838134765625,83.0846939086914,304.7300109863281,72.14349365234375
2025-04-28,541.86181640625,469.1294250488281,83.60812377929688,309.07000732421875,72.18014526367188
2025-04-29,545.2753295898438,472.2277526855469,84.30913543701172,306.0599975585937,72.37248229980469
2025-04-30,545.4916381835938,472.1681518554688,83.6268081665039,303.7699890136719,71.9878158569336
2025-05-01,549.3574829101562,478.33502197265625,83.20278930664062,297.4599914550781,72.08079528808594
2025-05-02,557.5122680664062,485.4353637695313,82.30218505859375,297.9800109863281,72.30171966552734
2025-05-05,554.3152465820312,482.5555114746094,81.84249114990234,306.8800048828125,72.27413177490234
2025-05-06,549.68212890625,478.0669250488281,82.11455535888672,315.4800109863281,72.21888732910156
2025-05-07,551.9938354492188,479.94378662109375,82.46165466308594,310.75,72.28330993652344
2025-05-08,555.8399658203125,484.8991394042969,81.54228973388672,304.6300048828125,72.2649154663086
2025-05-09,555.1318359375,484.5813903808594,81.66425323486328,306.8399963378906,72.31092834472656
2025-05-12,573.4775390625,504.3233337402344,80.90438079833984,298.19000244140625,73.02899169921875
2025-05-13,577.2647094726562,512.0095825195312,80.5760269165039,299.4599914550781,73.15786743164062
2025-05-14,578.0025024414062,515.0780639648438,80.04129028320312,293.1600036621094,72.89088439941406
2025-05-15,580.8255615234375,515.6441650390625,80.7448959350586,297.8399963378906,73.02899169921875
2025-05-16,584.5045776367188,517.8884887695312,80.9606704711914,294.239990234375,73.1118392944336
2025-05-19,585.1439208984375,518.3849487304688,80.7260971069336,298.0299987792969,73.07501220703125
2025-05-20,583.1765747070312,516.6571044921875,80.14449310302734,303.5799865722656,73.0381851196289
2025-05-21,573.3494873046875,509.4772644042969,78.77481079101562,305.82000732421875,72.55029296875
2025-05-22,573.5758666992188,510.4306335449219,79.18759155273438,303.1099853515625,72.69757843017578
2025-05-23,569.6607666015625,505.7036437988281,79.31893157958984,309.75,72.67916107177734
2025-05-27,581.5043334960938,517.6004638671875,80.42594146728516,304.5,73.12104797363281
2025-05-28,578.1400756835938,515.3064575195312,80.07881164550781,303.8099975585937,73.07501220703125
2025-05-29,580.4222412109375,516.3193969726562,80.8199462890625,305.6099853515625,73.18547821044922
2025-05-30,579.7731323242188,515.5050659179688,80.9418716430664,303.6000061035156,73.24992370605469
2025-06-02,583.0388793945312,519.5767211914062,80.1885986328125,311.6700134277344,73.23696899414062
2025-06-03,586.3637084960938,523.6382446289062,80.04735565185547,308.9100036621094,73.37572479248047
2025-06-04,586.206298828125,525.0980224609375,81.34679412841797,310.8999938964844,73.51445770263672
2025-06-05,583.373291015625,521.1456298828125,81.40328979492188,309.3299865722656,73.3572006225586
2025-06-06,589.3638916015625,526.2400512695312,80.36750030517578,305.17999267578125,73.34797668457031
2025-06-09,589.8951416015625,527.0147094726562,80.45225524902344,306.6199951171875,73.38494873046875
2025-06-10,593.2396850585938,530.5003051757812,80.86656951904297,306.7099914550781,73.56070709228516
2025-06-11,591.5477294921875,528.7127075195312,81.11138153076172,308.3699951171875,73.54219818115234
2025-06-12,593.8987426757812,529.9541625976562,82.08126068115234,312.20001220703125,73.62544250488281
2025-06-13,587.2589111328125,523.3005981445312,81.2903060913086,316.2900085449219,73.4034652709961
2025-06-16,592.84619140625,530.5797119140625,80.47107696533203,311.7799987792969,73.55145263671875
2025-06-17,587.7802734375,525.4058837890625,81.45037078857422,311.94000244140625,73.46821594238281
2025-06-18,587.6917114257812,525.3165283203125,81.59160614013672,310.260009765625,73.5792007446289
2025-06-20,586.3115234375,523.1715087890625,81.44093322753906,310.1300048828125,73.81044006347656
2025-06-23,592.1027221679688,528.551025390625,81.70460510253906,311.0799865722656,73.94917297363281
2025-06-24,598.6438598632812,536.633544921875,82.2978286743164,306.19000244140625,74.15266418457031
2025-06-25,598.9791870117188,538.0054931640625,82.40141296386719,307.1199951171875,74.13416290283203
2025-06-26,603.66552734375,543.0360717773438,82.81570434570312,306.7799987792969,74.34689331054688
2025-06-27,606.664794921875,544.8950805664062,82.28842163085938,301.2200012207031,74.30989837646484
2025-06-30,609.5653076171875,548.4244384765625,83.09819793701172,304.8299865722656,74.5966567993164
2025-07-01,609.3680419921875,543.801513671875,83.30424499511719,307.54998779296875,74.50276947021484
2025-07-02,612.1305541992188,547.5892333984375,82.77497100830078,309.25,74.64217376708984
2025-07-03,616.9550170898438,552.977783203125,82.19843292236328,307.1400146484375,74.68862915039062
2025-07-07,612.3574829101562,548.8121948242188,81.41397094726562,307.3699951171875,74.43771362304688
2025-07-08,612.0220336914062,549.1204223632812,81.31002044677734,304.1600036621094,74.33548736572266
2025-07-09,615.692138671875,553.007568359375,82.16062927246094,305.5199890136719,74.53995513916016
2025-07-10,617.4285278320312,552.2122192382812,82.21733093261719,306.20001220703125,74.46560668945312
2025-07-11,615.258056640625,550.969482421875,81.08316040039062,309.1400146484375,74.3726577758789
2025-07-14,616.4320678710938,552.9678344726562,80.91305541992188,308.010009765625,74.4284439086914
2025-07-15,613.7978515625,553.4747314453125,80.3459701538086,306.7300109863281,74.20539093017578
2025-07-16,615.8499145507812,554.0415649414062,80.45938110351562,308.260009765625,74.40055084228516
2025-07-17,619.6187133789062,558.5252685546875,80.44049072265625,307.5899963378906,74.47489166259766
2025-07-18,619.1649169921875,557.9884643554688,80.56333923339844,308.3900146484375,74.57713317871094
2025-07-21,620.3389892578125,560.8814697265625,81.28166198730469,313.1300048828125,74.6793441772461
2025-07-22,620.4277954101562,557.9784545898438,81.77310943603516,316.1000061035156,74.8094482421875
2025-07-23,625.7059936523438,560.5234985351562,81.31946563720703,312.17999267578125,74.84660339355469
2025-07-24,625.9132080078125,561.7164916992188,81.17768859863281,310.2699890136719,74.75370025634766
2025-07-25,628.5572509765625,563.0685424804688,81.68807220458984,307.3999938964844,74.8001480102539
2025-07-28,628.3994750976562,564.8283081054688,81.15880584716797,305.4100036621094,74.76299285888672
2025-07-29,626.7420043945312,563.9534301757812,82.52922058105469,306.25,74.8094482421875
2025-07-30,625.9526977539062,564.708984375,82.10392761230469,300.9599914550781,74.6514663696289
2025-07-31,623.6046142578125,561.7164916992188,82.15117645263672,302.9599914550781,74.69792938232422
2025-08-01,613.3834228515625,550.6514282226562,83.31908416748047,309.1099853515625,74.70166778564453
2025-08-04,622.706787109375,560.811767578125,83.54678344726562,310.9100036621094,74.95384979248047
2025-08-05,619.5496826171875,557.004150390625,83.8029556274414,311.1600036621094,74.91648864746094
2025-08-06,624.2952270507812,564.0130615234375,83.31908416748047,310.5,74.99122619628906
2025-08-07,623.7722778320312,565.921875,83.17676544189453,313.1199951171875,74.91648864746094
2025-08-08,628.63623046875,571.2008666992188,82.81624603271484,313.04998779296875,74.92584991455078
2025-08-11,627.3931274414062,569.5108032226562,82.91114807128906,308.54998779296875,74.92584991455078
2025-08-12,634.0723266601562,576.6688232421875,82.49368286132812,308.2699890136719,75.09394836425781
2025-08-13,636.2428588867188,576.9570922851562,83.17676544189453,309.2099914550781,75.29009246826172
2025-08-14,636.302001953125,576.509765625,82.5600814819336,307.25,75.09394836425781
2025-08-15,634.8123779296875,573.9746704101562,81.97187805175781,307.42999267578125,75.14997863769531
2025-08-18,634.6741333007812,573.7459716796875,81.73468017578125,306.95001220703125,75.09394836425781
2025-08-19,631.2308959960938,565.9616088867188,82.20906066894531,305.2699890136719,75.07527923583984
2025-08-20,629.5537719726562,562.601318359375,82.3893051147461,308.3599853515625,75.04724884033203
2025-08-21,627.028076171875,559.9966430664062,81.9813461303711,307.2900085449219,74.90714263916016
2025-08-22,636.6572265625,568.635986328125,82.58853912353516,310.5799865722656,75.51424407958984
2025-08-25,633.8552856445312,566.9955444335938,82.35137176513672,309.8299865722656,75.36479949951172
2025-08-26,636.5091552734375,569.2721557617188,82.3039321899414,312.0799865722656,75.5329360961914
2025-08-27,637.95947265625,570.1470947265625,82.20906066894531,312.7099914550781,75.62635040283203
2025-08-28,640.21875,573.7161865234375,82.74982452392578,315.0299987792969,75.6636962890625
2025-08-29,636.4005737304688,567.0751342773438,82.16160583496094,318.07000732421875,75.5235824584961
2025-09-02,631.684814453125,562.322998046875,81.5501937866211,325.5899963378906,75.44196319580078
2025-09-03,635.108154296875,566.7470703125,82.4454116821289,328.1400146484375,75.64839935302734
2025-09-04,640.4161376953125,571.876953125,83.07398223876953,326.69000244140625,75.8548583984375
2025-09-05,638.5612182617188,572.7020874023438,84.34061431884766,331.04998779296875,75.89240264892578
2025-09-08,640.1300048828125,575.4957885742188,85.46438598632812,334.82000732421875,75.89240264892578
2025-09-09,641.6099243164062,577.1261596679688,84.97868347167969,334.0599975585937,75.80794525146484
2025-09-10,643.4646606445312,577.3150634765625,85.46438598632812,335.260009765625,75.8642349243164
2025-09-11,648.8119506835938,580.6753540039062,86.0357894897461,334.760009765625,76.05194091796875
2025-09-12,648.5949096679688,583.2402954101562,85.66436767578125,335.4200134277344,75.97686767578125
2025-09-15,652.0480346679688,588.2310791015625,85.86436462402344,338.9100036621094,76.19269561767578
2025-09-16,651.1502075195312,587.7340087890625,86.0453109741211,339.5899963378906,76.13639831542969
2025-09-17,650.3411865234375,586.5608520507812,85.82627868652344,336.9700012207031,76.06133270263672
2025-09-18,653.3798828125,591.8499145507812,84.94058990478516,335.6199951171875,76.2302474975586
2025-09-19,656.6160278320312,595.8563232421875,84.77867889404297,339.17999267578125,76.2583999633789
2025-09-22,659.7225341796875,599.3837890625,84.47393798828125,345.04998779296875,76.31471252441406
2025-09-23,656.1312866210938,595.4025268554688,85.06438446044922,346.4599914550781,76.2583999633789
2025-09-24,654.043701171875,593.3123779296875,84.74060821533203,343.32000732421875,76.1551513671875
2025-09-25,651.0263061523438,590.7544555664062,84.74060821533203,344.75,75.93932342529297
2025-09-26,654.756103515625,593.182861328125,84.66439819335938,346.739990234375,76.08946990966797
2025-09-29,656.5962524414062,595.929931640625,85.359619140625,352.4599914550781,76.22086334228516
2025-09-30,659.0694580078125,597.5623779296875,85.11199951171875,355.4700012207031,76.19269561767578
2025-10-01,661.3153686523438,600.4288330078125,85.33181762695312,356.0299987792969,76.33506774902344
2025-10-02,662.0769653320312,602.897216796875,85.58029174804688,354.7900085449219,76.30679321289062
2025-10-03,662.0671997070312,600.3592529296875,85.41781616210938,357.6400146484375,76.221923828125
2025-10-06,664.4415893554688,604.8680419921875,84.73929595947266,364.3800048828125,76.24080657958984
2025-10-07,661.9780883789062,601.6829833984375,85.22669982910156,366.260009765625,76.15593719482422
2025-10-08,665.925537109375,608.5805053710938,85.29358673095703,372.2999877929688,76.04278564453125
2025-10-09,663.9963989257812,607.8441162109375,85.22669982910156,365.4299926757813,75.82592010498047
2025-10-10,646.0499877929688,586.7431640625,86.60285186767578,369.1199951171875,75.38276672363281
2025-10-13,655.9630126953125,599.1947021484375,86.5550765991211,378.0899963378906,75.85420989990234
2025-10-14,655.1616821289062,595.203369140625,86.83222198486328,380.7900085449219,75.9390640258789
2025-10-15,658.0703125,599.4036254882812,86.6410903930664,387.3900146484375,76.18423461914062
2025-10-16,653.5886840820312,597.18408203125,87.29093933105469,396.4500122070313,75.91078186035156
2025-10-17,657.2986450195312,601.1056518554688,87.15715026855469,388.989990234375,76.1087875366211
2025-10-20,664.1348266601562,608.6800537109375,87.49163055419922,403.1499938964844,76.2596435546875
2025-10-21,664.1249389648438,608.5208740234375,87.92168426513672,377.239990234375,76.14652252197266
2025-10-22,660.6721801757812,602.6583862304688,87.97901916503906,377.2799987792969,76.0710678100586
2025-10-23,664.5900268554688,607.724609375,87.37694549560547,378.7900085449219,76.24080657958984
2025-10-24,670.0213623046875,614.214111328125,87.41517639160156,377.5199890136719,76.44822692871094
2025-10-27,677.926025390625,625.1527709960938,87.71142578125,367.010009765625,76.63678741455078
2025-10-28,679.7266845703125,629.9601440429688,87.9407958984375,364.3800048828125,76.56136322021484
2025-10-29,680.0531005859375,632.7968139648438,87.05201721191406,363.0,76.32565307617188
2025-10-30,672.5738525390625,623.1221923828125,86.54551696777344,370.1300048828125,76.18423461914062
2025-10-31,674.780029296875,626.1281127929688,86.28748321533203,368.1199951171875,76.18423461914062
2025-11-03,676.04638671875,629.1240844726562,86.07170104980469,368.7799987792969,75.94728088378906
2025-11-04,668.0328369140625,616.35400390625,86.26351165771484,362.3200073242188,75.95677185058594
2025-11-05,670.3478393554688,620.365234375,85.32356262207031,366.510009765625,76.03258514404297
2025-11-06,663.1553955078125,608.8095092773438,86.09088134765625,366.0700073242188,76.06102752685547
2025-11-07,663.8084106445312,606.8884887695312,85.90862274169922,368.30999755859375,76.12735748291016
2025-11-10,674.1666259765625,620.3154296875,85.88945770263672,378.3800048828125,76.38321685791016
2025-11-11,675.7099609375,618.6632690429688,86.2826919555664,379.8699951171875,76.46852111816406
2025-11-12,676.0859375,618.175537109375,86.43616485595703,385.989990234375,76.31688690185547
2025-11-13,664.866943359375,605.5548095703125,85.72640991210938,382.8699951171875,76.004150390625
2025-11-14,664.7581787109375,606.0126953125,85.23725128173828,375.9599914550781,76.02310943603516
2025-11-17,658.5650024414062,600.8369750976562,85.44824981689453,371.6499938964844,75.89990234375
2025-11-18,653.03466796875,593.5213012695312,85.41947174072266,374.3500061035156,75.91886901855469
2025-11-19,655.5574340820312,597.0646362304688,85.24684143066406,374.9599914550781,75.95677185058594
2025-11-20,645.5652465820312,582.93115234375,85.5825424194336,374.8500061035156,75.90939331054688
2025-11-21,651.9959106445312,587.310546875,85.84149932861328,374.2699890136719,76.16525268554688
2025-11-24,661.59228515625,602.3298950195312,86.33063507080078,380.2000122070313,76.37374877929688
2025-11-25,667.815185546875,606.0425415039062,86.55123901367188,380.0799865722656,76.63909912109375
2025-11-26,672.4254150390625,611.3973999023438,86.93489074707031,383.1199951171875,76.71491241455078
2025-11-28,676.0958251953125,616.35400390625,86.52247619628906,387.8800048828125,76.75282287597656
2025-12-01,673.0090942382812,614.2837524414062,85.44537353515625,389.75,76.61477661132812
2025-12-02,674.2556762695312,619.0911865234375,85.48387145996094,387.239990234375,76.7575912475586
2025-12-03,676.5905151367188,620.6041259765625,85.72452545166016,386.8800048828125,76.82422637939453
2025-12-04,677.085205078125,620.0267944335938,85.26248931884766,387.1300048828125,76.8813705444336
2025-12-05,678.3712158203125,622.5548706054688,84.86785125732422,386.4400024414063,76.8813705444336
2025-12-08,676.3333129882812,621.360595703125,84.58869934082031,385.4200134277344,76.69095611572266
2025-12-09,675.74951171875,622.1268920898438,84.67533874511719,387.3999938964844,76.60525512695312
2025-12-10,680.2312622070312,624.6749267578125,85.00260162353516,389.0499877929688,76.86231994628906
2025-12-11,681.8140869140625,622.6544799804688,84.8871078491211,393.239990234375,76.85279846191406
2025-12-12,674.4832153320312,610.7503662109375,84.06892395019531,395.4400024414063,76.7099838256836
2025-12-15,673.4642333984375,607.6846923828125,84.12669372558594,395.7999877929688,76.74806213378906
2025-12-16,671.6240844726562,608.88916015625,84.58869934082031,395.8900146484375,76.79566955566406
2025-12-17,664.2338256835938,597.6021118164062,84.51170349121094,399.2900085449219,76.7004623413086
2025-12-18,669.2495727539062,606.2614135742188,84.91598510742188,398.5700073242188,76.90992736816406
2025-12-19,675.3153686523438,614.164306640625,84.59903717041016,399.0199890136719,76.87261199951172
2025-12-22,679.5225219726562,617.1083374023438,84.41544342041016,408.2300109863281,76.9395751953125
2025-12-23,682.6282348632812,619.9984130859375,84.55071258544922,413.6400146484375,76.9969711303711
2025-12-24,685.0294799804688,621.812255859375,85.0628433227539,411.9299926757813,77.14046478271484
2025-12-26,684.9600219726562,621.7724609375,84.78262329101562,416.739990234375,77.1021957397461
2025-12-29,682.51904296875,618.7626342773438,85.10150146484375,398.6000061035156,77.13088989257812
2025-12-30,681.685546875,617.3275756835938,84.89859008789062,398.8900146484375,77.20742797851562
2025-12-31,676.635009765625,612.2249145507812,84.22218322753906,396.30999755859375,77.13088989257812
2026-01-02,677.8753051757812,611.0389404296875,84.0965576171875,398.2799987792969,77.1691665649414
2026-01-05,682.3900756835938,615.8923950195312,84.51206970214844,408.760009765625,77.37004089355469
2026-01-06,686.4484252929688,621.303955078125,84.338134765625,413.1799926757813,77.3891830444336
2026-01-07,684.2356567382812,621.9020385742188,84.83094024658203,409.2300109863281,77.37004089355469
2026-01-08,684.1661987304688,618.3639526367188,84.40577697753906,411.489990234375,77.42745208740234
2026-01-09,688.69091796875,624.5230712890625,84.96623229980469,414.4700012207031,77.48483276367188
2026-01-12,689.7723999023438,625.041259765625,84.71499633789062,422.2300109863281,77.52310180664062
2026-01-13,688.3931884765625,624.1144409179688,84.85992431640625,421.6300048828125,77.52310180664062
2026-01-14,685.009521484375,617.4471435546875,85.35274505615234,425.9400024414063,77.52310180664062
2026-01-15,686.875,619.6696166992188,85.33341217041016,423.3299865722656,77.52310180664062
2026-01-16,686.299560546875,619.1513671875,84.84060668945312,421.2900085449219,77.57093811035156
2026-01-20,672.3286743164062,605.9961547851562,83.72937774658203,437.2300109863281,77.37004089355469
2026-01-21,680.088134765625,614.1882934570312,84.36711120605469,443.6000061035156,77.5996322631836
2026-01-22,683.6402587890625,618.6530151367188,84.73432159423828,451.7900085449219,77.65702819824219
2026-01-23,683.8883056640625,620.6063842773438,84.96623229980469,458.0,77.61875915527344
2026-01-26,687.3612060546875,623.3370971679688,85.37206268310547,464.7000122070313,77.65702819824219
2026-01-27,690.099853515625,628.9878540039062,84.84060668945312,476.1000061035156,77.64747619628906
2026-01-28,690.0303955078125,631.0706787109375,84.64734649658203,494.55999755859375,77.52310180664062
2026-01-29,688.6610717773438,627.2936401367188,84.66667938232422,495.8999938964844,77.51354217529297
2026-01-30,686.6071166992188,619.7592163085938,84.19317626953125,444.9500122070313,77.5996322631836
2026-02-02,690.0203857421875,624.0147705078125,83.95263671875,427.1300048828125,77.646728515625
2026-02-03,684.18603515625,614.4274291992188,84.15634155273438,454.2900085449219,77.59868621826172
2026-02-04,680.8719482421875,603.6939697265625,83.94292449951172,453.9700012207031,77.50254821777344
2026-02-05,672.3682861328125,595.0036010742188,84.854736328125,441.8800048828125,77.41602325439453
2026-02-06,685.2676391601562,607.5807495117188,84.91292572021484,455.4599914550781,77.6851806640625
2026-02-09,688.5718383789062,612.2349243164062,84.8935317993164,467.0299987792969,77.79093933105469
2026-02-10,686.7559814453125,609.3945922851562,85.87321472167969,462.3999938964844,77.71402740478516
2026-02-11,686.5972290039062,611.0289916992188,85.41731262207031,467.6300048828125,77.70442962646484
2026-02-12,675.9900512695312,598.601318359375,86.55221557617188,451.3900146484375,77.66596221923828
2026-02-13,676.4663696289062,599.876953125,87.02750396728516,462.6199951171875,77.72364044189453
2026-02-17,677.5578002929688,599.259033203125,87.17301177978516,448.2000122070313,77.6851806640625
2026-02-18,680.9711303710938,603.7338256835938,86.84320068359375,458.2799987792969,77.78131866455078
2026-02-19,679.1751098632812,601.4216918945312,86.93051147460938,459.55999755859375,77.8101806640625
2026-02-20,684.0867919921875,606.74365234375,86.72681427001953,468.6199951171875,77.86783599853516
2026-02-23,677.1013793945312,599.36865234375,87.04691314697266,481.2799987792969,77.74287414550781
2026-02-24,682.02294921875,605.8067626953125,87.20211029052734,474.6099853515625,77.6851806640625
2026-02-25,687.7779541015625,614.5868530273438,87.2118148803711,473.4200134277344,77.79093933105469
2026-02-26,683.957763671875,607.1721801757812,87.56098937988281,477.4800109863281,77.72364044189453
2026-02-27,680.6734619140625,605.228759765625,88.09449005126953,483.75,77.59868621826172
2026-03-02,681.0604858398438,606.0260009765625,87.20984649658203,490.0,77.55423736572266
2026-03-03,675.057373046875,599.5381469726562,87.03466033935547,468.1400146484375,77.39967346191406
2026-03-04,679.8201904296875,608.6770629882812,86.76216125488281,471.7999877929688,77.670166015625
2026-03-05,676.0297241210938,606.84326171875,86.41180419921875,466.1300048828125,77.36102294921875
2026-03-06,667.1690063476562,597.7142944335938,86.09063720703125,473.510009765625,76.98426818847656
2026-03-09,673.0133056640625,605.6971435546875,86.84002685546875,472.5299987792969,77.44795989990234
2026-03-10,671.9317016601562,605.7071533203125,85.91545867919922,477.8599853515625,77.32239532470703
2026-03-11,671.08837890625,605.62744140625,84.80599975585938,476.239990234375,77.14850616455078
2026-03-12,660.89794921875,595.2328491210938,84.64055633544922,466.8800048828125,76.65579986572266
2026-03-13,657.1571655273438,591.7047729492188,84.2220687866211,460.8399963378906,76.51090240478516
2026-03-16,663.8449096679688,598.3422241210938,84.8741226196289,460.4299926757813,76.75241088867188
2026-03-17,665.5912475585938,601.2622680664062,85.10769653320312,459.2699890136719,77.10018157958984
2026-03-18,656.3038330078125,592.8807983398438,84.63081359863281,444.739990234375,76.7041244506836
2026-03-19,654.6864624023438,591.0072021484375,85.1466293334961,426.4100036621094,76.95528411865234
2026-03-20,645.3009643554688,580.0844116210938,83.53108978271484,413.3800048828125,76.24040985107422
2026-03-23,652.07666015625,586.7431640625,84.07608795166016,404.0400085449219,76.74276733398438
2026-03-24,649.8877563476562,582.731689453125,83.70626068115234,404.1300048828125,76.48191833496094
2026-03-25,653.5094604492188,586.5635375976562,84.51403045654297,416.2900085449219,76.72343444824219
2026-03-26,641.838623046875,572.5634765625,83.80359649658203,400.6400146484375,76.24040985107422
2026-03-27,630.89404296875,561.37744140625,83.3461685180664,414.7000122070313,76.04719543457031
2026-03-30,628.78466796875,557.0867309570312,84.45564270019531,414.5799865722656,76.13414764404297
2026-03-31,647.0621337890625,575.9462280273438,84.36805725097656,430.2900085449219,76.85868072509766
2026-04-01,651.9373779296875,583.06103515625,84.28500366210938,437.8200073242188,77.04701232910156
2026-04-02,652.5244750976562,583.7295532226562,84.80286407470703,429.4100036621094,77.23143768310547
2026-04-06,655.6087646484375,587.2420654296875,84.66607666015625,427.6499938964844,77.36734008789062
2026-04-07,655.8972778320312,587.3319091796875,84.65630340576172,431.80999755859375,77.38677215576172
2026-04-08,672.6027221679688,604.7944946289062,84.92988586425781,434.5299987792969,77.84300994873047
2026-04-09,676.4830322265625,608.8856811523438,84.71492004394531,437.9100036621094,77.93036651611328
2026-04-10,676.0353393554688,609.7637939453125,84.50972747802734,437.1300048828125,77.61973571777344
2026-04-13,682.6417846679688,616.0703735351562,84.76377868652344,435.3599853515625,77.91094970703125
2026-04-14,690.959716796875,627.2562866210938,85.21324157714844,445.0899963378906,78.14392852783203
2026-04-15,696.412109375,636.0375366210938,84.84194946289062,440.4599914550781,78.1051025390625
2026-04-16,698.1234130859375,639.1009521484375,84.30453491210938,440.0799865722656,77.9983139038086
2026-04-17,706.5607299804688,647.4630126953125,85.07644653320312,445.9299926757813,78.28955078125
2026-04-20,705.1477661132812,645.4074096679688,85.05691528320312,442.0899963378906,78.22159576416016
2026-04-21,700.53125,642.9527587890625,84.58789825439453,429.5700073242188,78.01773071289062
2026-04-22,707.6253051757812,653.7096557617188,84.7540054321289,435.260009765625,78.14392852783203
2026-04-23,704.8792114257812,650.0275268554688,84.568359375,431.0400085449219,78.01773071289062
2026-04-24,710.3414916992188,662.4609375,84.72468566894531,433.25,78.12452697753906
2026-04-27,711.5653686523438,662.8101806640625,84.30453491210938,429.8900146484375,78.15363311767578
2026-04-28,708.1029052734375,656.1444702148438,84.3924789428711,421.9100036621094,78.04685974121094
2026-04-29,707.993408203125,660.1558837890625,83.73782348632812,417.4100036621094,77.78475189208984
2026-04-30,715.0377197265625,666.3126831054688,83.6596450805664,423.6600036621094,78.02743530273438
2026-05-01,717.0177001953125,672.7090454101562,83.95877075195312,423.1799926757813,78.12403869628906
2026-05-04,714.3909912109375,671.4417114257812,83.32129669189453,414.7099914550781,77.87033081054688
2026-05-05,720.1220092773438,680.1530151367188,83.78223419189453,418.2699890136719,77.9874267578125
2026-05-06,730.1312866210938,694.2827758789062,84.41970825195312,430.9599914550781,78.22164154052734
2026-05-07,727.8926391601562,693.4545288085938,83.99798583984375,431.6799926757813,77.92888641357422
2026-05-08,733.9021606445312,709.709716796875,84.41970825195312,433.7699890136719,78.20211029052734
2026-05-11,735.5736694335938,711.7653198242188,83.90972900390625,434.6499938964844,78.04597473144531
2026-05-12,734.4593505859375,705.7282104492188,83.35071563720703,432.9299926757813,77.93864440917969
2026-05-13,738.5685424804688,713.1823120117188,83.16439819335938,430.5,77.97767639160156
2026-05-14,744.3989868164062,718.2514038085938,83.28206634521484,427.2099914550781,77.91912841796875
2026-05-15,735.4443969726562,707.4146118164062,82.04637908935547,417.2900085449219,77.53855895996094
2026-05-18,734.927001953125,704.3711547851562,81.94829559326172,418.4299926757813,77.61663055419922
2026-05-19,730.03173828125,700.030517578125,81.41871643066406,411.5,77.43120574951172
2026-05-20,737.5138549804688,711.6256103515625,82.29155731201172,417.3999938964844,77.92888641357422
2026-05-21,738.9764404296875,712.9827270507812,82.5955810546875,416.989990234375,77.96792602539062
2026-05-22,741.8817749023438,716.0062255859375,83.04669952392578,413.8200073242188,77.97767639160156
2026-05-26,746.8068237304688,728.718994140625,83.45860290527344,414.0,78.24114227294922
2026-05-27,746.6774291992188,727.8907470703125,83.65473937988281,408.489990234375,78.19234466552734
2026-05-28,750.7965698242188,734.0276489257812,84.08625793457031,412.7699890136719,78.2899398803711
2026-05-29,752.6671142578125,736.7318115234375,84.10586547851562,417.1199951171875,78.36799621582031
2026-06-01,754.7166748046875,741.15234375,84.15116119384766,411.260009765625,78.30815887451172
2026-06-02,755.7415771484375,744.5650024414062,84.32838439941406,411.9500122070313,78.36702728271484
2026-06-03,750.4384155273438,742.6192626953125,83.99363708496094,407.8699951171875,78.1512451171875
2026-06-04,753.2740478515625,739.0269165039062,84.18069458007812,411.2699890136719,78.29837036132812
2026-06-05,733.83251953125,703.5528564453125,83.74748229980469,396.239990234375,77.9060287475586
2026-06-08,735.4940795898438,714.5394287109375,83.31428527832031,397.2699890136719,78.0139389038086
2026-06-09,733.3350830078125,706.3170166015625,83.80656433105469,390.7799987792969,78.09239959716797
2026-06-10,721.7736206054688,692.2072143554688,83.57025909423828,374.5799865722656,77.94526672363281
2026-06-11,734.04150390625,715.587158203125,84.6532974243164,386.3200073242188,78.40625762939453
2026-06-12,738.0113525390625,719.7981567382812,84.446533203125,386.5400085449219,78.40625762939453
2026-06-15,751.0254516601562,742.40966796875,84.39730834960938,396.5499877929688,78.50434112548828
2026-06-16,746.5481567382812,728.2998657226562,84.86005401611328,397.6300048828125,78.4945297241211
2026-06-17,737.225341796875,720.9656372070312,84.99789428710938,388.6000061035156,78.20028686523438
2026-06-18,744.8902587890625,739.0369262695312,85.41141510009766,387.1199951171875,78.47490692138672
2026-06-22,742.546142578125,737.1818237304688,84.7615966796875,384.5899963378906,78.40625762939453
2026-06-23,731.7628784179688,712.9071655273438,84.8698959350586,377.3200073242188,78.33760070800781
2026-06-24,731.4237060546875,709.8803100585938,86.03169250488281,365.9200134277344,78.31797790527344
2026-06-25,732.4810791015625,715.63427734375,86.00215911865234,369.4599914550781,78.34739685058594
2026-06-26,727.1842651367188,705.7846069335938,86.01200866699219,373.6300048828125,78.29837036132812
2026-06-29,739.1644897460938,723.3262939453125,86.1006088256836,368.5799865722656,78.47490692138672
2026-06-30,744.9202270507812,735.6334838867188,85.08650207519531,368.3800048828125,78.43567657470703
